[00:00] Crash dump logging enabled: /logs/MotionCapture-0616/dev/linux-gpu/crash_dump.log
[00:00] 
[00:00] [1/5] SYNTAX
[00:00] ----------------------------------------
[00:00] 
[DEBUG] server=None, server_url=None, api=None
[00:00] Found pyproject.toml (modern format)
[00:00] Found requirements.txt (legacy format)
[00:00] Unicode check: OK (all characters cp1252-safe)
[00:00] Forbidden patterns check: OK
[00:00] [SYNTAX] PASSED
[00:00] 
[00:00] [2/5] INSTALL
[00:00] ----------------------------------------
[00:00] 
[DEBUG] server=None, server_url=None, api=None
[00:00] 
Setting up ComfyUI...
[00:00] Creating virtual environment...
[00:00] Running: uv venv /workspaces/MotionCapture-0616/.venv --python 3.11
[00:00] Cloning ComfyUI (latest)...
[00:00] Running: git clone --depth 1 https://github.com/comfyanonymous/ComfyUI.git /workspaces/MotionCapture-0616/ComfyUI
[00:01] Installing ComfyUI requirements...
[00:01] Running: uv pip install --python /workspaces/MotionCapture-0616/.venv/bin/python --index-url https://download.pytorch.org/whl/cu128 --extra-index-url https://pypi.org/simple --index-strategy unsafe-best-match -r /workspaces/MotionCapture-0616/ComfyUI/requirements.txt
[01:18] 
Installing custom node...
[01:18] Copying ComfyUI-MotionCapture to custom_nodes/...
[01:18] Installing node requirements...
[01:18] Running: uv pip install --python /workspaces/MotionCapture-0616/.venv/bin/python --index-url https://download.pytorch.org/whl/cu128 --extra-index-url https://pypi.org/simple --index-strategy unsafe-best-match -r /workspaces/MotionCapture-0616/ComfyUI/custom_nodes/ComfyUI-MotionCapture/requirements.txt
[01:20] 
Running install.py...
[01:20] Running: /workspaces/MotionCapture-0616/.venv/bin/python /workspaces/MotionCapture-0616/ComfyUI/custom_nodes/ComfyUI-MotionCapture/install.py
[01:21]   
[01:21]   Installing 3 node dependencies...
[01:21]     Cloning ComfyUI-VideoHelperSuite...
[01:21]     Installing requirements for ComfyUI-VideoHelperSuite...
[01:23]     Cloning ComfyUI-CameraPack...
[01:24]     Cloning ComfyUI-HyMotion...
[01:27]     Installing requirements for ComfyUI-HyMotion...
[01:29]     Running install.py for ComfyUI-HyMotion...
[01:29]   Using uv for installation...
[01:29]   Installing fbxsdkpy==2020.1.post2...
[01:32]   Installing requirements from /workspaces/MotionCapture-0616/ComfyUI/custom_nodes/ComfyUI-HyMotion/requirements.txt...
[01:32]   
[01:32]   [requirements] Re-installing main package requirements...
[01:32]     Installing requirements for ComfyUI-MotionCapture...
[01:34]   [comfy-env] _discover: scanning /workspaces/MotionCapture-0616/ComfyUI/custom_nodes
[01:34]   [comfy-env] _discover: ComfyUI-CameraPack: no comfy-env.toml found
[01:34]   [comfy-env] _discover: ComfyUI-HyMotion: no comfy-env.toml found
[01:34]   [comfy-env] _discover: ComfyUI-MotionCapture -> motioncapture-nodes (custom_nodes/ComfyUI-MotionCapture/nodes/comfy-env.toml)
[01:34]   [comfy-env] _discover: ComfyUI-VideoHelperSuite: no comfy-env.toml found
[01:34]   [comfy-env] Workspace: /root/.ce
[01:34]   [comfy-env] ComfyUI: /workspaces/MotionCapture-0616/ComfyUI
[01:34]   [comfy-env] Found 1 node config(s):
[01:34]     - motioncapture-nodes <- custom_nodes/ComfyUI-MotionCapture/nodes/comfy-env.toml (python=host)
[01:34]   [comfy-env] Bootstrap interpreter has python 3.11 + torch 2.11.0 (cu128). Looking for cuda-only wheels matching cu128/torch2.11/cp311.
[01:34]   [comfy-env] GPU: Detection: smi
[01:34]   Driver: 580.126.20
[01:34]   CUDA: 13.0
[01:34]   Recommended: CUDA 13.0
[01:34]   
[01:34]     GPU 0: NVIDIA GeForce RTX 5060 (sm_120) [Blackwell] 8151MB
[01:34]   [comfy-env] Comfyui feature -> torch 2.11.0 from https://download.pytorch.org/whl/cu128 (CUDA 12.8 via bootstrap torch)
[01:34]   [comfy-env] cuda-wheels: 2 package(s) need a matched (cuda, torch, python) combo: ['dpvo_cuda', 'torch-scatter']
[01:34]   [comfy-env] cuda-wheels tier 1 (bootstrap): probing cu12.8/torch2.11/cp311
[01:34]   [cuda-wheels] Looking up dpvo_cuda: cu128 torch2.11 cp311 manylinux linux
[01:34]   [cuda-wheels]   https://pozzettiandrea.github.io/cuda-wheels/v2/dpvo_cuda/: HTTPError: HTTP Error 404: Not Found
[01:34]   [cuda-wheels]   Found: dpvo_cuda-0.0.0+cu128torch2.11-cp311-cp311-manylinux_2_34_x86_64.manylinux_2_35_x86_64.whl
[01:34]   [cuda-wheels] Looking up torch-scatter: cu128 torch2.11 cp311 manylinux linux
[01:35]   [cuda-wheels]   https://pozzettiandrea.github.io/cuda-wheels/v2/torch_scatter/: HTTPError: HTTP Error 404: Not Found
[01:35]   [cuda-wheels]   Found: torch_scatter-2.1.2+cu128torch2.11-cp311-cp311-manylinux_2_34_x86_64.manylinux_2_35_x86_64.whl
[01:35]   [comfy-env] cuda-wheels combo: cu12.8/torch2.11 (bootstrap matches; per-node envs will pin to this)
[01:35]   [comfy-env] Host glibc 2.35 -> system-requirements
[01:35]   [cuda-wheels] Looking up dpvo_cuda: cu128 torch2.11 cp311 manylinux linux
[01:35]   [cuda-wheels]   https://pozzettiandrea.github.io/cuda-wheels/v2/dpvo_cuda/: HTTPError: HTTP Error 404: Not Found
[01:35]   [cuda-wheels]   Found: dpvo_cuda-0.0.0+cu128torch2.11-cp311-cp311-manylinux_2_34_x86_64.manylinux_2_35_x86_64.whl
[01:35]   [cuda-wheels] Looking up torch-scatter: cu128 torch2.11 cp311 manylinux linux
[01:35]   [cuda-wheels]   https://pozzettiandrea.github.io/cuda-wheels/v2/torch_scatter/: HTTPError: HTTP Error 404: Not Found
[01:35]   [cuda-wheels]   Found: torch_scatter-2.1.2+cu128torch2.11-cp311-cp311-manylinux_2_34_x86_64.manylinux_2_35_x86_64.whl
[01:35]   [comfy-env] motioncapture-nodes: cuda-wheels deferred for post-pixi install (dpvo_cuda, torch-scatter)
[01:35]   Generated /root/.ce/pixi.toml
[01:35]   [comfy-env] Installing 1 environment(s):
[01:35]     - motioncapture-nodes (python=host, 40 pypi deps, 2 cuda wheels)
[01:35]   [comfy-env] Running `pixi install -e motioncapture-nodes`...
[01:45]      WARN Skipped running the post-link scripts because `run-post-link-scripts` = `false`
[01:45]     	- bin/.librsvg-pre-unlink.sh
[01:45]     To enable them, run:
[01:45]     	pixi config set --local run-post-link-scripts insecure
[01:45]     More info:
[01:45]     	https://pixi.sh/latest/reference/pixi_configuration/#run-post-link-scripts
[02:54]     The motioncapture-nodes environment has been installed.
[02:54]   [comfy-env] motioncapture-nodes: installing cuda-wheels with --no-deps (dpvo_cuda, torch-scatter)
[02:54]     Using Python 3.11.15 environment at: .pixi/envs/motioncapture-nodes
[02:55]     Resolved 2 packages in 646ms
[02:55]     Downloading torch-scatter (7.4MiB)
[02:55]     Downloading dpvo-cuda (25.2MiB)
[02:55]      Downloaded torch-scatter
[02:56]      Downloaded dpvo-cuda
[02:56]     Prepared 2 packages in 796ms
[02:56]     Installed 2 packages in 3ms
[02:56]      + dpvo-cuda==0.0.0+cu128torch2.11 (from https://github.com/PozzettiAndrea/cuda-wheels/releases/download/dpvo_cuda-latest/dpvo_cuda-0.0.0%2Bcu128torch2.11-cp311-cp311-manylinux_2_34_x86_64.manylinux_2_35_x86_64.whl)
[02:56]      + torch-scatter==2.1.2+cu128torch2.11 (from https://github.com/PozzettiAndrea/cuda-wheels/releases/download/torch_scatter-latest/torch_scatter-2.1.2%2Bcu128torch2.11-cp311-cp311-manylinux_2_34_x86_64.manylinux_2_35_x86_64.whl)
[02:56]   [comfy-env] Recorded install hash ee8f0a2b4de8 -> /root/.ce/install.hash
[02:56]   [comfy-env] Install log: /root/.ce/install.log
[02:56]   
[02:56]   Installation complete!
[02:56] Installing 3 node dependency(ies)...
[02:56]   ComfyUI-VideoHelperSuite from Kosinkadink/ComfyUI-VideoHelperSuite
[02:56]   ComfyUI-VideoHelperSuite already exists, skipping...
[02:56]   ComfyUI-CameraPack from PozzettiAndrea/ComfyUI-CameraPack
[02:56]   ComfyUI-CameraPack already exists, skipping...
[02:56]   ComfyUI-HyMotion from PozzettiAndrea/ComfyUI-HyMotion
[02:56]   ComfyUI-HyMotion already exists, skipping...
[02:56] Installing validation endpoint...
[02:56]   Cloning PozzettiAndrea/ComfyUI-validate-endpoint...
[02:56] Running: git clone --depth 1 https://github.com/PozzettiAndrea/ComfyUI-validate-endpoint.git /workspaces/MotionCapture-0616/ComfyUI/custom_nodes/ComfyUI-validate-endpoint
[02:56] CUDA packages absent (will mock): dpvo_cuda, torch_scatter
[02:56] [INSTALL] PASSED
[02:56] 
[02:56] [3/5] REGISTRATION
[02:56] ----------------------------------------
[02:56] 
[DEBUG] server=None, server_url=None, api=None
[02:56] 
Starting ComfyUI server...
[02:56] Starting ComfyUI server on port 41899...
[02:56] CUDA mock packages: dpvo_cuda, torch_scatter
[02:56] Starting ComfyUI server on port 41899...
[02:56] Waiting for server to be ready (timeout: 600s)...
[02:57]   [ComfyUI] setup plugin alembic.autogenerate.schemas
[02:57]   [ComfyUI] setup plugin alembic.autogenerate.tables
[02:57]   [ComfyUI] setup plugin alembic.autogenerate.types
[02:57]   [ComfyUI] setup plugin alembic.autogenerate.constraints
[02:57]   [ComfyUI] setup plugin alembic.autogenerate.defaults
[02:57]   [ComfyUI] setup plugin alembic.autogenerate.comments
[02:58]   [ComfyUI] [comfy-env] ComfyUI-MotionCapture: 1 isolation env(s):
[02:58]   [ComfyUI] [comfy-env]   nodes -> /workspaces/MotionCapture-0616/ComfyUI/custom_nodes/ComfyUI-MotionCapture/nodes
[02:58]   [ComfyUI] [comfy-env] prestartup complete
[02:58]   [ComfyUI] 
[02:58]   [ComfyUI] Prestartup times for custom nodes:
[02:58]   [ComfyUI]    0.2 seconds: /workspaces/MotionCapture-0616/ComfyUI/custom_nodes/ComfyUI-MotionCapture
[02:58]   [ComfyUI] 
[03:02]   [ComfyUI] WARNING: You need pytorch with cu130 or higher to use optimized CUDA operations.
[03:02]   [ComfyUI] Found comfy_kitchen backend eager: {'available': True, 'disabled': False, 'unavailable_reason': None, 'capabilities': ['apply_rope', 'apply_rope1', 'dequantize_mxfp8', 'dequantize_nvfp4', 'dequantize_per_tensor_fp8', 'quantize_mxfp8', 'quantize_nvfp4', 'quantize_per_tensor_fp8', 'scaled_mm_mxfp8', 'scaled_mm_nvfp4']}
[03:02]   [ComfyUI] Found comfy_kitchen backend triton: {'available': True, 'disabled': True, 'unavailable_reason': None, 'capabilities': ['apply_rope', 'apply_rope1', 'dequantize_nvfp4', 'dequantize_per_tensor_fp8', 'quantize_mxfp8', 'quantize_nvfp4', 'quantize_per_tensor_fp8']}
[03:02]   [ComfyUI] Found comfy_kitchen backend cuda: {'available': True, 'disabled': True, 'unavailable_reason': None, 'capabilities': ['apply_rope', 'apply_rope1', 'dequantize_nvfp4', 'dequantize_per_tensor_fp8', 'quantize_mxfp8', 'quantize_nvfp4', 'quantize_per_tensor_fp8']}
[03:02]   [ComfyUI] Checkpoint files will always be loaded safely.
[03:02]   [ComfyUI] Total VRAM 7704 MB, total RAM 32011 MB
[03:02]   [ComfyUI] pytorch version: 2.11.0+cu128
[03:02]   [ComfyUI] Set vram state to: NORMAL_VRAM
[03:02]   [ComfyUI] Device: cuda:0 NVIDIA GeForce RTX 5060 : cudaMallocAsync
[03:02]   [ComfyUI] Using async weight offloading with 2 streams
[03:02]   [ComfyUI] Enabled pinned memory 28810.0
[03:03]   [ComfyUI] Using pytorch attention
[03:06]   [ComfyUI] aimdo: /project/src-posix/cuda-funchooks.c:52:DEBUG:aimdo_setup_hooks: hooks successfully installed
[03:06]   [ComfyUI] aimdo: /project/src/control.c:151:INFO:comfy-aimdo inited for GPU: NVIDIA GeForce RTX 5060 (VRAM: 7703 MB)
[03:06]   [ComfyUI] DynamicVRAM support detected and enabled
[03:06]   [ComfyUI] Python version: 3.11.15 (main, May  8 2026, 18:33:10) [Clang 22.1.3 ]
[03:06]   [ComfyUI] ComfyUI version: 0.21.0
[03:06]   [ComfyUI] comfy-aimdo version: 0.3.0
[03:06]   [ComfyUI] comfy-kitchen version: 0.2.8
[03:06]   [ComfyUI] ****** User settings have been changed to be stored on the server instead of browser storage. ******
[03:06]   [ComfyUI] ****** For multi-user setups add the --multi-user CLI argument to enable multiple user profiles. ******
[03:06]   [ComfyUI] ComfyUI frontend version: 1.43.18
[03:06]   [ComfyUI] [Prompt Server] web root: /workspaces/MotionCapture-0616/.venv/lib/python3.11/site-packages/comfyui_frontend_package/static
[03:06]   [ComfyUI] Asset seeder disabled
[03:08]   [ComfyUI] loading...
[03:08]   [ComfyUI] calling register_nodes
[03:08]   [ComfyUI] [comfy-env] Version: 0.3.83
[03:08]   [ComfyUI] [comfy-env] register_nodes: ComfyUI-MotionCapture
[03:08]   [ComfyUI] [comfy-env] ComfyUI source dir: /workspaces/MotionCapture-0616/ComfyUI
[03:08]   [ComfyUI] [comfy-env] Found 1 isolation env(s)
[03:08]   [ComfyUI] [comfy-env] Scanning nodes metadata (isolation root)...
[03:08]   [ComfyUI] [comfy-env] Metadata scan: /root/.pixi/bin/pixi run --as-is --manifest-path /root/.ce/pixi.toml -e motioncapture-nodes python /tmp/comfy_meta_ac7twahl.py /workspaces/MotionCapture-0616/ComfyUI/custom_nodes/ComfyUI-MotionCapture nodes
[03:08]   [ComfyUI] [comfy-env] Scan env PATH for nodes:
[03:08]   [ComfyUI] [comfy-env]   [0] /root/.local/bin
[03:08]   [ComfyUI] [comfy-env]   [1] /usr/local/nvidia/bin
[03:08]   [ComfyUI] [comfy-env]   [2] /usr/local/cuda/bin
[03:08]   [ComfyUI] [comfy-env]   [3] /usr/local/sbin
[03:08]   [ComfyUI] [comfy-env]   [4] /usr/local/bin
[03:08]   [ComfyUI] [comfy-env]   [5] /usr/sbin
[03:08]   [ComfyUI] [comfy-env]   [6] /usr/bin
[03:08]   [ComfyUI] [comfy-env]   [7] /sbin
[03:08]   [ComfyUI] [comfy-env]   [8] /bin
[03:12]   [ComfyUI] [comfy-env] Metadata scan stderr for nodes:
[03:12]   [ComfyUI] [comfy-env]   [meta-scan] importing nodes from /workspaces/MotionCapture-0616/ComfyUI/custom_nodes/ComfyUI-MotionCapture
[03:12]   [ComfyUI] [comfy-env]   [05/11 06:19:57][ERROR] Failed to import comfy_kitchen, Error: No module named 'comfy_kitchen', fp8 and fp4 support will not be available.
[03:12]   [ComfyUI] [comfy-env]   [05/11 06:19:57][INFO] Checkpoint files will always be loaded safely.
[03:12]   [ComfyUI] [comfy-env]   [05/11 06:19:57][INFO] [GVHMRInference] DPVO not installed - only SimpleVO will be available
[03:12]   [ComfyUI] [comfy-env]   [meta-scan] import OK
[03:12]   [ComfyUI] [comfy-env] Scanned nodes: 22 nodes (3.3s)
[03:12]   [ComfyUI] [comfy-env] Scanned nodes root: 22 nodes (3.3s)
[03:12]   [ComfyUI] [comfy-env] Imported nodes root: 22 nodes (isolation)
[03:12]   [ComfyUI] [comfy-env] Registered 22 total nodes
[03:13]   [ComfyUI] generated new fontManager
[03:13]   [ComfyUI] 
[03:13]   [ComfyUI] Import times for custom nodes:
[03:13]   [ComfyUI]    0.0 seconds: /workspaces/MotionCapture-0616/ComfyUI/custom_nodes/websocket_image_save.py
[03:13]   [ComfyUI]    0.0 seconds: /workspaces/MotionCapture-0616/ComfyUI/custom_nodes/ComfyUI-validate-endpoint
[03:13]   [ComfyUI]    0.0 seconds: /workspaces/MotionCapture-0616/ComfyUI/custom_nodes/ComfyUI-CameraPack
[03:13]   [ComfyUI]    0.0 seconds: /workspaces/MotionCapture-0616/ComfyUI/custom_nodes/ComfyUI-VideoHelperSuite
[03:13]   [ComfyUI]    1.4 seconds: /workspaces/MotionCapture-0616/ComfyUI/custom_nodes/ComfyUI-HyMotion
[03:13]   [ComfyUI]    3.5 seconds: /workspaces/MotionCapture-0616/ComfyUI/custom_nodes/ComfyUI-MotionCapture
[03:13]   [ComfyUI] 
[03:13]   [ComfyUI] Context impl SQLiteImpl.
[03:13]   [ComfyUI] Will assume non-transactional DDL.
[03:13]   [ComfyUI] Context impl SQLiteImpl.
[03:13]   [ComfyUI] Will assume non-transactional DDL.
[03:13]   [ComfyUI] Running upgrade  -> 0001_assets, Initial assets schema
[03:13]   [ComfyUI] Revision ID: 0001_assets
[03:13]   [ComfyUI] Revises: None
[03:13]   [ComfyUI] Create Date: 2025-12-10 00:00:00
[03:13]   [ComfyUI] Running upgrade 0001_assets -> 0002_merge_to_asset_references, Merge AssetInfo and AssetCacheState into unified asset_references table.
[03:13]   [ComfyUI] Running upgrade 0002_merge_to_asset_references -> 0003_add_metadata_job_id, Add system_metadata and job_id columns to asset_references.
[03:13]   [ComfyUI] Change preview_id FK from assets.id to asset_references.id.
[03:13]   [ComfyUI] Database upgraded from None to 0003_add_metadata_job_id
[03:13]   [ComfyUI] Starting server
[03:13]   [ComfyUI] 
[03:13]   [ComfyUI] To see the GUI go to: http://127.0.0.1:41899
[03:14] Server responding, waiting for nodes to load...
[03:34] Server is ready!
[03:34] Checking for import errors in server logs...
[03:34] No import errors detected
[03:34] Found 792 registered nodes
[03:34] [REGISTRATION] PASSED
[03:34] 
[03:34] [4/5] INSTANTIATION
[03:34] ----------------------------------------
[03:34] 
[DEBUG] server=<comfy_test.comfyui.server.ComfyUIServer object at 0x78390e0ffbe0>, server_url=None, api=<comfy_test.comfyui.api.ComfyUIAPI object at 0x78390e3ae200>
[03:34] Testing node constructors...
[03:35] All 22 node(s) instantiated successfully!
[03:35] [INSTANTIATION] PASSED
[03:35] 
[03:35] [5/5] EXECUTION
[03:35] ----------------------------------------
[03:35] 
[DEBUG] server=<comfy_test.comfyui.server.ComfyUIServer object at 0x78390e0ffbe0>, server_url=None, api=<comfy_test.comfyui.api.ComfyUIAPI object at 0x78390e3ae200>
[03:35] GPU runner - will execute 2 workflow(s)
[03:35] Running 5 workflow(s) (all with videos)...
[03:35] Installing screenshot dependencies (playwright, pillow)...
[03:36]   Packages installed, downloading chromium browser...
[03:52]   Screenshot dependencies installed successfully
[03:53] Starting headless browser...
[03:53]   Installing Vulkan stack (apt)...
[03:53]   Vulkan install error: [Errno 2] No such file or directory: 'sudo'
[03:53]   GPU detected (no Vulkan) -- using ANGLE/OpenGL rendering
[03:53] Capturing execution frames: GVHMR.json
[03:54]   [ComfyUI] [DEPRECATION WARNING] Detected import of deprecated legacy API: /extensions/core/widgetInputs.js. This is likely caused by a custom node extension using outdated APIs. Please update your extensions or contact the extension author for an updated version.
[03:59]   Frame 1 saved (frame_000.jpg, t=0.0s)
[03:59]   Validating workflow...
[03:59]   [ComfyUI] === /validate endpoint called ===
[03:59]   [ComfyUI] Received JSON with keys: ['prompt']
[03:59]   [ComfyUI] Prompt has 5 nodes
[03:59]   [ComfyUI]   Node 2: LoadGVHMRModels
[03:59]   [ComfyUI]     Inputs: {"model_path_override": "", "precision": "auto", "attention": "auto", "load_dpvo": false}
[03:59]   [ComfyUI]   Node 11: SMPLViewer
[03:59]   [ComfyUI]     Inputs: {"npz_path": ["16", 0], "frame_skip": 1, "mesh_color": "#4a9eff", "smpl_viewer": ""}
[03:59]   [ComfyUI]   Node 14: LoadVideo
[03:59]   Queuing workflow for execution...
[03:59]   [ComfyUI]     Inputs: {"file": "tennis.mp4", "video-preview": ""}
[03:59]   [ComfyUI]   Node 15: LoadVideo
[03:59]   [ComfyUI]     Inputs: {"file": "tennis_mask.mp4", "video-preview": ""}
[03:59]   [ComfyUI]   Node 16: GVHMRInference
[03:59]   [ComfyUI]     Inputs: {"moving_camera": false, "focal_length_mm": 0, "bbox_scale": 1.2, "vo_method": "simple_vo", "vo_scale": 0.5, "vo_step": 8, "chunk_size": 32, "video": ["14", 0], "video_mask": ["15", 0], "config": ["2"
[03:59]   [ComfyUI] Generated prompt_id: 97acee24-33ce-45aa-858c-e5e103d02b03
[03:59]   [ComfyUI] Calling execution.validate_prompt()...
[03:59]   [ComfyUI] Validation result: valid=True
[03:59]   [ComfyUI] === Validation PASSED ===
[03:59]   [ComfyUI] got prompt
[03:59]   [ComfyUI] [comfy-env] Running LoadGVHMRModels: model_path_override: '', precision: 'auto', attention: 'auto', load_dpvo: False
[03:59]   [ComfyUI] [comfy-env] SubprocessWorker: /root/.ce/.pixi/envs/motioncapture-nodes/bin/python
[03:59]   [ComfyUI] [VRAM] Before LoadGVHMRModels: 152 / 7703 MB
[03:59]   [ComfyUI] [comfy-env] env_vars: {'COMFYUI_BASE': '/workspaces/MotionCapture-0616/ComfyUI'}
[03:59]   [ComfyUI] [SubprocessWorker] call_method: nodes.load_model.LoadGVHMRModels.EXECUTE_NORMALIZED
[03:59]   [ComfyUI] [ComfyUI-MotionCapture] python: /root/.ce/.pixi/envs/motioncapture-nodes/bin/python
[03:59]   [ComfyUI] [SubprocessWorker] acquired lock, ensuring started...
[03:59]   [ComfyUI] [ComfyUI-MotionCapture] sys_path sent to worker: ['/workspaces/MotionCapture-0616/ComfyUI', '/workspaces/MotionCapture-0616/ComfyUI/custom_nodes/ComfyUI-MotionCapture', '/root/.ce/.pixi/envs/motioncapture-nodes/lib/python3.11/site-packages', '/workspaces/MotionCapture-0616/ComfyUI/custom_nodes/ComfyUI-MotionCapture']
[03:59]   [ComfyUI] [SubprocessWorker] is_pixi=True, python=/root/.ce/.pixi/envs/motioncapture-nodes/bin/python
[03:59]   [ComfyUI] [SubprocessWorker] launching cmd=['/root/.pixi/bin/pixi', 'run', '--as-is', '--manifest-path', '/root/.ce/pixi.toml', '-e', 'motioncapture-nodes', 'python', '/tmp/comfyui_pvenv_w4qowdpx/persistent_worker.py', 'abstract://comfy_worker_ebd4baf92f82']...
[03:59]   [ComfyUI] [SubprocessWorker] socket_addr=abstract://comfy_worker_ebd4baf92f82 (abstract, no filesystem path)
[04:00]   [ComfyUI] [worker:ComfyUI-MotionCapture] ERROR: Failed to import comfy_kitchen, Error: No module named 'comfy_kitchen', fp8 and fp4 support will not be available.
[04:00]   [ComfyUI] [SubprocessWorker] worker started/confirmed
[04:00]   [ComfyUI] [SubprocessWorker] serializing kwargs to shm...
[04:00]   [ComfyUI] [SubprocessWorker] created 0 shm blocks
[04:00]   [ComfyUI] [SubprocessWorker] sending request via socket...
[04:00]   [ComfyUI] [SubprocessWorker] call_id=1 sending call_method
[04:00]   [ComfyUI] [worker:ComfyUI-MotionCapture] INFO: [GVHMRInference] DPVO not installed - only SimpleVO will be available
[04:00]   [ComfyUI] [05/11 06:20:47][INFO] [GVHMRInference] DPVO not installed - only SimpleVO will be available
[04:01]   [ComfyUI] [worker:ComfyUI-MotionCapture] INFO: [LoadGVHMRModels] Checking GVHMR models...
[04:01]   [ComfyUI] [05/11 06:20:47][INFO] [LoadGVHMRModels] Checking GVHMR models...
[04:01]   [ComfyUI] [worker:ComfyUI-MotionCapture] INFO: [LoadGVHMRModels] Downloading gvhmr from HuggingFace...
[04:01]   [ComfyUI] [05/11 06:20:47][INFO] [LoadGVHMRModels] Downloading gvhmr from HuggingFace...
[04:01]   [ComfyUI] [worker:ComfyUI-MotionCapture] INFO: [LoadGVHMRModels] Repository: apozz/motion-capture-safetensors
[04:01]   [ComfyUI] [05/11 06:20:47][INFO] [LoadGVHMRModels] Repository: apozz/motion-capture-safetensors
[04:01]   [ComfyUI] /root/.ce/.pixi/envs/motioncapture-nodes/lib/python3.11/site-packages/huggingface_hub/utils/_validators.py:205: UserWarning: The `local_dir_use_symlinks` argument is deprecated and ignored in `hf_hub_download`. Downloading to a local directory does not use symlinks anymore.
[04:01]   [ComfyUI]   warnings.warn(
[04:01]   Frame 2 saved (frame_001.jpg, t=2.4s)
[04:01]   [capture-periodic] freeze=3ms shot=164ms unfreeze=2ms saved=True
[04:01]   [ComfyUI] [worker:ComfyUI-MotionCapture] INFO: HTTP Request: HEAD https://huggingface.co/apozz/motion-capture-safetensors/resolve/main/gvhmr.safetensors "HTTP/1.1 302 Found"
[04:01]   [ComfyUI] [05/11 06:20:47][INFO] HTTP Request: HEAD https://huggingface.co/apozz/motion-capture-safetensors/resolve/main/gvhmr.safetensors "HTTP/1.1 302 Found"
[04:01]   [ComfyUI] [worker:ComfyUI-MotionCapture] INFO: HTTP Request: GET https://huggingface.co/api/models/apozz/motion-capture-safetensors/xet-read-token/4d1ff1105aad31ef01d2aa2c1151a0317d267925 "HTTP/1.1 200 OK"
[04:01]   [ComfyUI] [05/11 06:20:48][INFO] HTTP Request: GET https://huggingface.co/api/models/apozz/motion-capture-safetensors/xet-read-token/4d1ff1105aad31ef01d2aa2c1151a0317d267925 "HTTP/1.1 200 OK"
[04:01]   [ComfyUI] 
[04:03]   [ComfyUI] gvhmr.safetensors:   0%|          | 0.00/163M [00:00<?, ?B/s]
[04:03]   [ComfyUI] gvhmr.safetensors:  15%|█▌        | 25.1M/163M [00:01<00:08, 16.5MB/s][SubprocessWorker] callback 'report_progress' from call_id=1
[04:03]   Frame 3 saved (frame_002.jpg, t=4.7s)
[04:03]   [capture-periodic] freeze=2ms shot=171ms unfreeze=2ms saved=True
[04:04]   [ComfyUI] 
[04:04]   [ComfyUI] gvhmr.safetensors:  41%|████      | 67.1M/163M [00:02<00:02, 32.8MB/s][SubprocessWorker] callback 'report_progress' from call_id=1
[04:04]   [ComfyUI] 
[04:04]   [ComfyUI] gvhmr.safetensors: 100%|██████████| 163M/163M [00:02<00:00, 90.9MB/s] [SubprocessWorker] callback 'report_progress' from call_id=1
[04:04]   [ComfyUI] 
[04:04]   [ComfyUI] gvhmr.safetensors: 100%|██████████| 163M/163M [00:02<00:00, 63.6MB/s]
[04:04]   [ComfyUI] [worker:ComfyUI-MotionCapture] INFO: [LoadGVHMRModels] Downloaded gvhmr to /workspaces/MotionCapture-0616/ComfyUI/models/motion_capture/gvhmr.safetensors
[04:04]   [ComfyUI] [05/11 06:20:50][INFO] [LoadGVHMRModels] Downloaded gvhmr to /workspaces/MotionCapture-0616/ComfyUI/models/motion_capture/gvhmr.safetensors
[04:04]   [ComfyUI] [worker:ComfyUI-MotionCapture] INFO: [LoadGVHMRModels] Downloading vitpose from HuggingFace...
[04:04]   [ComfyUI] [05/11 06:20:50][INFO] [LoadGVHMRModels] Downloading vitpose from HuggingFace...
[04:04]   [ComfyUI] [worker:ComfyUI-MotionCapture] INFO: [LoadGVHMRModels] Repository: apozz/motion-capture-safetensors
[04:04]   [ComfyUI] [05/11 06:20:50][INFO] [LoadGVHMRModels] Repository: apozz/motion-capture-safetensors
[04:04]   [ComfyUI] [worker:ComfyUI-MotionCapture] INFO: HTTP Request: HEAD https://huggingface.co/apozz/motion-capture-safetensors/resolve/main/vitpose.safetensors "HTTP/1.1 302 Found"
[04:04]   [ComfyUI] [05/11 06:20:50][INFO] HTTP Request: HEAD https://huggingface.co/apozz/motion-capture-safetensors/resolve/main/vitpose.safetensors "HTTP/1.1 302 Found"
[04:04]   [ComfyUI] Warning: You are sending unauthenticated requests to the HF Hub. Please set a HF_TOKEN to enable higher rate limits and faster downloads.
[04:04]   [ComfyUI] [worker:ComfyUI-MotionCapture] WARNING: Warning: You are sending unauthenticated requests to the HF Hub. Please set a HF_TOKEN to enable higher rate limits and faster downloads.
[04:04]   [ComfyUI] [05/11 06:20:50][WARNING] Warning: You are sending unauthenticated requests to the HF Hub. Please set a HF_TOKEN to enable higher rate limits and faster downloads.
[04:04]   [ComfyUI] 
[04:04]   [capture-loop] iter=50 t=5.9s state={'complete': False, 'error': None, 'executedCount': 0, 'wsState': 1} eval_ms=2 ram=3.3/31.3GB (11%) swap=0.7/32.0GB (2%) cpu=8% browser_rss=0.90GB
[04:06]   Frame 4 saved (frame_003.jpg, t=7.0s)
[04:06]   [capture-periodic] freeze=2ms shot=162ms unfreeze=5ms saved=True
[04:07]   [ComfyUI] vitpose.safetensors:   0%|          | 0.00/2.55G [00:00<?, ?B/s]
[04:07]   [ComfyUI] vitpose.safetensors:   3%|▎         | 67.0M/2.55G [00:02<01:42, 24.2MB/s][SubprocessWorker] callback 'report_progress' from call_id=1
[04:08]   Frame 5 saved (frame_004.jpg, t=9.3s)
[04:08]   [capture-periodic] freeze=2ms shot=164ms unfreeze=5ms saved=True
[04:08]   [ComfyUI] 
[04:08]   [ComfyUI] vitpose.safetensors:  11%|█         | 268M/2.55G [00:04<00:31, 72.1MB/s] [SubprocessWorker] callback 'report_progress' from call_id=1
[04:10]   [capture-loop] iter=100 t=11.5s state={'complete': False, 'error': None, 'executedCount': 0, 'wsState': 1} eval_ms=3 ram=3.8/31.3GB (12%) swap=0.7/32.0GB (2%) cpu=10% browser_rss=0.90GB
[04:10]   Frame 6 saved (frame_005.jpg, t=11.6s)
[04:10]   [capture-periodic] freeze=1ms shot=171ms unfreeze=15ms saved=True
[04:12]   [ComfyUI] 
[04:12]   [ComfyUI] vitpose.safetensors:  13%|█▎        | 335M/2.55G [00:08<00:56, 39.1MB/s][SubprocessWorker] callback 'report_progress' from call_id=1
[04:12]   [ComfyUI] 
[04:12]   [ComfyUI] vitpose.safetensors:  16%|█▌        | 402M/2.55G [00:08<00:41, 51.7MB/s][SubprocessWorker] callback 'report_progress' from call_id=1
[04:13]   Frame 7 saved (frame_006.jpg, t=13.9s)
[04:13]   [capture-periodic] freeze=2ms shot=165ms unfreeze=4ms saved=True
[04:14]   [ComfyUI] 
[04:14]   [ComfyUI] vitpose.safetensors:  24%|██▎       | 603M/2.55G [00:10<00:27, 70.5MB/s][SubprocessWorker] callback 'report_progress' from call_id=1
[04:15]   Frame 8 saved (frame_007.jpg, t=16.2s)
[04:15]   [capture-periodic] freeze=2ms shot=157ms unfreeze=5ms saved=True
[04:15]   [ComfyUI] 
[04:15]   [ComfyUI] vitpose.safetensors:  26%|██▋       | 670M/2.55G [00:11<00:25, 73.7MB/s][SubprocessWorker] callback 'report_progress' from call_id=1
[04:16]   [capture-loop] iter=150 t=17.4s state={'complete': False, 'error': None, 'executedCount': 0, 'wsState': 1} eval_ms=2 ram=4.1/31.3GB (13%) swap=0.7/32.0GB (2%) cpu=13% browser_rss=0.89GB
[04:17]   [ComfyUI] 
[04:17]   [ComfyUI] vitpose.safetensors:  32%|███▏      | 805M/2.55G [00:13<00:24, 71.1MB/s][SubprocessWorker] callback 'report_progress' from call_id=1
[04:17]   Frame 9 saved (frame_008.jpg, t=18.5s)
[04:17]   [capture-periodic] freeze=3ms shot=166ms unfreeze=5ms saved=True
[04:21]   [ComfyUI] 
[04:21]   [ComfyUI] vitpose.safetensors:  42%|████▏     | 1.07G/2.55G [00:17<00:21, 69.0MB/s][SubprocessWorker] callback 'report_progress' from call_id=1
[04:22]   [capture-loop] iter=200 t=23.0s state={'complete': False, 'error': None, 'executedCount': 0, 'wsState': 1} eval_ms=2 ram=4.5/31.3GB (14%) swap=0.7/32.0GB (2%) cpu=13% browser_rss=0.89GB
[04:22]   Frame 10 saved (frame_009.jpg, t=23.1s)
[04:22]   [capture-periodic] freeze=2ms shot=168ms unfreeze=2ms saved=True
[04:22]   [ComfyUI] 
[04:22]   [ComfyUI] vitpose.safetensors:  50%|████▉     | 1.27G/2.55G [00:18<00:14, 86.6MB/s][SubprocessWorker] callback 'report_progress' from call_id=1
[04:24]   Frame 11 saved (frame_010.jpg, t=25.4s)
[04:24]   [capture-periodic] freeze=2ms shot=184ms unfreeze=3ms saved=True
[04:25]   [ComfyUI] 
[04:25]   [ComfyUI] vitpose.safetensors:  53%|█████▎    | 1.34G/2.55G [00:20<00:17, 67.9MB/s][SubprocessWorker] callback 'report_progress' from call_id=1
[04:25]   [ComfyUI] 
[04:25]   [ComfyUI] vitpose.safetensors:  55%|█████▌    | 1.41G/2.55G [00:21<00:15, 74.1MB/s][SubprocessWorker] callback 'report_progress' from call_id=1
[04:25]   [ComfyUI] 
[04:25]   [ComfyUI] vitpose.safetensors:  68%|██████▊   | 1.74G/2.55G [00:21<00:05, 154MB/s] [SubprocessWorker] callback 'report_progress' from call_id=1
[04:26]   [ComfyUI] 
[04:26]   [ComfyUI] vitpose.safetensors:  76%|███████▋  | 1.94G/2.55G [00:21<00:02, 208MB/s][SubprocessWorker] callback 'report_progress' from call_id=1
[04:26]   [ComfyUI] 
[04:26]   [ComfyUI] vitpose.safetensors:  87%|████████▋ | 2.21G/2.55G [00:21<00:01, 300MB/s][SubprocessWorker] callback 'report_progress' from call_id=1
[04:26]   [ComfyUI] 
[04:26]   [ComfyUI] vitpose.safetensors: 100%|██████████| 2.55G/2.55G [00:22<00:00, 437MB/s][SubprocessWorker] callback 'report_progress' from call_id=1
[04:26]   Frame 12 saved (frame_011.jpg, t=27.7s)
[04:26]   [capture-periodic] freeze=1ms shot=152ms unfreeze=5ms saved=True
[04:27]   [capture-loop] iter=250 t=28.9s state={'complete': False, 'error': None, 'executedCount': 0, 'wsState': 1} eval_ms=2 ram=3.6/31.3GB (12%) swap=0.7/32.0GB (2%) cpu=14% browser_rss=0.82GB
[04:27]   [ComfyUI] 
[04:28]   [ComfyUI] vitpose.safetensors: 100%|██████████| 2.55G/2.55G [00:23<00:00, 109MB/s]
[04:28]   [ComfyUI] [worker:ComfyUI-MotionCapture] INFO: [LoadGVHMRModels] Downloaded vitpose to /workspaces/MotionCapture-0616/ComfyUI/models/motion_capture/vitpose.safetensors
[04:28]   [ComfyUI] [05/11 06:21:14][INFO] [LoadGVHMRModels] Downloaded vitpose to /workspaces/MotionCapture-0616/ComfyUI/models/motion_capture/vitpose.safetensors
[04:28]   [ComfyUI] [worker:ComfyUI-MotionCapture] INFO: [LoadGVHMRModels] Downloading hmr2 from HuggingFace...
[04:28]   [ComfyUI] [05/11 06:21:14][INFO] [LoadGVHMRModels] Downloading hmr2 from HuggingFace...
[04:28]   [ComfyUI] [worker:ComfyUI-MotionCapture] INFO: [LoadGVHMRModels] Repository: apozz/motion-capture-safetensors
[04:28]   [ComfyUI] [05/11 06:21:14][INFO] [LoadGVHMRModels] Repository: apozz/motion-capture-safetensors
[04:28]   [ComfyUI] [worker:ComfyUI-MotionCapture] INFO: HTTP Request: HEAD https://huggingface.co/apozz/motion-capture-safetensors/resolve/main/hmr2.safetensors "HTTP/1.1 302 Found"
[04:28]   [ComfyUI] [05/11 06:21:14][INFO] HTTP Request: HEAD https://huggingface.co/apozz/motion-capture-safetensors/resolve/main/hmr2.safetensors "HTTP/1.1 302 Found"
[04:28]   [ComfyUI] 
[04:30]   [ComfyUI] hmr2.safetensors:   0%|          | 0.00/2.71G [00:00<?, ?B/s]
[04:31]   [ComfyUI] hmr2.safetensors:   2%|▏         | 67.4M/2.71G [00:02<01:48, 24.3MB/s][SubprocessWorker] callback 'report_progress' from call_id=1
[04:31]   Frame 13 saved (frame_012.jpg, t=32.2s)
[04:31]   [capture-periodic] freeze=2ms shot=152ms unfreeze=3ms saved=True
[04:31]   [ComfyUI] 
[04:31]   [ComfyUI] hmr2.safetensors:   5%|▍         | 134M/2.71G [00:03<01:00, 42.5MB/s] [SubprocessWorker] callback 'report_progress' from call_id=1
[04:32]   [ComfyUI] 
[04:33]   [ComfyUI] hmr2.safetensors:  10%|▉         | 268M/2.71G [00:04<00:35, 68.3MB/s][SubprocessWorker] callback 'report_progress' from call_id=1
[04:33]   [capture-loop] iter=300 t=34.5s state={'complete': False, 'error': None, 'executedCount': 0, 'wsState': 1} eval_ms=2 ram=3.7/31.3GB (12%) swap=0.7/32.0GB (2%) cpu=10% browser_rss=0.81GB
[04:33]   Frame 14 saved (frame_013.jpg, t=34.5s)
[04:33]   [capture-periodic] freeze=3ms shot=155ms unfreeze=5ms saved=True
[04:37]   [ComfyUI] 
[04:37]   [ComfyUI] hmr2.safetensors:  20%|█▉        | 537M/2.71G [00:09<00:33, 64.9MB/s][SubprocessWorker] callback 'report_progress' from call_id=1
[04:38]   Frame 15 saved (frame_014.jpg, t=39.1s)
[04:38]   [capture-periodic] freeze=2ms shot=160ms unfreeze=8ms saved=True
[04:39]   [capture-loop] iter=350 t=40.4s state={'complete': False, 'error': None, 'executedCount': 0, 'wsState': 1} eval_ms=2 ram=4.2/31.3GB (13%) swap=0.7/32.0GB (2%) cpu=11% browser_rss=0.81GB
[04:41]   [ComfyUI] 
[04:41]   [ComfyUI] hmr2.safetensors:  32%|███▏      | 872M/2.71G [00:13<00:26, 69.7MB/s][SubprocessWorker] callback 'report_progress' from call_id=1
[04:42]   Frame 16 saved (frame_015.jpg, t=43.7s)
[04:42]   [capture-periodic] freeze=2ms shot=175ms unfreeze=2ms saved=True
[04:43]   [ComfyUI] 
[04:43]   [ComfyUI] hmr2.safetensors:  38%|███▊      | 1.02G/2.71G [00:15<00:24, 69.1MB/s][SubprocessWorker] callback 'report_progress' from call_id=1
[04:44]   [ComfyUI] 
[04:44]   [ComfyUI] hmr2.safetensors:  40%|███▉      | 1.07G/2.71G [00:16<00:24, 66.3MB/s][SubprocessWorker] callback 'report_progress' from call_id=1
[04:45]   [capture-loop] iter=400 t=46.0s state={'complete': False, 'error': None, 'executedCount': 0, 'wsState': 1} eval_ms=3 ram=4.2/31.3GB (14%) swap=0.7/32.0GB (2%) cpu=14% browser_rss=0.81GB
[04:45]   Frame 17 saved (frame_016.jpg, t=46.0s)
[04:45]   [capture-periodic] freeze=4ms shot=162ms unfreeze=5ms saved=True
[04:47]   [ComfyUI] 
[04:47]   [ComfyUI] hmr2.safetensors:  45%|████▍     | 1.21G/2.71G [00:19<00:25, 58.1MB/s][SubprocessWorker] callback 'report_progress' from call_id=1
[04:49]   [ComfyUI] 
[04:49]   [ComfyUI] hmr2.safetensors:  52%|█████▏    | 1.41G/2.71G [00:21<00:18, 71.8MB/s][SubprocessWorker] callback 'report_progress' from call_id=1
[04:49]   Frame 18 saved (frame_017.jpg, t=50.6s)
[04:49]   [capture-periodic] freeze=2ms shot=180ms unfreeze=2ms saved=True
[04:49]   [ComfyUI] 
[04:49]   [ComfyUI] hmr2.safetensors:  57%|█████▋    | 1.54G/2.71G [00:21<00:12, 93.5MB/s][SubprocessWorker] callback 'report_progress' from call_id=1
[04:50]   [ComfyUI] 
[04:50]   [ComfyUI] hmr2.safetensors:  67%|██████▋   | 1.81G/2.71G [00:22<00:05, 155MB/s] [SubprocessWorker] callback 'report_progress' from call_id=1
[04:50]   [ComfyUI] 
[04:50]   [ComfyUI] hmr2.safetensors:  89%|████████▉ | 2.41G/2.71G [00:22<00:00, 313MB/s][SubprocessWorker] callback 'report_progress' from call_id=1
[04:50]   [capture-loop] iter=450 t=51.8s state={'complete': False, 'error': None, 'executedCount': 0, 'wsState': 1} eval_ms=2 ram=3.7/31.3GB (12%) swap=0.7/32.0GB (2%) cpu=14% browser_rss=0.82GB
[04:50]   [ComfyUI] 
[04:50]   [ComfyUI] hmr2.safetensors:  94%|█████████▍| 2.55G/2.71G [00:22<00:00, 338MB/s][SubprocessWorker] callback 'report_progress' from call_id=1
[04:51]   [ComfyUI] 
[04:51]   [ComfyUI] hmr2.safetensors: 100%|██████████| 2.71G/2.71G [00:23<00:00, 374MB/s][SubprocessWorker] callback 'report_progress' from call_id=1
[04:52]   Frame 19 saved (frame_018.jpg, t=52.9s)
[04:52]   [capture-periodic] freeze=2ms shot=158ms unfreeze=5ms saved=True
[04:53]   [ComfyUI] 
[04:53]   [ComfyUI] hmr2.safetensors: 100%|██████████| 2.71G/2.71G [00:25<00:00, 106MB/s]
[04:53]   [ComfyUI] [worker:ComfyUI-MotionCapture] INFO: [LoadGVHMRModels] Downloaded hmr2 to /workspaces/MotionCapture-0616/ComfyUI/models/motion_capture/hmr2.safetensors
[04:53]   [ComfyUI] [05/11 06:21:40][INFO] [LoadGVHMRModels] Downloaded hmr2 to /workspaces/MotionCapture-0616/ComfyUI/models/motion_capture/hmr2.safetensors
[04:53]   [ComfyUI] [worker:ComfyUI-MotionCapture] INFO: [LoadGVHMRModels] SMPL_FEMALE.npz not found, downloading from HuggingFace...
[04:53]   [ComfyUI] [05/11 06:21:40][INFO] [LoadGVHMRModels] SMPL_FEMALE.npz not found, downloading from HuggingFace...
[04:53]   [ComfyUI] [worker:ComfyUI-MotionCapture] INFO: [LoadGVHMRModels] Downloading SMPL_FEMALE.npz from HuggingFace...
[04:53]   [ComfyUI] [05/11 06:21:40][INFO] [LoadGVHMRModels] Downloading SMPL_FEMALE.npz from HuggingFace...
[04:53]   [ComfyUI] [worker:ComfyUI-MotionCapture] INFO: HTTP Request: HEAD https://huggingface.co/lithiumice/models_hub/resolve/main/4_SMPLhub/SMPL/X_model_npz/SMPL_F_model.npz "HTTP/1.1 302 Found"
[04:53]   [ComfyUI] [05/11 06:21:40][INFO] HTTP Request: HEAD https://huggingface.co/lithiumice/models_hub/resolve/main/4_SMPLhub/SMPL/X_model_npz/SMPL_F_model.npz "HTTP/1.1 302 Found"
[04:54]   [ComfyUI] [worker:ComfyUI-MotionCapture] INFO: HTTP Request: GET https://huggingface.co/api/models/lithiumice/models_hub/xet-read-token/363972831b553e4f5b62d11d509e98830d930c97 "HTTP/1.1 200 OK"
[04:54]   [ComfyUI] [05/11 06:21:40][INFO] HTTP Request: GET https://huggingface.co/api/models/lithiumice/models_hub/xet-read-token/363972831b553e4f5b62d11d509e98830d930c97 "HTTP/1.1 200 OK"
[04:54]   [ComfyUI] 
[04:55]   [ComfyUI] 4_SMPLhub/SMPL/X_model_npz/SMPL_F_model.(…):   0%|          | 0.00/88.3M [00:00<?, ?B/s]
[04:55]   [ComfyUI] 4_SMPLhub/SMPL/X_model_npz/SMPL_F_model.(…): 100%|██████████| 88.3M/88.3M [00:01<00:00, 58.1MB/s][SubprocessWorker] callback 'report_progress' from call_id=1
[04:55]   [ComfyUI] 
[04:55]   [ComfyUI] 4_SMPLhub/SMPL/X_model_npz/SMPL_F_model.(…): 100%|██████████| 88.3M/88.3M [00:01<00:00, 55.6MB/s]
[04:55]   [ComfyUI] [worker:ComfyUI-MotionCapture] INFO: [LoadGVHMRModels] Downloaded SMPL_FEMALE.npz
[04:55]   [ComfyUI] [05/11 06:21:41][INFO] [LoadGVHMRModels] Downloaded SMPL_FEMALE.npz
[04:55]   [ComfyUI] [worker:ComfyUI-MotionCapture] INFO: [LoadGVHMRModels] SMPL_MALE.npz not found, downloading from HuggingFace...
[04:55]   [ComfyUI] [05/11 06:21:41][INFO] [LoadGVHMRModels] SMPL_MALE.npz not found, downloading from HuggingFace...
[04:55]   [ComfyUI] [worker:ComfyUI-MotionCapture] INFO: [LoadGVHMRModels] Downloading SMPL_MALE.npz from HuggingFace...
[04:55]   [ComfyUI] [05/11 06:21:41][INFO] [LoadGVHMRModels] Downloading SMPL_MALE.npz from HuggingFace...
[04:55]   [ComfyUI] [worker:ComfyUI-MotionCapture] INFO: HTTP Request: HEAD https://huggingface.co/lithiumice/models_hub/resolve/main/4_SMPLhub/SMPL/X_model_npz/SMPL_M_model.npz "HTTP/1.1 302 Found"
[04:55]   [ComfyUI] [05/11 06:21:42][INFO] HTTP Request: HEAD https://huggingface.co/lithiumice/models_hub/resolve/main/4_SMPLhub/SMPL/X_model_npz/SMPL_M_model.npz "HTTP/1.1 302 Found"
[04:55]   [ComfyUI] 
[04:56]   [capture-loop] iter=500 t=57.4s state={'complete': False, 'error': None, 'executedCount': 0, 'wsState': 1} eval_ms=2 ram=3.5/31.3GB (11%) swap=0.7/32.0GB (2%) cpu=8% browser_rss=0.82GB
[04:57]   [ComfyUI] 4_SMPLhub/SMPL/X_model_npz/SMPL_M_model.(…):   0%|          | 0.00/88.3M [00:00<?, ?B/s]
[04:57]   [ComfyUI] 4_SMPLhub/SMPL/X_model_npz/SMPL_M_model.(…): 100%|██████████| 88.3M/88.3M [00:01<00:00, 69.6MB/s][SubprocessWorker] callback 'report_progress' from call_id=1
[04:57]   [ComfyUI] 
[04:57]   [ComfyUI] 4_SMPLhub/SMPL/X_model_npz/SMPL_M_model.(…): 100%|██████████| 88.3M/88.3M [00:01<00:00, 67.4MB/s]
[04:57]   [ComfyUI] [worker:ComfyUI-MotionCapture] INFO: [LoadGVHMRModels] Downloaded SMPL_MALE.npz
[04:57]   [ComfyUI] [05/11 06:21:43][INFO] [LoadGVHMRModels] Downloaded SMPL_MALE.npz
[04:57]   [ComfyUI] [worker:ComfyUI-MotionCapture] INFO: [LoadGVHMRModels] SMPL_NEUTRAL.npz not found, downloading from HuggingFace...
[04:57]   [ComfyUI] [05/11 06:21:43][INFO] [LoadGVHMRModels] SMPL_NEUTRAL.npz not found, downloading from HuggingFace...
[04:57]   [ComfyUI] [worker:ComfyUI-MotionCapture] INFO: [LoadGVHMRModels] Downloading SMPL_NEUTRAL.npz from HuggingFace...
[04:57]   [ComfyUI] [05/11 06:21:43][INFO] [LoadGVHMRModels] Downloading SMPL_NEUTRAL.npz from HuggingFace...
[04:57]   [ComfyUI] [worker:ComfyUI-MotionCapture] INFO: HTTP Request: HEAD https://huggingface.co/lithiumice/models_hub/resolve/main/4_SMPLhub/SMPL/X_model_npz/SMPL_N_model.npz "HTTP/1.1 302 Found"
[04:57]   [ComfyUI] [05/11 06:21:43][INFO] HTTP Request: HEAD https://huggingface.co/lithiumice/models_hub/resolve/main/4_SMPLhub/SMPL/X_model_npz/SMPL_N_model.npz "HTTP/1.1 302 Found"
[04:57]   [ComfyUI] 
[04:58]   [ComfyUI] 4_SMPLhub/SMPL/X_model_npz/SMPL_N_model.(…):   0%|          | 0.00/88.3M [00:00<?, ?B/s]
[04:58]   [ComfyUI] 4_SMPLhub/SMPL/X_model_npz/SMPL_N_model.(…): 100%|██████████| 88.3M/88.3M [00:01<00:00, 69.6MB/s][SubprocessWorker] callback 'report_progress' from call_id=1
[04:58]   [ComfyUI] 
[04:58]   [ComfyUI] 4_SMPLhub/SMPL/X_model_npz/SMPL_N_model.(…): 100%|██████████| 88.3M/88.3M [00:01<00:00, 68.2MB/s]
[04:58]   [ComfyUI] [worker:ComfyUI-MotionCapture] INFO: [LoadGVHMRModels] Downloaded SMPL_NEUTRAL.npz
[04:58]   [ComfyUI] [05/11 06:21:44][INFO] [LoadGVHMRModels] Downloaded SMPL_NEUTRAL.npz
[04:58]   [ComfyUI] [worker:ComfyUI-MotionCapture] INFO: [LoadGVHMRModels] SMPLX_FEMALE.npz not found, downloading from HuggingFace...
[04:58]   [ComfyUI] [05/11 06:21:44][INFO] [LoadGVHMRModels] SMPLX_FEMALE.npz not found, downloading from HuggingFace...
[04:58]   [ComfyUI] [worker:ComfyUI-MotionCapture] INFO: [LoadGVHMRModels] Downloading SMPLX_FEMALE.npz from HuggingFace...
[04:58]   [ComfyUI] [05/11 06:21:44][INFO] [LoadGVHMRModels] Downloading SMPLX_FEMALE.npz from HuggingFace...
[04:58]   [ComfyUI] [worker:ComfyUI-MotionCapture] INFO: HTTP Request: HEAD https://huggingface.co/lithiumice/models_hub/resolve/main/4_SMPLhub/SMPLX/X_npz/SMPLX_FEMALE.npz "HTTP/1.1 302 Found"
[04:58]   [ComfyUI] [05/11 06:21:44][INFO] HTTP Request: HEAD https://huggingface.co/lithiumice/models_hub/resolve/main/4_SMPLhub/SMPLX/X_npz/SMPLX_FEMALE.npz "HTTP/1.1 302 Found"
[04:58]   [ComfyUI] 
[04:59]   [ComfyUI] 4_SMPLhub/SMPLX/X_npz/SMPLX_FEMALE.npz:   0%|          | 0.00/109M [00:00<?, ?B/s][worker:ComfyUI-MotionCapture]
[04:59]   [ComfyUI] === WATCHDOG TICK 1 ===
[04:59]   [ComfyUI] [worker:ComfyUI-MotionCapture] Thread 0x0000727f3dffb640 (most recent call first):
[04:59]   [ComfyUI]   File "/root/.ce/.pixi/envs/motioncapture-nodes/lib/python3.11/threading.py", line 331 in wait
[04:59]   [ComfyUI]   File "/root/.ce/.pixi/envs/motioncapture-nodes/lib/python3.11/threading.py", line 629 in wait
[04:59]   [ComfyUI]   File "/root/.ce/.pixi/envs/motioncapture-nodes/lib/python3.11/site-packages/tqdm/_monitor.py", line 60 in run
[04:59]   [ComfyUI]   File "/root/.ce/.pixi/envs/motioncapture-nodes/lib/python3.11/threading.py", line 1045 in _bootstrap_inner
[04:59]   [ComfyUI]   File "/root/.ce/.pixi/envs/motioncapture-nodes/lib/python3.11/threading.py", line 1002 in _bootstrap
[04:59]   [ComfyUI] 
[04:59]   [ComfyUI] Thread 0x0000727f3e7fc640 (most recent call first):
[04:59]   [ComfyUI]   File "/root/.ce/.pixi/envs/motioncapture-nodes/lib/python3.11/threading.py", line 331 in wait
[04:59]   [ComfyUI]   File "/root/.ce/.pixi/envs/motioncapture-nodes/lib/python3.11/threading.py", line 629 in wait
[04:59]   [ComfyUI]   File "/root/.ce/.pixi/envs/motioncapture-nodes/lib/python3.11/site-packages/tqdm/_monitor.py", line 60 in run
[04:59]   [ComfyUI]   File "/root/.ce/.pixi/envs/motioncapture-nodes/lib/python3.11/threading.py", line 1045 in _bootstrap_inner
[04:59]   [ComfyUI]   File "/root/.ce/.pixi/envs/motioncapture-nodes/lib/python3.11/threading.py", line 1002 in _bootstrap
[04:59]   [ComfyUI] 
[04:59]   [ComfyUI] Thread 0x0000727f3effd640 (most recent call first):
[04:59]   [ComfyUI]   File "/root/.ce/.pixi/envs/motioncapture-nodes/lib/python3.11/threading.py", line 331 in wait
[04:59]   [ComfyUI]   File "/root/.ce/.pixi/envs/motioncapture-nodes/lib/python3.11/threading.py", line 629 in wait
[04:59]   [ComfyUI]   File "/root/.ce/.pixi/envs/motioncapture-nodes/lib/python3.11/site-packages/tqdm/_monitor.py", line 60 in run
[04:59]   [ComfyUI]   File "/root/.ce/.pixi/envs/motioncapture-nodes/lib/python3.11/threading.py", line 1045 in _bootstrap_inner
[04:59]   [ComfyUI]   File "/root/.ce/.pixi/envs/motioncapture-nodes/lib/python3.11/threading.py", line 1002 in _bootstrap
[04:59]   [ComfyUI] 
[04:59]   [ComfyUI] Thread 0x0000727f3f7fe640 (most recent call first):
[04:59]   [ComfyUI]   File "/root/.ce/.pixi/envs/motioncapture-nodes/lib/python3.11/threading.py", line 331 in wait
[04:59]   [ComfyUI]   File "/root/.ce/.pixi/envs/motioncapture-nodes/lib/python3.11/threading.py", line 629 in wait
[04:59]   [ComfyUI]   File "/root/.ce/.pixi/envs/motioncapture-nodes/lib/python3.11/site-packages/tqdm/_monitor.py", line 60 in run
[04:59]   [ComfyUI]   File "/root/.ce/.pixi/envs/motioncapture-nodes/lib/python3.11/threading.py", line 1045 in _bootstrap_inner
[04:59]   [ComfyUI]   File "/root/.ce/.pixi/envs/motioncapture-nodes/lib/python3.11/threading.py", line 1002 in _bootstrap
[04:59]   [ComfyUI] 
[04:59]   [ComfyUI] Thread 0x0000727f3ffff640 (most recent call first):
[04:59]   [ComfyUI]   File "/root/.ce/.pixi/envs/motioncapture-nodes/lib/python3.11/threading.py", line 331 in wait
[04:59]   [ComfyUI]   File "/root/.ce/.pixi/envs/motioncapture-nodes/lib/python3.11/threading.py", line 629 in wait
[04:59]   [ComfyUI]   File "/root/.ce/.pixi/envs/motioncapture-nodes/lib/python3.11/site-packages/tqdm/_monitor.py", line 60 in run
[04:59]   [ComfyUI]   File "/root/.ce/.pixi/envs/motioncapture-nodes/lib/python3.11/threading.py", line 1045 in _bootstrap_inner
[04:59]   [ComfyUI]   File "/root/.ce/.pixi/envs/motioncapture-nodes/lib/python3.11/threading.py", line 1002 in _bootstrap
[04:59]   [ComfyUI] 
[04:59]   [ComfyUI] Thread 0x0000727f68a8a640 (most recent call first):
[04:59]   [ComfyUI]   File "/root/.ce/.pixi/envs/motioncapture-nodes/lib/python3.11/threading.py", line 331 in wait
[04:59]   [ComfyUI]   File "/root/.ce/.pixi/envs/motioncapture-nodes/lib/python3.11/threading.py", line 629 in wait
[04:59]   [ComfyUI]   File "/root/.ce/.pixi/envs/motioncapture-nodes/lib/python3.11/site-packages/tqdm/_monitor.py", line 60 in run
[04:59]   [ComfyUI]   File "/root/.ce/.pixi/envs/motioncapture-nodes/lib/python3.11/threading.py", line 1045 in _bootstrap_inner
[04:59]   [ComfyUI]   File "/root/.ce/.pixi/envs/motioncapture-nodes/lib/python3.11/threading.py", line 1002 in _bootstrap
[04:59]   [ComfyUI] 
[04:59]   [ComfyUI] Thread 0x0000727f7dfff640 (most recent call first):
[04:59]   [ComfyUI]   File "/root/.ce/.pixi/envs/motioncapture-nodes/lib/python3.11/threading.py", line 331 in wait
[04:59]   [ComfyUI]   File "/root/.ce/.pixi/envs/motioncapture-nodes/lib/python3.11/threading.py", line 629 in wait
[04:59]   [ComfyUI]   File "/root/.ce/.pixi/envs/motioncapture-nodes/lib/python3.11/site-packages/tqdm/_monitor.py", line 60 in run
[04:59]   [ComfyUI]   File "/root/.ce/.pixi/envs/motioncapture-nodes/lib/python3.11/threading.py", line 1045 in _bootstrap_inner
[04:59]   [ComfyUI]   File "/root/.ce/.pixi/envs/motioncapture-nodes/lib/python3.11/threading.py", line 1002 in _bootstrap
[04:59]   [ComfyUI] 
[04:59]   [ComfyUI] Thread 0x00007283913d0640 (most recent call first):
[04:59]   [ComfyUI]   File "/tmp/comfyui_pvenv_w4qowdpx/persistent_worker.py", line 106 in _vram_poller
[04:59]   [ComfyUI]   File "/root/.ce/.pixi/envs/motioncapture-nodes/lib/python3.11/threading.py", line 982 in run
[04:59]   [ComfyUI]   File "/root/.ce/.pixi/envs/motioncapture-nodes/lib/python3.11/threading.py", line 1045 in _bootstrap_inner
[04:59]   [ComfyUI]   File "/root/.ce/.pixi/envs/motioncapture-nodes/lib/python3.11/threading.py", line 1002 in _bootstrap
[04:59]   [ComfyUI] 
[04:59]   [ComfyUI] Current thread 0x0000728391bd5640 (most recent call first):
[04:59]   [ComfyUI]   File "/tmp/comfyui_pvenv_w4qowdpx/persistent_worker.py", line 52 in _watchdog
[04:59]   [ComfyUI]   File "/root/.ce/.pixi/envs/motioncapture-nodes/lib/python3.11/threading.py", line 982 in run
[04:59]   [ComfyUI]   File "/root/.ce/.pixi/envs/motioncapture-nodes/lib/python3.11/threading.py", line 1045 in _bootstrap_inner
[04:59]   [ComfyUI]   File "/root/.ce/.pixi/envs/motioncapture-nodes/lib/python3.11/threading.py", line 1002 in _bootstrap
[04:59]   [ComfyUI] 
[04:59]   [ComfyUI] Thread 0x00007283921f5740 (most recent call first):
[04:59]   [ComfyUI]   File "/root/.ce/.pixi/envs/motioncapture-nodes/lib/python3.11/site-packages/huggingface_hub/file_download.py", line 558 in xet_get
[04:59]   [ComfyUI]   File "/root/.ce/.pixi/envs/motioncapture-nodes/lib/python3.11/site-packages/huggingface_hub/file_download.py", line 1842 in _download_to_tmp_and_move
[04:59]   [ComfyUI]   File "/root/.ce/.pixi/envs/motioncapture-nodes/lib/python3.11/site-packages/huggingface_hub/file_download.py", line 1427 in _hf_hub_download_to_local_dir
[04:59]   [ComfyUI]   File "/root/.ce/.pixi/envs/motioncapture-nodes/lib/python3.11/site-packages/huggingface_hub/file_download.py", line 976 in hf_hub_download
[04:59]   [ComfyUI]   File "/root/.ce/.pixi/envs/motioncapture-nodes/lib/python3.11/site-packages/huggingface_hub/utils/_validators.py", line 88 in _inner_fn
[04:59]   [ComfyUI]   File "/workspaces/MotionCapture-0616/ComfyUI/custom_nodes/ComfyUI-MotionCapture/nodes/load_model.py", line 154 in download_smpl_from_hf
[04:59]   [ComfyUI]   File "/workspaces/MotionCapture-0616/ComfyUI/custom_nodes/ComfyUI-MotionCapture/nodes/load_model.py", line 189 in check_smpl_models
[04:59]   [ComfyUI]   File "/workspaces/MotionCapture-0616/ComfyUI/custom_nodes/ComfyUI-MotionCapture/nodes/load_model.py", line 269 in execute
[04:59]   [ComfyUI]   File "/workspaces/MotionCapture-0616/ComfyUI/comfy_api/latest/_io.py", line 1833 in EXECUTE_NORMALIZED
[04:59]   [ComfyUI]   File "/tmp/comfyui_pvenv_w4qowdpx/persistent_worker.py", line 1762 in main
[04:59]   [ComfyUI]   File "/tmp/comfyui_pvenv_w4qowdpx/persistent_worker.py", line 1807 in <module>
[04:59]   [ComfyUI] 
[04:59]   [ComfyUI] [worker:ComfyUI-MotionCapture] === END ===
[04:59]   [ComfyUI] 
[05:00]   [ComfyUI] 
[05:00]   [ComfyUI] 4_SMPLhub/SMPLX/X_npz/SMPLX_FEMALE.npz: 100%|██████████| 109M/109M [00:01<00:00, 63.5MB/s][SubprocessWorker] callback 'report_progress' from call_id=1
[05:00]   [ComfyUI] 
[05:00]   [ComfyUI] 4_SMPLhub/SMPLX/X_npz/SMPLX_FEMALE.npz: 100%|██████████| 109M/109M [00:01<00:00, 63.5MB/s]
[05:00]   [ComfyUI] [worker:ComfyUI-MotionCapture] INFO: [LoadGVHMRModels] Downloaded SMPLX_FEMALE.npz
[05:00]   [ComfyUI] [05/11 06:21:46][INFO] [LoadGVHMRModels] Downloaded SMPLX_FEMALE.npz
[05:00]   [ComfyUI] [worker:ComfyUI-MotionCapture] INFO: [LoadGVHMRModels] SMPLX_MALE.npz not found, downloading from HuggingFace...
[05:00]   [ComfyUI] [05/11 06:21:46][INFO] [LoadGVHMRModels] SMPLX_MALE.npz not found, downloading from HuggingFace...
[05:00]   [ComfyUI] [worker:ComfyUI-MotionCapture] INFO: [LoadGVHMRModels] Downloading SMPLX_MALE.npz from HuggingFace...
[05:00]   [ComfyUI] [05/11 06:21:46][INFO] [LoadGVHMRModels] Downloading SMPLX_MALE.npz from HuggingFace...
[05:00]   [ComfyUI] [worker:ComfyUI-MotionCapture] INFO: HTTP Request: HEAD https://huggingface.co/lithiumice/models_hub/resolve/main/4_SMPLhub/SMPLX/X_npz/SMPLX_MALE.npz "HTTP/1.1 302 Found"
[05:00]   [ComfyUI] [05/11 06:21:46][INFO] HTTP Request: HEAD https://huggingface.co/lithiumice/models_hub/resolve/main/4_SMPLhub/SMPLX/X_npz/SMPLX_MALE.npz "HTTP/1.1 302 Found"
[05:00]   [ComfyUI] 
[05:02]   [capture-loop] iter=550 t=63.1s state={'complete': False, 'error': None, 'executedCount': 0, 'wsState': 1} eval_ms=2 ram=3.5/31.3GB (11%) swap=0.7/32.0GB (2%) cpu=6% browser_rss=0.81GB
[05:02]   [ComfyUI] 4_SMPLhub/SMPLX/X_npz/SMPLX_MALE.npz:   0%|          | 0.00/109M [00:00<?, ?B/s]
[05:02]   [ComfyUI] 4_SMPLhub/SMPLX/X_npz/SMPLX_MALE.npz: 100%|██████████| 109M/109M [00:01<00:00, 65.4MB/s][SubprocessWorker] callback 'report_progress' from call_id=1
[05:02]   [ComfyUI] 
[05:02]   [ComfyUI] 4_SMPLhub/SMPLX/X_npz/SMPLX_MALE.npz: 100%|██████████| 109M/109M [00:01<00:00, 65.4MB/s]
[05:02]   [ComfyUI] [worker:ComfyUI-MotionCapture] INFO: [LoadGVHMRModels] Downloaded SMPLX_MALE.npz
[05:02]   [ComfyUI] [05/11 06:21:48][INFO] [LoadGVHMRModels] Downloaded SMPLX_MALE.npz
[05:02]   [ComfyUI] [worker:ComfyUI-MotionCapture] INFO: [LoadGVHMRModels] SMPLX_NEUTRAL.npz not found, downloading from HuggingFace...
[05:02]   [ComfyUI] [05/11 06:21:48][INFO] [LoadGVHMRModels] SMPLX_NEUTRAL.npz not found, downloading from HuggingFace...
[05:02]   [ComfyUI] [worker:ComfyUI-MotionCapture] INFO: [LoadGVHMRModels] Downloading SMPLX_NEUTRAL.npz from HuggingFace...
[05:02]   [ComfyUI] [05/11 06:21:48][INFO] [LoadGVHMRModels] Downloading SMPLX_NEUTRAL.npz from HuggingFace...
[05:02]   [ComfyUI] [worker:ComfyUI-MotionCapture] INFO: HTTP Request: HEAD https://huggingface.co/lithiumice/models_hub/resolve/main/4_SMPLhub/SMPLX/X_npz/SMPLX_NEUTRAL.npz "HTTP/1.1 302 Found"
[05:02]   [ComfyUI] [05/11 06:21:48][INFO] HTTP Request: HEAD https://huggingface.co/lithiumice/models_hub/resolve/main/4_SMPLhub/SMPLX/X_npz/SMPLX_NEUTRAL.npz "HTTP/1.1 302 Found"
[05:02]   [ComfyUI] 
[05:04]   [ComfyUI] 4_SMPLhub/SMPLX/X_npz/SMPLX_NEUTRAL.npz:   0%|          | 0.00/109M [00:00<?, ?B/s]
[05:04]   [ComfyUI] 4_SMPLhub/SMPLX/X_npz/SMPLX_NEUTRAL.npz: 100%|██████████| 109M/109M [00:01<00:00, 55.4MB/s][SubprocessWorker] callback 'report_progress' from call_id=1
[05:04]   [ComfyUI] 
[05:04]   [ComfyUI] 4_SMPLhub/SMPLX/X_npz/SMPLX_NEUTRAL.npz: 100%|██████████| 109M/109M [00:01<00:00, 55.3MB/s]
[05:04]   [ComfyUI] [worker:ComfyUI-MotionCapture] INFO: [LoadGVHMRModels] Downloaded SMPLX_NEUTRAL.npz
[05:04]   [ComfyUI] [05/11 06:21:50][INFO] [LoadGVHMRModels] Downloaded SMPLX_NEUTRAL.npz
[05:04]   [ComfyUI] [worker:ComfyUI-MotionCapture] INFO: [LoadGVHMRModels] SMPL body models found
[05:04]   [ComfyUI] [05/11 06:21:50][INFO] [LoadGVHMRModels] SMPL body models found
[05:04]   [ComfyUI] [worker:ComfyUI-MotionCapture] INFO: [LoadGVHMRModels] All models verified!
[05:04]   [ComfyUI] [05/11 06:21:50][INFO] [LoadGVHMRModels] All models verified!
[05:04]   [ComfyUI] [SubprocessWorker] got response: ok
[05:04]   [ComfyUI] [comfy-env] LoadGVHMRModels done (65.16s): result: NodeOutput
[05:04]   [ComfyUI] [VRAM] After LoadGVHMRModels: 269 / 7703 MB
[05:04]   [ComfyUI] [comfy-env] Running GVHMRInference: moving_camera: False, focal_length_mm: 0, bbox_scale: 1.2, vo_method: 'simple_vo', vo_scale: 0.5, vo_step: 8, chunk_size: 32, video: VideoFromFile, video_mask: VideoFromFile, config: dict
[05:04]   [ComfyUI] [VRAM] Before GVHMRInference: 269 / 7703 MB
[05:04]   [ComfyUI] [SubprocessWorker] call_method: nodes.inference_node.GVHMRInference.EXECUTE_NORMALIZED
[05:04]   [ComfyUI] [SubprocessWorker] acquired lock, ensuring started...
[05:04]   [ComfyUI] [ComfyUI-MotionCapture] Health check: ping (timeout=5.0s)...
[05:04]   [ComfyUI] [ComfyUI-MotionCapture] Health check: ok
[05:04]   [ComfyUI] [SubprocessWorker] worker started/confirmed
[05:04]   [ComfyUI] [SubprocessWorker] serializing kwargs to shm...
[05:04]   [ComfyUI] [SubprocessWorker] created 2 shm blocks
[05:04]   [ComfyUI] [SubprocessWorker] sending request via socket...
[05:04]   [ComfyUI] [SubprocessWorker] call_id=2 sending call_method
[05:04]   [ComfyUI] [worker:ComfyUI-MotionCapture] INFO: ============================================================
[05:04]   [ComfyUI] [05/11 06:21:50][INFO] ============================================================
[05:04]   [ComfyUI] [worker:ComfyUI-MotionCapture] INFO: [GVHMRInference] Starting GVHMR inference with parameters:
[05:04]   [ComfyUI] [05/11 06:21:50][INFO] [GVHMRInference] Starting GVHMR inference with parameters:
[05:04]   [ComfyUI] [worker:ComfyUI-MotionCapture] INFO:   video:           312 frames @ (812, 720)
[05:04]   [ComfyUI] [05/11 06:21:50][INFO]   video:           312 frames @ (812, 720)
[05:04]   [ComfyUI] [worker:ComfyUI-MotionCapture] INFO:   video_mask:      312 frames @ (816, 720)
[05:04]   [ComfyUI] [05/11 06:21:50][INFO]   video_mask:      312 frames @ (816, 720)
[05:04]   [ComfyUI] [worker:ComfyUI-MotionCapture] INFO:   moving_camera:   False
[05:04]   [ComfyUI] [05/11 06:21:50][INFO]   moving_camera:   False
[05:04]   [ComfyUI] [worker:ComfyUI-MotionCapture] INFO:   focal_length_mm: 0
[05:04]   [ComfyUI] [05/11 06:21:50][INFO]   focal_length_mm: 0
[05:04]   [ComfyUI] [worker:ComfyUI-MotionCapture] INFO:   bbox_scale:      1.2
[05:04]   [ComfyUI] [05/11 06:21:50][INFO]   bbox_scale:      1.2
[05:04]   [ComfyUI] [worker:ComfyUI-MotionCapture] INFO:   vo_method:       simple_vo
[05:04]   [ComfyUI] [05/11 06:21:50][INFO]   vo_method:       simple_vo
[05:04]   [ComfyUI] [worker:ComfyUI-MotionCapture] INFO:   vo_scale:        0.5
[05:04]   [ComfyUI] [05/11 06:21:50][INFO]   vo_scale:        0.5
[05:04]   [ComfyUI] [worker:ComfyUI-MotionCapture] INFO:   vo_step:         8
[05:04]   [ComfyUI] [05/11 06:21:50][INFO]   vo_step:         8
[05:04]   [ComfyUI] [worker:ComfyUI-MotionCapture] INFO:   intrinsics:      None
[05:04]   [ComfyUI] [05/11 06:21:50][INFO]   intrinsics:      None
[05:04]   [ComfyUI] [worker:ComfyUI-MotionCapture] INFO:   chunk_size:      32
[05:04]   [ComfyUI] [05/11 06:21:50][INFO]   chunk_size:      32
[05:04]   [ComfyUI] [worker:ComfyUI-MotionCapture] INFO:   config keys:     ['models_dir', 'gvhmr_path', 'vitpose_path', 'hmr2_path', 'body_models_path', 'precision', 'attention', 'dpvo_dir']
[05:04]   [ComfyUI] [05/11 06:21:50][INFO]   config keys:     ['models_dir', 'gvhmr_path', 'vitpose_path', 'hmr2_path', 'body_models_path', 'precision', 'attention', 'dpvo_dir']
[05:04]   [ComfyUI] [worker:ComfyUI-MotionCapture] INFO:   dpvo_dir:
[05:04]   [ComfyUI] [05/11 06:21:50][INFO]   dpvo_dir:
[05:04]   [ComfyUI] [worker:ComfyUI-MotionCapture] INFO: ============================================================
[05:04]   [ComfyUI] [05/11 06:21:50][INFO] ============================================================
[05:04]   [ComfyUI] [worker:ComfyUI-MotionCapture] INFO: [Memory] Start of run_inference: RSS=1036 MB, GPU=0 MB
[05:04]   [ComfyUI] [05/11 06:21:50][INFO] [Memory] Start of run_inference: RSS=1036 MB, GPU=0 MB
[05:04]   [ComfyUI] [worker:ComfyUI-MotionCapture] INFO: Using pytorch attention
[05:04]   [ComfyUI] [05/11 06:21:50][INFO] Using pytorch attention
[05:04]   [ComfyUI] [worker:ComfyUI-MotionCapture] WARNING: No comfy kitchen, using old apply_rope functions.
[05:04]   [ComfyUI] [05/11 06:21:51][WARNING] No comfy kitchen, using old apply_rope functions.
[05:05]   Frame 20 saved (frame_019.jpg, t=66.3s)
[05:05]   [capture-periodic] freeze=1ms shot=166ms unfreeze=4ms saved=True
[05:07]   [ComfyUI] [worker:ComfyUI-MotionCapture] INFO: [GVHMRInference] Loading GVHMR models...
[05:07]   [ComfyUI] [05/11 06:21:53][INFO] [GVHMRInference] Loading GVHMR models...
[05:07]   [ComfyUI] [worker:ComfyUI-MotionCapture] INFO: [GVHMRInference] Precision: torch.bfloat16
[05:07]   [ComfyUI] [05/11 06:21:53][INFO] [GVHMRInference] Precision: torch.bfloat16
[05:07]   [ComfyUI] [worker:ComfyUI-MotionCapture] INFO: [GVHMRInference] Loading GVHMR from /workspaces/MotionCapture-0616/ComfyUI/models/motion_capture/gvhmr.safetensors...
[05:07]   [ComfyUI] [05/11 06:21:53][INFO] [GVHMRInference] Loading GVHMR from /workspaces/MotionCapture-0616/ComfyUI/models/motion_capture/gvhmr.safetensors...
[05:07]   [ComfyUI] [worker:ComfyUI-MotionCapture] INFO: [EnDecoder] Use MM_V1_AMASS_LOCAL_BEDLAM_CAM for statistics!
[05:07]   [ComfyUI] [05/11 06:21:53][INFO] [EnDecoder] Use MM_V1_AMASS_LOCAL_BEDLAM_CAM for statistics!
[05:07]   [capture-loop] iter=600 t=68.6s state={'complete': False, 'error': None, 'executedCount': 0, 'wsState': 1} eval_ms=2 ram=3.6/31.3GB (11%) swap=0.7/32.0GB (2%) cpu=9% browser_rss=0.82GB
[05:07]   [ComfyUI] /root/.ce/.pixi/envs/motioncapture-nodes/lib/python3.11/site-packages/numpy/lib/_format_impl.py:838: VisibleDeprecationWarning: dtype(): align should be passed as Python or NumPy boolean but got `align=0`. Did you mean to pass a tuple to create a subarray type? (Deprecated NumPy 2.4)
[05:07]   [ComfyUI]   array = pickle.load(fp, **pickle_kwargs)
[05:08]   [ComfyUI] /root/.ce/.pixi/envs/motioncapture-nodes/lib/python3.11/site-packages/torch/utils/_device.py:116: UserWarning: Sparse invariant checks are implicitly disabled. Memory errors (e.g. SEGFAULT) will occur when operating on a sparse tensor which violates the invariants, but checks incur performance overhead. To silence this warning, explicitly opt in or out. See `torch.sparse.check_sparse_tensor_invariants.__doc__` for guidance.  (Triggered internally at /pytorch/aten/src/ATen/Context.cpp:760.)
[05:08]   [ComfyUI]   return func(*args, **kwargs)
[05:08]   [ComfyUI] [worker:ComfyUI-MotionCapture] INFO: [PL-Trainer] Loading ckpt type: /workspaces/MotionCapture-0616/ComfyUI/models/motion_capture/gvhmr.safetensors
[05:08]   [ComfyUI] [05/11 06:21:54][INFO] [PL-Trainer] Loading ckpt type: /workspaces/MotionCapture-0616/ComfyUI/models/motion_capture/gvhmr.safetensors
[05:08]   [ComfyUI] [worker:ComfyUI-MotionCapture] INFO: [GVHMRInference] Initializing ViTPose extractor...
[05:08]   [ComfyUI] [05/11 06:21:54][INFO] [GVHMRInference] Initializing ViTPose extractor...
[05:09]   [ComfyUI] [worker:ComfyUI-MotionCapture] INFO: [GVHMRInference] Initializing feature extractor...
[05:09]   [ComfyUI] [05/11 06:21:55][INFO] [GVHMRInference] Initializing feature extractor...
[05:10]   [ComfyUI] [worker:ComfyUI-MotionCapture] INFO: [Memory] After all models loaded: RSS=6216 MB, GPU=0 MB
[05:10]   [ComfyUI] [05/11 06:21:56][INFO] [Memory] After all models loaded: RSS=6216 MB, GPU=0 MB
[05:10]   [ComfyUI] [worker:ComfyUI-MotionCapture] INFO: [GVHMRInference] All models loaded successfully!
[05:10]   [ComfyUI] [05/11 06:21:56][INFO] [GVHMRInference] All models loaded successfully!
[05:10]   [ComfyUI] [worker:ComfyUI-MotionCapture] INFO: [GVHMRInference] Video: 312 frames @ 812x720
[05:10]   [ComfyUI] [05/11 06:21:56][INFO] [GVHMRInference] Video: 312 frames @ 812x720
[05:10]   [ComfyUI] [worker:ComfyUI-MotionCapture] INFO: [GVHMRInference] Mask: 312 frames @ 816x720
[05:10]   [ComfyUI] [05/11 06:21:56][INFO] [GVHMRInference] Mask: 312 frames @ 816x720
[05:10]   [ComfyUI] [worker:ComfyUI-MotionCapture] INFO: [GVHMRInference] Processing 312 frames, static_camera=True
[05:10]   [ComfyUI] [05/11 06:21:56][INFO] [GVHMRInference] Processing 312 frames, static_camera=True
[05:10]   [ComfyUI] [worker:ComfyUI-MotionCapture] INFO: [Memory] Start of prepare_data_from_videos: RSS=6216 MB, GPU=0 MB
[05:10]   [ComfyUI] [05/11 06:21:56][INFO] [Memory] Start of prepare_data_from_videos: RSS=6216 MB, GPU=0 MB
[05:10]   [ComfyUI] [worker:ComfyUI-MotionCapture] INFO: [GVHMRInference] Phase 1: Extracting bounding boxes from mask video...
[05:10]   [ComfyUI] [05/11 06:21:56][INFO] [GVHMRInference] Phase 1: Extracting bounding boxes from mask video...
[05:11]   [ComfyUI] [worker:ComfyUI-MotionCapture] INFO: [GVHMRInference] Extracted 312 bounding boxes
[05:11]   [ComfyUI] [05/11 06:21:57][INFO] [GVHMRInference] Extracted 312 bounding boxes
[05:11]   [ComfyUI] [worker:ComfyUI-MotionCapture] INFO: [Memory] After bbox extraction from mask video: RSS=6233 MB, GPU=0 MB
[05:11]   [ComfyUI] [05/11 06:21:57][INFO] [Memory] After bbox extraction from mask video: RSS=6233 MB, GPU=0 MB
[05:11]   [ComfyUI] [worker:ComfyUI-MotionCapture] WARNING: [GVHMRInference] Mask resolution (816x720) != video resolution (812x720). Scaling bboxes.
[05:11]   [ComfyUI] [05/11 06:21:57][WARNING] [GVHMRInference] Mask resolution (816x720) != video resolution (812x720). Scaling bboxes.
[05:11]   [ComfyUI] [worker:ComfyUI-MotionCapture] INFO: [GVHMRInference] bboxes_xyxy: torch.Size([312, 4]), bbx_xys: torch.Size([312, 3])
[05:11]   [ComfyUI] [05/11 06:21:57][INFO] [GVHMRInference] bboxes_xyxy: torch.Size([312, 4]), bbx_xys: torch.Size([312, 3])
[05:11]   [ComfyUI] [SubprocessWorker] callback 'request_vram_budget' from call_id=2
[05:11]   [ComfyUI] [comfy-env] VRAM request: 1.27GB, free before eviction: 7.80GB
[05:11]   [ComfyUI] [comfy-env] VRAM after eviction: 7.80GB
[05:11]   [ComfyUI] [worker:ComfyUI-MotionCapture] INFO: Requested to load VitPoseModel
[05:11]   [ComfyUI] [05/11 06:21:57][INFO] Requested to load VitPoseModel
[05:11]   [ComfyUI] [worker:ComfyUI-MotionCapture] [VRAM] +212MB (now 212MB) reserved=224MB peak=212MB
[05:12]   [ComfyUI] [worker:ComfyUI-MotionCapture] INFO: loaded completely; 6215.11 MB usable, 1214.91 MB loaded, full load: True
[05:12]   [ComfyUI] [05/11 06:21:58][INFO] loaded completely; 6215.11 MB usable, 1214.91 MB loaded, full load: True
[05:12]   [ComfyUI] [worker:ComfyUI-MotionCapture] INFO: [Memory] ViTPose on GPU: RSS=3817 MB, GPU=1215 MB
[05:12]   [ComfyUI] [05/11 06:21:58][INFO] [Memory] ViTPose on GPU: RSS=3817 MB, GPU=1215 MB
[05:12]   [ComfyUI] [worker:ComfyUI-MotionCapture] INFO: [GVHMRInference] Pass 1/2 (ViTPose): 312 frames in chunks of 32...
[05:12]   [ComfyUI] [05/11 06:21:58][INFO] [GVHMRInference] Pass 1/2 (ViTPose): 312 frames in chunks of 32...
[05:12]   [ComfyUI] [worker:ComfyUI-MotionCapture] INFO: [GVHMRInference] ViTPose chunk [0:32] (32 frames)
[05:12]   [ComfyUI] [05/11 06:21:58][INFO] [GVHMRInference] ViTPose chunk [0:32] (32 frames)
[05:12]   [ComfyUI] [SubprocessWorker] callback 'report_progress' from call_id=2
[05:12]   [ComfyUI] [SubprocessWorker] callback 'report_progress' from call_id=2
[05:12]   [ComfyUI] [worker:ComfyUI-MotionCapture] [VRAM] +1015MB (now 1228MB) reserved=1376MB peak=1268MB
[05:12]   [ComfyUI] [SubprocessWorker] callback 'report_progress' from call_id=2
[05:12]   [ComfyUI] [SubprocessWorker] callback 'report_progress' from call_id=2
[05:13]   [ComfyUI] [worker:ComfyUI-MotionCapture] INFO: [Memory] After ViTPose chunk [0:32]: RSS=4001 MB, GPU=1225 MB
[05:13]   [ComfyUI] [05/11 06:21:59][INFO] [Memory] After ViTPose chunk [0:32]: RSS=4001 MB, GPU=1225 MB
[05:13]   [capture-loop] iter=650 t=74.3s state={'complete': False, 'error': None, 'executedCount': 0, 'wsState': 1} eval_ms=2 ram=6.1/31.3GB (19%) swap=0.7/32.0GB (2%) cpu=18% browser_rss=0.82GB
[05:13]   [ComfyUI] [worker:ComfyUI-MotionCapture] INFO: [GVHMRInference] ViTPose chunk [32:64] (32 frames)
[05:13]   [ComfyUI] [05/11 06:21:59][INFO] [GVHMRInference] ViTPose chunk [32:64] (32 frames)
[05:13]   [ComfyUI] [SubprocessWorker] callback 'report_progress' from call_id=2
[05:13]   [ComfyUI] [SubprocessWorker] callback 'report_progress' from call_id=2
[05:13]   [ComfyUI] [SubprocessWorker] callback 'report_progress' from call_id=2
[05:13]   [ComfyUI] [SubprocessWorker] callback 'report_progress' from call_id=2
[05:14]   [ComfyUI] [worker:ComfyUI-MotionCapture] INFO: [Memory] After ViTPose chunk [32:64]: RSS=4073 MB, GPU=1225 MB
[05:14]   [ComfyUI] [05/11 06:22:00][INFO] [Memory] After ViTPose chunk [32:64]: RSS=4073 MB, GPU=1225 MB
[05:14]   [ComfyUI] [worker:ComfyUI-MotionCapture] INFO: [GVHMRInference] ViTPose chunk [64:96] (32 frames)
[05:14]   [ComfyUI] [05/11 06:22:00][INFO] [GVHMRInference] ViTPose chunk [64:96] (32 frames)
[05:14]   [ComfyUI] [SubprocessWorker] callback 'report_progress' from call_id=2
[05:14]   Frame 21 saved (frame_020.jpg, t=75.3s)
[05:14]   [capture-periodic] freeze=3ms shot=159ms unfreeze=2ms saved=True
[05:14]   [ComfyUI] [SubprocessWorker] callback 'report_progress' from call_id=2
[05:14]   [ComfyUI] [SubprocessWorker] callback 'report_progress' from call_id=2
[05:14]   [ComfyUI] [SubprocessWorker] callback 'report_progress' from call_id=2
[05:15]   [ComfyUI] [worker:ComfyUI-MotionCapture] INFO: [Memory] After ViTPose chunk [64:96]: RSS=4097 MB, GPU=1225 MB
[05:15]   [ComfyUI] [05/11 06:22:01][INFO] [Memory] After ViTPose chunk [64:96]: RSS=4097 MB, GPU=1225 MB
[05:15]   [ComfyUI] [worker:ComfyUI-MotionCapture] INFO: [GVHMRInference] ViTPose chunk [96:128] (32 frames)
[05:15]   [ComfyUI] [05/11 06:22:01][INFO] [GVHMRInference] ViTPose chunk [96:128] (32 frames)
[05:15]   [ComfyUI] [SubprocessWorker] callback 'report_progress' from call_id=2
[05:15]   [ComfyUI] [SubprocessWorker] callback 'report_progress' from call_id=2
[05:15]   [ComfyUI] [SubprocessWorker] callback 'report_progress' from call_id=2
[05:15]   [ComfyUI] [SubprocessWorker] callback 'report_progress' from call_id=2
[05:16]   [ComfyUI] [worker:ComfyUI-MotionCapture] INFO: [Memory] After ViTPose chunk [96:128]: RSS=4145 MB, GPU=1225 MB
[05:16]   [ComfyUI] [05/11 06:22:02][INFO] [Memory] After ViTPose chunk [96:128]: RSS=4145 MB, GPU=1225 MB
[05:16]   [ComfyUI] [worker:ComfyUI-MotionCapture] INFO: [GVHMRInference] ViTPose chunk [128:160] (32 frames)
[05:16]   [ComfyUI] [05/11 06:22:02][INFO] [GVHMRInference] ViTPose chunk [128:160] (32 frames)
[05:16]   [ComfyUI] [SubprocessWorker] callback 'report_progress' from call_id=2
[05:16]   [ComfyUI] [SubprocessWorker] callback 'report_progress' from call_id=2
[05:16]   [ComfyUI] [SubprocessWorker] callback 'report_progress' from call_id=2
[05:16]   [ComfyUI] [SubprocessWorker] callback 'report_progress' from call_id=2
[05:16]   Frame 22 saved (frame_021.jpg, t=77.6s)
[05:16]   [capture-periodic] freeze=1ms shot=158ms unfreeze=2ms saved=True
[05:16]   [ComfyUI] [worker:ComfyUI-MotionCapture] INFO: [Memory] After ViTPose chunk [128:160]: RSS=4217 MB, GPU=1225 MB
[05:16]   [ComfyUI] [05/11 06:22:03][INFO] [Memory] After ViTPose chunk [128:160]: RSS=4217 MB, GPU=1225 MB
[05:17]   [ComfyUI] [worker:ComfyUI-MotionCapture] INFO: [GVHMRInference] ViTPose chunk [160:192] (32 frames)
[05:17]   [ComfyUI] [05/11 06:22:03][INFO] [GVHMRInference] ViTPose chunk [160:192] (32 frames)
[05:17]   [ComfyUI] [SubprocessWorker] callback 'report_progress' from call_id=2
[05:17]   [ComfyUI] [SubprocessWorker] callback 'report_progress' from call_id=2
[05:17]   [ComfyUI] [SubprocessWorker] callback 'report_progress' from call_id=2
[05:17]   [ComfyUI] [SubprocessWorker] callback 'report_progress' from call_id=2
[05:17]   [ComfyUI] [worker:ComfyUI-MotionCapture] INFO: [Memory] After ViTPose chunk [160:192]: RSS=4241 MB, GPU=1225 MB
[05:17]   [ComfyUI] [05/11 06:22:04][INFO] [Memory] After ViTPose chunk [160:192]: RSS=4241 MB, GPU=1225 MB
[05:17]   [ComfyUI] [worker:ComfyUI-MotionCapture] INFO: [GVHMRInference] ViTPose chunk [192:224] (32 frames)
[05:17]   [ComfyUI] [05/11 06:22:04][INFO] [GVHMRInference] ViTPose chunk [192:224] (32 frames)
[05:18]   [ComfyUI] [SubprocessWorker] callback 'report_progress' from call_id=2
[05:18]   [ComfyUI] [SubprocessWorker] callback 'report_progress' from call_id=2
[05:18]   [ComfyUI] [SubprocessWorker] callback 'report_progress' from call_id=2
[05:18]   [ComfyUI] [SubprocessWorker] callback 'report_progress' from call_id=2
[05:18]   [ComfyUI] [worker:ComfyUI-MotionCapture] INFO: [Memory] After ViTPose chunk [192:224]: RSS=4265 MB, GPU=1225 MB
[05:18]   [ComfyUI] [05/11 06:22:04][INFO] [Memory] After ViTPose chunk [192:224]: RSS=4265 MB, GPU=1225 MB
[05:18]   [ComfyUI] [worker:ComfyUI-MotionCapture] INFO: [GVHMRInference] ViTPose chunk [224:256] (32 frames)
[05:18]   [ComfyUI] [05/11 06:22:05][INFO] [GVHMRInference] ViTPose chunk [224:256] (32 frames)
[05:18]   [capture-loop] iter=700 t=79.9s state={'complete': False, 'error': None, 'executedCount': 0, 'wsState': 1} eval_ms=2 ram=6.3/31.3GB (20%) swap=0.7/32.0GB (2%) cpu=16% browser_rss=0.82GB
[05:18]   [ComfyUI] [SubprocessWorker] callback 'report_progress' from call_id=2
[05:19]   [ComfyUI] [SubprocessWorker] callback 'report_progress' from call_id=2
[05:19]   Frame 23 saved (frame_022.jpg, t=79.9s)
[05:19]   [capture-periodic] freeze=1ms shot=149ms unfreeze=2ms saved=True
[05:19]   [ComfyUI] [SubprocessWorker] callback 'report_progress' from call_id=2
[05:19]   [ComfyUI] [SubprocessWorker] callback 'report_progress' from call_id=2
[05:19]   [ComfyUI] [worker:ComfyUI-MotionCapture] INFO: [Memory] After ViTPose chunk [224:256]: RSS=4289 MB, GPU=1225 MB
[05:19]   [ComfyUI] [05/11 06:22:05][INFO] [Memory] After ViTPose chunk [224:256]: RSS=4289 MB, GPU=1225 MB
[05:19]   [ComfyUI] [worker:ComfyUI-MotionCapture] INFO: [GVHMRInference] ViTPose chunk [256:288] (32 frames)
[05:19]   [ComfyUI] [05/11 06:22:05][INFO] [GVHMRInference] ViTPose chunk [256:288] (32 frames)
[05:19]   [ComfyUI] [SubprocessWorker] callback 'report_progress' from call_id=2
[05:19]   [ComfyUI] [SubprocessWorker] callback 'report_progress' from call_id=2
[05:20]   [ComfyUI] [SubprocessWorker] callback 'report_progress' from call_id=2
[05:20]   [ComfyUI] [SubprocessWorker] callback 'report_progress' from call_id=2
[05:20]   [ComfyUI] [worker:ComfyUI-MotionCapture] INFO: [Memory] After ViTPose chunk [256:288]: RSS=4313 MB, GPU=1225 MB
[05:20]   [ComfyUI] [05/11 06:22:06][INFO] [Memory] After ViTPose chunk [256:288]: RSS=4313 MB, GPU=1225 MB
[05:20]   [ComfyUI] [worker:ComfyUI-MotionCapture] INFO: [GVHMRInference] ViTPose chunk [288:312] (24 frames)
[05:20]   [ComfyUI] [05/11 06:22:06][INFO] [GVHMRInference] ViTPose chunk [288:312] (24 frames)
[05:20]   [ComfyUI] [SubprocessWorker] callback 'report_progress' from call_id=2
[05:20]   [ComfyUI] [SubprocessWorker] callback 'report_progress' from call_id=2
[05:20]   [ComfyUI] [SubprocessWorker] callback 'report_progress' from call_id=2
[05:21]   [ComfyUI] [worker:ComfyUI-MotionCapture] INFO: [Memory] After ViTPose chunk [288:312]: RSS=4313 MB, GPU=1225 MB
[05:21]   [ComfyUI] [05/11 06:22:07][INFO] [Memory] After ViTPose chunk [288:312]: RSS=4313 MB, GPU=1225 MB
[05:21]   [ComfyUI] [SubprocessWorker] callback 'request_vram_budget' from call_id=2
[05:21]   [ComfyUI] [comfy-env] VRAM request: 1.34GB, free before eviction: 6.34GB
[05:21]   [ComfyUI] [comfy-env] VRAM after eviction: 6.34GB
[05:21]   [ComfyUI] [worker:ComfyUI-MotionCapture] INFO: Requested to load HMR2
[05:21]   [ComfyUI] [05/11 06:22:07][INFO] Requested to load HMR2
[05:21]   [ComfyUI] [worker:ComfyUI-MotionCapture] [VRAM] +308MB (now 1537MB) reserved=1568MB peak=1537MB
[05:21]   [ComfyUI] [worker:ComfyUI-MotionCapture] INFO: loaded completely; 4884.61 MB usable, 1278.33 MB loaded, full load: True
[05:21]   [ComfyUI] [05/11 06:22:07][INFO] loaded completely; 4884.61 MB usable, 1278.33 MB loaded, full load: True
[05:21]   [ComfyUI] [worker:ComfyUI-MotionCapture] INFO: [Memory] HMR2 on GPU: RSS=4313 MB, GPU=2503 MB
[05:21]   [ComfyUI] [05/11 06:22:07][INFO] [Memory] HMR2 on GPU: RSS=4313 MB, GPU=2503 MB
[05:21]   [ComfyUI] [worker:ComfyUI-MotionCapture] INFO: [GVHMRInference] Pass 2/2 (HMR2): 10 chunks...
[05:21]   [ComfyUI] [05/11 06:22:07][INFO] [GVHMRInference] Pass 2/2 (HMR2): 10 chunks...
[05:21]   [ComfyUI] [worker:ComfyUI-MotionCapture] INFO: [GVHMRInference] HMR2 chunk 1/10
[05:21]   [ComfyUI] [05/11 06:22:07][INFO] [GVHMRInference] HMR2 chunk 1/10
[05:21]   [ComfyUI] [SubprocessWorker] callback 'report_progress' from call_id=2
[05:21]   [ComfyUI] [SubprocessWorker] callback 'report_progress' from call_id=2
[05:21]   [ComfyUI] [SubprocessWorker] callback 'report_progress' from call_id=2
[05:21]   [ComfyUI] [worker:ComfyUI-MotionCapture] INFO: [GVHMRInference] HMR2 chunk 2/10
[05:21]   [ComfyUI] [05/11 06:22:08][INFO] [GVHMRInference] HMR2 chunk 2/10
[05:21]   [ComfyUI] [SubprocessWorker] callback 'report_progress' from call_id=2
[05:21]   [ComfyUI] [SubprocessWorker] callback 'report_progress' from call_id=2
[05:22]   [ComfyUI] [SubprocessWorker] callback 'report_progress' from call_id=2
[05:22]   [ComfyUI] [worker:ComfyUI-MotionCapture] INFO: [GVHMRInference] HMR2 chunk 3/10
[05:22]   [ComfyUI] [05/11 06:22:08][INFO] [GVHMRInference] HMR2 chunk 3/10
[05:22]   [ComfyUI] [SubprocessWorker] callback 'report_progress' from call_id=2
[05:22]   [ComfyUI] [worker:ComfyUI-MotionCapture] [VRAM] +969MB (now 2506MB) reserved=2592MB peak=2514MB
[05:22]   [ComfyUI] [SubprocessWorker] callback 'report_progress' from call_id=2
[05:22]   [ComfyUI] [SubprocessWorker] callback 'report_progress' from call_id=2
[05:22]   [ComfyUI] [worker:ComfyUI-MotionCapture] INFO: [GVHMRInference] HMR2 chunk 4/10
[05:22]   [ComfyUI] [05/11 06:22:08][INFO] [GVHMRInference] HMR2 chunk 4/10
[05:22]   [ComfyUI] [SubprocessWorker] callback 'report_progress' from call_id=2
[05:22]   [ComfyUI] [SubprocessWorker] callback 'report_progress' from call_id=2
[05:22]   [ComfyUI] [SubprocessWorker] callback 'report_progress' from call_id=2
[05:22]   [ComfyUI] [worker:ComfyUI-MotionCapture] INFO: [GVHMRInference] HMR2 chunk 5/10
[05:22]   [ComfyUI] [05/11 06:22:09][INFO] [GVHMRInference] HMR2 chunk 5/10
[05:22]   [ComfyUI] [SubprocessWorker] callback 'report_progress' from call_id=2
[05:23]   [ComfyUI] [SubprocessWorker] callback 'report_progress' from call_id=2
[05:23]   [ComfyUI] [SubprocessWorker] callback 'report_progress' from call_id=2
[05:23]   [ComfyUI] [worker:ComfyUI-MotionCapture] INFO: [GVHMRInference] HMR2 chunk 6/10
[05:23]   [ComfyUI] [05/11 06:22:09][INFO] [GVHMRInference] HMR2 chunk 6/10
[05:23]   [ComfyUI] [SubprocessWorker] callback 'report_progress' from call_id=2
[05:23]   [ComfyUI] [SubprocessWorker] callback 'report_progress' from call_id=2
[05:23]   [ComfyUI] [SubprocessWorker] callback 'report_progress' from call_id=2
[05:23]   Frame 24 saved (frame_023.jpg, t=84.4s)
[05:23]   [capture-periodic] freeze=1ms shot=154ms unfreeze=2ms saved=True
[05:23]   [ComfyUI] [worker:ComfyUI-MotionCapture] INFO: [GVHMRInference] HMR2 chunk 7/10
[05:23]   [ComfyUI] [05/11 06:22:09][INFO] [GVHMRInference] HMR2 chunk 7/10
[05:23]   [ComfyUI] [SubprocessWorker] callback 'report_progress' from call_id=2
[05:23]   [ComfyUI] [SubprocessWorker] callback 'report_progress' from call_id=2
[05:23]   [ComfyUI] [SubprocessWorker] callback 'report_progress' from call_id=2
[05:23]   [ComfyUI] [worker:ComfyUI-MotionCapture] INFO: [GVHMRInference] HMR2 chunk 8/10
[05:23]   [ComfyUI] [05/11 06:22:10][INFO] [GVHMRInference] HMR2 chunk 8/10
[05:24]   [ComfyUI] [SubprocessWorker] callback 'report_progress' from call_id=2
[05:24]   [ComfyUI] [SubprocessWorker] callback 'report_progress' from call_id=2
[05:24]   [ComfyUI] [SubprocessWorker] callback 'report_progress' from call_id=2
[05:24]   [ComfyUI] [worker:ComfyUI-MotionCapture] INFO: [GVHMRInference] HMR2 chunk 9/10
[05:24]   [ComfyUI] [05/11 06:22:10][INFO] [GVHMRInference] HMR2 chunk 9/10
[05:24]   [ComfyUI] [SubprocessWorker] callback 'report_progress' from call_id=2
[05:24]   [ComfyUI] [SubprocessWorker] callback 'report_progress' from call_id=2
[05:24]   [ComfyUI] [SubprocessWorker] callback 'report_progress' from call_id=2
[05:24]   [ComfyUI] [worker:ComfyUI-MotionCapture] INFO: [GVHMRInference] HMR2 chunk 10/10
[05:24]   [ComfyUI] [05/11 06:22:10][INFO] [GVHMRInference] HMR2 chunk 10/10
[05:24]   [capture-loop] iter=750 t=85.7s state={'complete': False, 'error': None, 'executedCount': 0, 'wsState': 1} eval_ms=2 ram=6.4/31.3GB (20%) swap=0.7/32.0GB (2%) cpu=16% browser_rss=0.83GB
[05:24]   [ComfyUI] [SubprocessWorker] callback 'report_progress' from call_id=2
[05:24]   [ComfyUI] [SubprocessWorker] callback 'report_progress' from call_id=2
[05:25]   [ComfyUI] [worker:ComfyUI-MotionCapture] INFO: [Memory] After HMR2 pass: RSS=4316 MB, GPU=2503 MB
[05:25]   [ComfyUI] [05/11 06:22:11][INFO] [Memory] After HMR2 pass: RSS=4316 MB, GPU=2503 MB
[05:25]   [ComfyUI] [worker:ComfyUI-MotionCapture] INFO: [GVHMRInference] ViTPose complete: kp2d=torch.Size([312, 17, 3]) dtype=torch.float32
[05:25]   [ComfyUI] [05/11 06:22:11][INFO] [GVHMRInference] ViTPose complete: kp2d=torch.Size([312, 17, 3]) dtype=torch.float32
[05:25]   [ComfyUI] [worker:ComfyUI-MotionCapture] INFO: [GVHMRInference] HMR2 complete: f_imgseq=torch.Size([312, 1024]) dtype=torch.bfloat16
[05:25]   [ComfyUI] [05/11 06:22:11][INFO] [GVHMRInference] HMR2 complete: f_imgseq=torch.Size([312, 1024]) dtype=torch.bfloat16
[05:25]   [ComfyUI] [worker:ComfyUI-MotionCapture] INFO: [Memory] After all chunks processed: RSS=4316 MB, GPU=2503 MB
[05:25]   [ComfyUI] [05/11 06:22:11][INFO] [Memory] After all chunks processed: RSS=4316 MB, GPU=2503 MB
[05:25]   [ComfyUI] [worker:ComfyUI-MotionCapture] INFO: [GVHMRInference] Features offloaded to disk: /tmp/f_imgseq_o0a62dv1.safetensors
[05:25]   [ComfyUI] [05/11 06:22:11][INFO] [GVHMRInference] Features offloaded to disk: /tmp/f_imgseq_o0a62dv1.safetensors
[05:25]   [ComfyUI] [worker:ComfyUI-MotionCapture] INFO: [GVHMRInference] Auto-estimating camera intrinsics (53 deg FOV)
[05:25]   [ComfyUI] [05/11 06:22:11][INFO] [GVHMRInference] Auto-estimating camera intrinsics (53 deg FOV)
[05:25]   [ComfyUI] [worker:ComfyUI-MotionCapture] INFO: [GVHMRInference] Camera mode: STATIC (vo_method=simple_vo)
[05:25]   [ComfyUI] [05/11 06:22:11][INFO] [GVHMRInference] Camera mode: STATIC (vo_method=simple_vo)
[05:25]   [ComfyUI] [worker:ComfyUI-MotionCapture] INFO: [GVHMRInference] R_w2c: torch.Size([312, 3, 3]), t_w2c: None
[05:25]   [ComfyUI] [05/11 06:22:11][INFO] [GVHMRInference] R_w2c: torch.Size([312, 3, 3]), t_w2c: None
[05:25]   [ComfyUI] [worker:ComfyUI-MotionCapture] INFO: [GVHMRInference] cam_angvel: torch.Size([312, 6])
[05:25]   [ComfyUI] [05/11 06:22:11][INFO] [GVHMRInference] cam_angvel: torch.Size([312, 6])
[05:25]   [ComfyUI] [worker:ComfyUI-MotionCapture] INFO: [GVHMRInference] === Data dict summary ===
[05:25]   [ComfyUI] [05/11 06:22:11][INFO] [GVHMRInference] === Data dict summary ===
[05:25]   [ComfyUI] [worker:ComfyUI-MotionCapture] INFO: [GVHMRInference]   length: torch.Size([]) dtype=torch.int64
[05:25]   [ComfyUI] [05/11 06:22:11][INFO] [GVHMRInference]   length: torch.Size([]) dtype=torch.int64
[05:25]   [ComfyUI] [worker:ComfyUI-MotionCapture] INFO: [GVHMRInference]   bbx_xys: torch.Size([312, 3]) dtype=torch.float32
[05:25]   [ComfyUI] [05/11 06:22:11][INFO] [GVHMRInference]   bbx_xys: torch.Size([312, 3]) dtype=torch.float32
[05:25]   [ComfyUI] [worker:ComfyUI-MotionCapture] INFO: [GVHMRInference]   kp2d: torch.Size([312, 17, 3]) dtype=torch.float32
[05:25]   [ComfyUI] [05/11 06:22:11][INFO] [GVHMRInference]   kp2d: torch.Size([312, 17, 3]) dtype=torch.float32
[05:25]   [ComfyUI] [worker:ComfyUI-MotionCapture] INFO: [GVHMRInference]   K_fullimg: torch.Size([312, 3, 3]) dtype=torch.float32
[05:25]   [ComfyUI] [05/11 06:22:11][INFO] [GVHMRInference]   K_fullimg: torch.Size([312, 3, 3]) dtype=torch.float32
[05:25]   [ComfyUI] [worker:ComfyUI-MotionCapture] INFO: [GVHMRInference]   cam_angvel: torch.Size([312, 6]) dtype=torch.float32
[05:25]   [ComfyUI] [05/11 06:22:11][INFO] [GVHMRInference]   cam_angvel: torch.Size([312, 6]) dtype=torch.float32
[05:25]   [ComfyUI] [worker:ComfyUI-MotionCapture] INFO: [GVHMRInference]   f_imgseq: None
[05:25]   [ComfyUI] [05/11 06:22:11][INFO] [GVHMRInference]   f_imgseq: None
[05:25]   [ComfyUI] [worker:ComfyUI-MotionCapture] INFO: [GVHMRInference]   f_imgseq_path: str = /tmp/f_imgseq_o0a62dv1.safetensors
[05:25]   [ComfyUI] [05/11 06:22:11][INFO] [GVHMRInference]   f_imgseq_path: str = /tmp/f_imgseq_o0a62dv1.safetensors
[05:25]   [ComfyUI] [worker:ComfyUI-MotionCapture] INFO: [Memory] End of prepare_data_from_videos: RSS=4316 MB, GPU=2503 MB
[05:25]   [ComfyUI] [05/11 06:22:11][INFO] [Memory] End of prepare_data_from_videos: RSS=4316 MB, GPU=2503 MB
[05:25]   [ComfyUI] [worker:ComfyUI-MotionCapture] INFO: [GVHMRInference] Reloading features from disk...
[05:25]   [ComfyUI] [05/11 06:22:11][INFO] [GVHMRInference] Reloading features from disk...
[05:25]   [ComfyUI] [worker:ComfyUI-MotionCapture] INFO: [GVHMRInference] Features reloaded from disk
[05:25]   [ComfyUI] [05/11 06:22:11][INFO] [GVHMRInference] Features reloaded from disk
[05:25]   [ComfyUI] [SubprocessWorker] callback 'request_vram_budget' from call_id=2
[05:25]   [ComfyUI] [comfy-env] VRAM request: 0.08GB, free before eviction: 5.03GB
[05:25]   [ComfyUI] [comfy-env] VRAM after eviction: 5.03GB
[05:25]   [ComfyUI] [worker:ComfyUI-MotionCapture] INFO: Requested to load DemoPL
[05:25]   [ComfyUI] [05/11 06:22:11][INFO] Requested to load DemoPL
[05:25]   [ComfyUI] [worker:ComfyUI-MotionCapture] INFO: loaded completely; 3605.81 MB usable, 77.90 MB loaded, full load: True
[05:25]   [ComfyUI] [05/11 06:22:11][INFO] loaded completely; 3605.81 MB usable, 77.90 MB loaded, full load: True
[05:25]   [ComfyUI] [worker:ComfyUI-MotionCapture] INFO: [Memory] Before GVHMR predict: RSS=4316 MB, GPU=2593 MB
[05:25]   [ComfyUI] [05/11 06:22:11][INFO] [Memory] Before GVHMR predict: RSS=4316 MB, GPU=2593 MB
[05:25]   [ComfyUI] [worker:ComfyUI-MotionCapture] INFO: [GVHMRInference] Running GVHMR model (static_cam=True)...
[05:25]   [ComfyUI] [05/11 06:22:11][INFO] [GVHMRInference] Running GVHMR model (static_cam=True)...
[05:25]   [ComfyUI] [worker:ComfyUI-MotionCapture] INFO: [GVHMRInference] === Pre-predict data shapes ===
[05:25]   [ComfyUI] [05/11 06:22:11][INFO] [GVHMRInference] === Pre-predict data shapes ===
[05:25]   [ComfyUI] [worker:ComfyUI-MotionCapture] INFO: [GVHMRInference]   data[length]: torch.Size([]) dtype=torch.int64 device=cpu
[05:25]   [ComfyUI] [05/11 06:22:11][INFO] [GVHMRInference]   data[length]: torch.Size([]) dtype=torch.int64 device=cpu
[05:25]   [ComfyUI] [worker:ComfyUI-MotionCapture] INFO: [GVHMRInference]   data[bbx_xys]: torch.Size([312, 3]) dtype=torch.float32 device=cpu
[05:25]   [ComfyUI] [05/11 06:22:11][INFO] [GVHMRInference]   data[bbx_xys]: torch.Size([312, 3]) dtype=torch.float32 device=cpu
[05:25]   [ComfyUI] [worker:ComfyUI-MotionCapture] INFO: [GVHMRInference]   data[kp2d]: torch.Size([312, 17, 3]) dtype=torch.float32 device=cpu
[05:25]   [ComfyUI] [05/11 06:22:11][INFO] [GVHMRInference]   data[kp2d]: torch.Size([312, 17, 3]) dtype=torch.float32 device=cpu
[05:25]   [ComfyUI] [worker:ComfyUI-MotionCapture] INFO: [GVHMRInference]   data[K_fullimg]: torch.Size([312, 3, 3]) dtype=torch.float32 device=cpu
[05:25]   [ComfyUI] [05/11 06:22:11][INFO] [GVHMRInference]   data[K_fullimg]: torch.Size([312, 3, 3]) dtype=torch.float32 device=cpu
[05:25]   [ComfyUI] [worker:ComfyUI-MotionCapture] INFO: [GVHMRInference]   data[cam_angvel]: torch.Size([312, 6]) dtype=torch.float32 device=cpu
[05:25]   [ComfyUI] [05/11 06:22:11][INFO] [GVHMRInference]   data[cam_angvel]: torch.Size([312, 6]) dtype=torch.float32 device=cpu
[05:25]   [ComfyUI] [worker:ComfyUI-MotionCapture] INFO: [GVHMRInference]   data[f_imgseq]: torch.Size([312, 1024]) dtype=torch.bfloat16 device=cpu
[05:25]   [ComfyUI] [05/11 06:22:11][INFO] [GVHMRInference]   data[f_imgseq]: torch.Size([312, 1024]) dtype=torch.bfloat16 device=cpu
[05:25]   Frame 25 saved (frame_024.jpg, t=86.7s)
[05:25]   [capture-periodic] freeze=2ms shot=156ms unfreeze=2ms saved=True
[05:26]   [ComfyUI] [worker:ComfyUI-MotionCapture] INFO: [Memory] After GVHMR predict: RSS=4420 MB, GPU=2593 MB
[05:26]   [ComfyUI] [05/11 06:22:12][INFO] [Memory] After GVHMR predict: RSS=4420 MB, GPU=2593 MB
[05:26]   [ComfyUI] [worker:ComfyUI-MotionCapture] INFO: [GVHMRInference] Saved SMPL params to: /workspaces/MotionCapture-0616/ComfyUI/output/smpl_params_0001.npz
[05:26]   [ComfyUI] [05/11 06:22:12][INFO] [GVHMRInference] Saved SMPL params to: /workspaces/MotionCapture-0616/ComfyUI/output/smpl_params_0001.npz
[05:26]   [ComfyUI] [worker:ComfyUI-MotionCapture] INFO: [GVHMRInference] Inference complete!
[05:26]   [ComfyUI] [05/11 06:22:12][INFO] [GVHMRInference] Inference complete!
[05:26]   [ComfyUI] [worker:ComfyUI-MotionCapture] INFO: [Memory] Final (before return): RSS=4420 MB, GPU=2593 MB
[05:26]   [ComfyUI] [05/11 06:22:12][INFO] [Memory] Final (before return): RSS=4420 MB, GPU=2593 MB
[05:26]   [ComfyUI] [SubprocessWorker] got response: ok
[05:26]   [ComfyUI] [comfy-env] Created 3 model patchers: ['VitPoseModel_1', 'HMR2_2', 'DemoPL_3']
[05:26]   [ComfyUI] [comfy-env] GVHMRInference done (22.08s): result: NodeOutput
[05:26]   [ComfyUI] [VRAM] After GVHMRInference: 3001 / 7703 MB
[05:26]   [ComfyUI] [VRAM] Loaded: SubprocessModel (89 MB), SubprocessModel (1278 MB), SubprocessModel (1215 MB)
[05:26]   [ComfyUI] [comfy-env] Running SMPLViewer: npz_path: '/workspaces/MotionCapture-0616/ComfyUI/output/smpl_param..., frame_skip: 1, mesh_color: '#4a9eff'
[05:26]   [ComfyUI] [VRAM] Before SMPLViewer: 3001 / 7703 MB
[05:26]   [ComfyUI] [VRAM] Loaded: SubprocessModel (89 MB), SubprocessModel (1278 MB), SubprocessModel (1215 MB)
[05:26]   [ComfyUI] [SubprocessWorker] call_method: nodes.viewer_node.SMPLViewer.EXECUTE_NORMALIZED
[05:26]   [ComfyUI] [SubprocessWorker] acquired lock, ensuring started...
[05:26]   [ComfyUI] [ComfyUI-MotionCapture] Health check: ping (timeout=5.0s)...
[05:26]   [ComfyUI] [ComfyUI-MotionCapture] Health check: ok
[05:26]   [ComfyUI] [SubprocessWorker] worker started/confirmed
[05:26]   [ComfyUI] [SubprocessWorker] serializing kwargs to shm...
[05:26]   [ComfyUI] [SubprocessWorker] created 0 shm blocks
[05:26]   [ComfyUI] [SubprocessWorker] sending request via socket...
[05:26]   [ComfyUI] [SubprocessWorker] call_id=3 sending call_method
[05:26]   [ComfyUI] [worker:ComfyUI-MotionCapture] INFO: [SMPLViewer] Generating 3D mesh data for visualization...
[05:26]   [ComfyUI] [05/11 06:22:12][INFO] [SMPLViewer] Generating 3D mesh data for visualization...
[05:26]   [ComfyUI] [worker:ComfyUI-MotionCapture] INFO: [SMPLViewer] Loading SMPL parameters from: /workspaces/MotionCapture-0616/ComfyUI/output/smpl_params_0001.npz
[05:26]   [ComfyUI] [05/11 06:22:12][INFO] [SMPLViewer] Loading SMPL parameters from: /workspaces/MotionCapture-0616/ComfyUI/output/smpl_params_0001.npz
[05:26]   [ComfyUI] [worker:ComfyUI-MotionCapture] INFO: [SMPLViewer] Processing 312 frames (skip=1)
[05:26]   [ComfyUI] [05/11 06:22:12][INFO] [SMPLViewer] Processing 312 frames (skip=1)
[05:28]   Frame 26 saved (frame_025.jpg, t=89.0s)
[05:28]   [capture-periodic] freeze=2ms shot=163ms unfreeze=4ms saved=True
[05:28]   [ComfyUI] [worker:ComfyUI-MotionCapture] INFO: [SMPLViewer] Generated mesh: 312 frames, 6890 vertices, 13776 faces
[05:28]   [ComfyUI] [05/11 06:22:14][INFO] [SMPLViewer] Generated mesh: 312 frames, 6890 vertices, 13776 faces
[05:28]   [ComfyUI] [worker:ComfyUI-MotionCapture] INFO: [SMPLViewer] Wrote smpl_mesh_0001.bin (24.8 MB)
[05:28]   [ComfyUI] [05/11 06:22:14][INFO] [SMPLViewer] Wrote smpl_mesh_0001.bin (24.8 MB)
[05:28]   [ComfyUI] [SubprocessWorker] got response: ok
[05:28]   [ComfyUI] [comfy-env] Created 1 model patchers: ['SMPLX_4']
[05:28]   [ComfyUI] [comfy-env] SMPLViewer done (1.91s): result: NodeOutput
[05:28]   [ComfyUI] [VRAM] After SMPLViewer: 3065 / 7703 MB
[05:28]   [ComfyUI] [VRAM] Loaded: SubprocessModel (65 MB), SubprocessModel (89 MB), SubprocessModel (1278 MB), SubprocessModel (1215 MB)
[05:28]   [ComfyUI] Prompt executed in 89.15 seconds
[05:28]   Node executed (1 total), capturing...
[05:29]   Frame 27 saved (frame_026.jpg, t=89.6s)
[05:29]   [capture-node] freeze=2ms shot=438ms unfreeze=2ms saved=True
[05:29]   Execution complete (t=90.2s)
[05:29]   Captured 27 unique frames over 90.23s
[05:29]   [debug] iframes: 0
[05:29]   [timing] trigger_3d_previews: 0.0s
[05:31]   Saved high-quality screenshot: GVHMR_executed.png
[05:31]   [timing] final_screenshot: 0.3s
[05:31]   [ComfyUI] [comfy-env] [VRAM] Before offload 'SMPLX_4' (65 MB) -> cpu: 3065 / 7703 MB
[05:31] Capturing execution frames: GVHMR_cameramotion.json
[05:31]   [ComfyUI] [ComfyUI-MotionCapture] Health check: ping (timeout=5.0s)...
[05:31]   [ComfyUI] [ComfyUI-MotionCapture] Health check: ok
[05:31]   [ComfyUI] [SubprocessWorker] call_id=4 sending model_to_device
[05:31]   [ComfyUI] [comfy-env] [VRAM] After offload 'SMPLX_4' (65 MB): 3001 / 7703 MB
[05:31]   [ComfyUI] [comfy-env] [VRAM] Before offload 'DemoPL_3' (89 MB) -> cpu: 3001 / 7703 MB
[05:31]   [ComfyUI] [ComfyUI-MotionCapture] Health check: ping (timeout=5.0s)...
[05:31]   [ComfyUI] [ComfyUI-MotionCapture] Health check: ok
[05:31]   [ComfyUI] [SubprocessWorker] call_id=5 sending model_to_device
[05:31]   [ComfyUI] [comfy-env] [VRAM] After offload 'DemoPL_3' (89 MB): 2905 / 7703 MB
[05:31]   [ComfyUI] [comfy-env] [VRAM] Before offload 'VitPoseModel_1' (1215 MB) -> cpu: 2905 / 7703 MB
[05:31]   [ComfyUI] [ComfyUI-MotionCapture] Health check: ping (timeout=5.0s)...
[05:31]   [ComfyUI] [ComfyUI-MotionCapture] Health check: ok
[05:31]   [ComfyUI] [SubprocessWorker] call_id=6 sending model_to_device
[05:31]   [ComfyUI] [worker:ComfyUI-MotionCapture] [VRAM] -331MB (now 2176MB) reserved=2528MB peak=2661MB
[05:32]   [ComfyUI] [comfy-env] [VRAM] After offload 'VitPoseModel_1' (1215 MB): 1721 / 7703 MB
[05:32]   [ComfyUI] [comfy-env] [VRAM] Before offload 'HMR2_2' (1278 MB) -> cpu: 1721 / 7703 MB
[05:32]   [ComfyUI] [ComfyUI-MotionCapture] Health check: ping (timeout=5.0s)...
[05:32]   [ComfyUI] [ComfyUI-MotionCapture] Health check: ok
[05:32]   [ComfyUI] [SubprocessWorker] call_id=7 sending model_to_device
[05:32]   [ComfyUI] [worker:ComfyUI-MotionCapture] [VRAM] -2103MB (now 74MB) reserved=1344MB peak=2661MB
[05:32]   [ComfyUI] [comfy-env] [VRAM] After offload 'HMR2_2' (1278 MB): 441 / 7703 MB
[05:37]   Frame 1 saved (frame_000.jpg, t=0.0s)
[05:37]   Validating workflow...
[05:37]   [ComfyUI] === /validate endpoint called ===
[05:37]   [ComfyUI] Received JSON with keys: ['prompt']
[05:37]   [ComfyUI] Prompt has 6 nodes
[05:37]   [ComfyUI]   Node 20: SMPLViewer
[05:37]   [ComfyUI]     Inputs: {"npz_path": ["34", 0], "frame_skip": 1, "mesh_color": "#4a9eff", "smpl_viewer": ""}
[05:37]   [ComfyUI]   Node 24: CameraIntrinsics
[05:37]   [ComfyUI]     Inputs: {"matrix": "[[[3.2782e+03, 0.0000e+00, 9.6000e+02],\n[0.0000e+00, 2.4555e+03, 5.4000e+02],\n[0.0000e+00, 0.0000e+00, 1.0000e+00]]]"}
[05:37]   Queuing workflow for execution...
[05:37]   [ComfyUI]   Node 26: LoadGVHMRModels
[05:37]   [ComfyUI]     Inputs: {"model_path_override": "", "precision": "auto", "attention": "auto", "load_dpvo": true}
[05:37]   [ComfyUI]   Node 32: LoadVideo
[05:37]   [ComfyUI]     Inputs: {"file": "dancing.mp4", "video-preview": ""}
[05:37]   [ComfyUI]   Node 33: LoadVideo
[05:37]   [ComfyUI]     Inputs: {"file": "dancing_mask.mp4", "video-preview": ""}
[05:37]   [ComfyUI]   Node 34: GVHMRInference
[05:37]   [ComfyUI]     Inputs: {"moving_camera": true, "focal_length_mm": 0, "bbox_scale": 1.2, "vo_method": "simple_vo", "vo_scale": 0.5, "vo_step": 8, "chunk_size": 32, "video": ["32", 0], "video_mask": ["33", 0], "config": ["26"
[05:37]   [ComfyUI] Generated prompt_id: 887c37da-ce24-4583-9001-2c94b919f67f
[05:37]   [ComfyUI] Calling execution.validate_prompt()...
[05:37]   [ComfyUI] Validation result: valid=True
[05:37]   [ComfyUI] === Validation PASSED ===
[05:37]   [ComfyUI] got prompt
[05:37]   [ComfyUI] [comfy-env] Running LoadGVHMRModels: model_path_override: '', precision: 'auto', attention: 'auto', load_dpvo: True
[05:37]   [ComfyUI] [VRAM] Before LoadGVHMRModels: 441 / 7703 MB
[05:37]   [ComfyUI] [SubprocessWorker] call_method: nodes.load_model.LoadGVHMRModels.EXECUTE_NORMALIZED
[05:37]   [ComfyUI] [SubprocessWorker] acquired lock, ensuring started...
[05:37]   [ComfyUI] [ComfyUI-MotionCapture] Health check: ping (timeout=5.0s)...
[05:37]   [ComfyUI] [ComfyUI-MotionCapture] Health check: ok
[05:37]   [ComfyUI] [SubprocessWorker] worker started/confirmed
[05:37]   [ComfyUI] [SubprocessWorker] serializing kwargs to shm...
[05:37]   [ComfyUI] [SubprocessWorker] created 0 shm blocks
[05:37]   [ComfyUI] [SubprocessWorker] sending request via socket...
[05:37]   [ComfyUI] [SubprocessWorker] call_id=8 sending call_method
[05:37]   [ComfyUI] [worker:ComfyUI-MotionCapture] INFO: [LoadGVHMRModels] Checking GVHMR models...
[05:37]   [ComfyUI] [05/11 06:22:23][INFO] [LoadGVHMRModels] Checking GVHMR models...
[05:37]   [ComfyUI] [worker:ComfyUI-MotionCapture] INFO: [LoadGVHMRModels] gvhmr found at /workspaces/MotionCapture-0616/ComfyUI/models/motion_capture/gvhmr.safetensors
[05:37]   [ComfyUI] [05/11 06:22:23][INFO] [LoadGVHMRModels] gvhmr found at /workspaces/MotionCapture-0616/ComfyUI/models/motion_capture/gvhmr.safetensors
[05:37]   [ComfyUI] [worker:ComfyUI-MotionCapture] INFO: [LoadGVHMRModels] vitpose found at /workspaces/MotionCapture-0616/ComfyUI/models/motion_capture/vitpose.safetensors
[05:37]   [ComfyUI] [05/11 06:22:23][INFO] [LoadGVHMRModels] vitpose found at /workspaces/MotionCapture-0616/ComfyUI/models/motion_capture/vitpose.safetensors
[05:37]   [ComfyUI] [worker:ComfyUI-MotionCapture] INFO: [LoadGVHMRModels] hmr2 found at /workspaces/MotionCapture-0616/ComfyUI/models/motion_capture/hmr2.safetensors
[05:37]   [ComfyUI] [05/11 06:22:23][INFO] [LoadGVHMRModels] hmr2 found at /workspaces/MotionCapture-0616/ComfyUI/models/motion_capture/hmr2.safetensors
[05:37]   [ComfyUI] [worker:ComfyUI-MotionCapture] INFO: [LoadGVHMRModels] SMPL body models found
[05:37]   [ComfyUI] [05/11 06:22:23][INFO] [LoadGVHMRModels] SMPL body models found
[05:37]   [ComfyUI] [worker:ComfyUI-MotionCapture] INFO: [LoadGVHMRModels] All models verified!
[05:37]   [ComfyUI] [05/11 06:22:23][INFO] [LoadGVHMRModels] All models verified!
[05:37]   [ComfyUI] [worker:ComfyUI-MotionCapture] INFO: [LoadGVHMRModels] Downloading DPVO model from HuggingFace...
[05:37]   [ComfyUI] [05/11 06:22:23][INFO] [LoadGVHMRModels] Downloading DPVO model from HuggingFace...
[05:37]   [ComfyUI] /root/.ce/.pixi/envs/motioncapture-nodes/lib/python3.11/site-packages/huggingface_hub/utils/_validators.py:205: UserWarning: The `local_dir_use_symlinks` argument is deprecated and ignored in `hf_hub_download`. Downloading to a local directory does not use symlinks anymore.
[05:37]   [ComfyUI]   warnings.warn(
[05:37]   [ComfyUI] [worker:ComfyUI-MotionCapture] INFO: HTTP Request: HEAD https://huggingface.co/apozz/motion-capture-safetensors/resolve/main/dpvo.pth "HTTP/1.1 302 Found"
[05:37]   [ComfyUI] [05/11 06:22:23][INFO] HTTP Request: HEAD https://huggingface.co/apozz/motion-capture-safetensors/resolve/main/dpvo.pth "HTTP/1.1 302 Found"
[05:37]   [ComfyUI] 
[05:38]   [ComfyUI] dpvo.pth:   0%|          | 0.00/14.2M [00:00<?, ?B/s]
[05:38]   [ComfyUI] dpvo.pth: 100%|██████████| 14.2M/14.2M [00:00<00:00, 16.0MB/s][SubprocessWorker] callback 'report_progress' from call_id=8
[05:38]   [ComfyUI] 
[05:38]   [ComfyUI] dpvo.pth: 100%|██████████| 14.2M/14.2M [00:00<00:00, 16.0MB/s]
[05:38]   [ComfyUI] [worker:ComfyUI-MotionCapture] INFO: [LoadGVHMRModels] DPVO downloaded to /workspaces/MotionCapture-0616/ComfyUI/models/motion_capture/dpvo
[05:38]   [ComfyUI] [05/11 06:22:24][INFO] [LoadGVHMRModels] DPVO downloaded to /workspaces/MotionCapture-0616/ComfyUI/models/motion_capture/dpvo
[05:38]   [ComfyUI] [worker:ComfyUI-MotionCapture] INFO: [LoadGVHMRModels] DPVO dir: /workspaces/MotionCapture-0616/ComfyUI/models/motion_capture/dpvo
[05:38]   [ComfyUI] [05/11 06:22:24][INFO] [LoadGVHMRModels] DPVO dir: /workspaces/MotionCapture-0616/ComfyUI/models/motion_capture/dpvo
[05:38]   [ComfyUI] [SubprocessWorker] got response: ok
[05:38]   [ComfyUI] [comfy-env] LoadGVHMRModels done (1.07s): result: NodeOutput
[05:38]   [ComfyUI] [VRAM] After LoadGVHMRModels: 441 / 7703 MB
[05:38]   [ComfyUI] [comfy-env] Running GVHMRInference: moving_camera: True, focal_length_mm: 0, bbox_scale: 1.2, vo_method: 'simple_vo', vo_scale: 0.5, vo_step: 8, chunk_size: 32, video: VideoFromFile, video_mask: VideoFromFile, config: dict, intrinsics: torch.float32 [1,3,3] cpu
[05:38]   [ComfyUI] [VRAM] Before GVHMRInference: 441 / 7703 MB
[05:38]   [ComfyUI] [SubprocessWorker] call_method: nodes.inference_node.GVHMRInference.EXECUTE_NORMALIZED
[05:38]   [ComfyUI] [SubprocessWorker] acquired lock, ensuring started...
[05:38]   [ComfyUI] [ComfyUI-MotionCapture] Health check: ping (timeout=5.0s)...
[05:38]   [ComfyUI] [ComfyUI-MotionCapture] Health check: ok
[05:38]   [ComfyUI] [SubprocessWorker] worker started/confirmed
[05:38]   [ComfyUI] [comfy-env] PRE-SERIALIZE 'intrinsics' shape: torch.Size([1, 3, 3])
[05:38]   [ComfyUI] [SubprocessWorker] serializing kwargs to shm...
[05:38]   [ComfyUI] [SubprocessWorker] created 2 shm blocks
[05:38]   [ComfyUI] [SubprocessWorker] sending request via socket...
[05:38]   [ComfyUI] [SubprocessWorker] call_id=9 sending call_method
[05:38]   [ComfyUI] [worker:ComfyUI-MotionCapture] [comfy-env] _from_shm got dict with keys: ['__type__', 'strategy', 'parent_pid', 'fd', 'storage_size']
[05:38]   [ComfyUI] [worker:ComfyUI-MotionCapture] [comfy-env] DESERIALIZE TensorRef: tensor_size=[1, 3, 3]
[05:38]   [ComfyUI] [worker:ComfyUI-MotionCapture] [comfy-env] DESERIALIZED tensor shape: torch.Size([1, 3, 3])
[05:38]   [ComfyUI] [worker:ComfyUI-MotionCapture] INFO: ============================================================
[05:38]   [ComfyUI] [05/11 06:22:24][INFO] ============================================================
[05:38]   [ComfyUI] [worker:ComfyUI-MotionCapture] INFO: [GVHMRInference] Starting GVHMR inference with parameters:
[05:38]   [ComfyUI] [05/11 06:22:24][INFO] [GVHMRInference] Starting GVHMR inference with parameters:
[05:38]   [ComfyUI] [worker:ComfyUI-MotionCapture] INFO:   video:           575 frames @ (1920, 1080)
[05:38]   [ComfyUI] [05/11 06:22:24][INFO]   video:           575 frames @ (1920, 1080)
[05:38]   [ComfyUI] [worker:ComfyUI-MotionCapture] INFO:   video_mask:      551 frames @ (1920, 1080)
[05:38]   [ComfyUI] [05/11 06:22:24][INFO]   video_mask:      551 frames @ (1920, 1080)
[05:38]   [ComfyUI] [worker:ComfyUI-MotionCapture] INFO:   moving_camera:   True
[05:38]   [ComfyUI] [05/11 06:22:24][INFO]   moving_camera:   True
[05:38]   [ComfyUI] [worker:ComfyUI-MotionCapture] INFO:   focal_length_mm: 0
[05:38]   [ComfyUI] [05/11 06:22:24][INFO]   focal_length_mm: 0
[05:38]   [ComfyUI] [worker:ComfyUI-MotionCapture] INFO:   bbox_scale:      1.2
[05:38]   [ComfyUI] [05/11 06:22:24][INFO]   bbox_scale:      1.2
[05:38]   [ComfyUI] [worker:ComfyUI-MotionCapture] INFO:   vo_method:       simple_vo
[05:38]   [ComfyUI] [05/11 06:22:24][INFO]   vo_method:       simple_vo
[05:38]   [ComfyUI] [worker:ComfyUI-MotionCapture] INFO:   vo_scale:        0.5
[05:38]   [ComfyUI] [05/11 06:22:24][INFO]   vo_scale:        0.5
[05:38]   [ComfyUI] [worker:ComfyUI-MotionCapture] INFO:   vo_step:         8
[05:38]   [ComfyUI] [05/11 06:22:24][INFO]   vo_step:         8
[05:38]   [ComfyUI] [worker:ComfyUI-MotionCapture] INFO:   intrinsics:      torch.Size([1, 3, 3])
[05:38]   [ComfyUI] [05/11 06:22:24][INFO]   intrinsics:      torch.Size([1, 3, 3])
[05:38]   [ComfyUI] [worker:ComfyUI-MotionCapture] INFO:   chunk_size:      32
[05:38]   [ComfyUI] [05/11 06:22:24][INFO]   chunk_size:      32
[05:38]   [ComfyUI] [worker:ComfyUI-MotionCapture] INFO:   config keys:     ['models_dir', 'gvhmr_path', 'vitpose_path', 'hmr2_path', 'body_models_path', 'precision', 'attention', 'dpvo_dir']
[05:38]   [ComfyUI] [05/11 06:22:24][INFO]   config keys:     ['models_dir', 'gvhmr_path', 'vitpose_path', 'hmr2_path', 'body_models_path', 'precision', 'attention', 'dpvo_dir']
[05:38]   [ComfyUI] [worker:ComfyUI-MotionCapture] INFO:   dpvo_dir:        /workspaces/MotionCapture-0616/ComfyUI/models/motion_capture/dpvo
[05:38]   [ComfyUI] [05/11 06:22:24][INFO]   dpvo_dir:        /workspaces/MotionCapture-0616/ComfyUI/models/motion_capture/dpvo
[05:38]   [ComfyUI] [worker:ComfyUI-MotionCapture] INFO: ============================================================
[05:38]   [ComfyUI] [05/11 06:22:24][INFO] ============================================================
[05:38]   [ComfyUI] [worker:ComfyUI-MotionCapture] INFO: [Memory] Start of run_inference: RSS=5952 MB, GPU=9 MB
[05:38]   [ComfyUI] [05/11 06:22:24][INFO] [Memory] Start of run_inference: RSS=5952 MB, GPU=9 MB
[05:38]   [ComfyUI] [worker:ComfyUI-MotionCapture] INFO: [GVHMRInference] Loading GVHMR models...
[05:38]   [ComfyUI] [05/11 06:22:24][INFO] [GVHMRInference] Loading GVHMR models...
[05:38]   [ComfyUI] [worker:ComfyUI-MotionCapture] INFO: [GVHMRInference] Precision: torch.bfloat16
[05:38]   [ComfyUI] [05/11 06:22:24][INFO] [GVHMRInference] Precision: torch.bfloat16
[05:38]   [ComfyUI] [worker:ComfyUI-MotionCapture] INFO: [GVHMRInference] Loading GVHMR from /workspaces/MotionCapture-0616/ComfyUI/models/motion_capture/gvhmr.safetensors...
[05:38]   [ComfyUI] [05/11 06:22:24][INFO] [GVHMRInference] Loading GVHMR from /workspaces/MotionCapture-0616/ComfyUI/models/motion_capture/gvhmr.safetensors...
[05:38]   [ComfyUI] [worker:ComfyUI-MotionCapture] INFO: [EnDecoder] Use MM_V1_AMASS_LOCAL_BEDLAM_CAM for statistics!
[05:38]   [ComfyUI] [05/11 06:22:24][INFO] [EnDecoder] Use MM_V1_AMASS_LOCAL_BEDLAM_CAM for statistics!
[05:39]   [ComfyUI] [worker:ComfyUI-MotionCapture] INFO: [PL-Trainer] Loading ckpt type: /workspaces/MotionCapture-0616/ComfyUI/models/motion_capture/gvhmr.safetensors
[05:39]   [ComfyUI] [05/11 06:22:25][INFO] [PL-Trainer] Loading ckpt type: /workspaces/MotionCapture-0616/ComfyUI/models/motion_capture/gvhmr.safetensors
[05:39]   [ComfyUI] [worker:ComfyUI-MotionCapture] INFO: [GVHMRInference] Initializing ViTPose extractor...
[05:39]   [ComfyUI] [05/11 06:22:25][INFO] [GVHMRInference] Initializing ViTPose extractor...
[05:39]   Frame 2 saved (frame_001.jpg, t=2.4s)
[05:39]   [capture-periodic] freeze=1ms shot=165ms unfreeze=5ms saved=True
[05:40]   [ComfyUI] [worker:ComfyUI-MotionCapture] INFO: [GVHMRInference] Initializing feature extractor...
[05:40]   [ComfyUI] [05/11 06:22:26][INFO] [GVHMRInference] Initializing feature extractor...
[05:41]   [ComfyUI] [worker:ComfyUI-MotionCapture] INFO: [Memory] After all models loaded: RSS=10706 MB, GPU=9 MB
[05:41]   [ComfyUI] [05/11 06:22:27][INFO] [Memory] After all models loaded: RSS=10706 MB, GPU=9 MB
[05:41]   [ComfyUI] [worker:ComfyUI-MotionCapture] INFO: [GVHMRInference] All models loaded successfully!
[05:41]   [ComfyUI] [05/11 06:22:27][INFO] [GVHMRInference] All models loaded successfully!
[05:41]   [ComfyUI] [worker:ComfyUI-MotionCapture] WARNING: [GVHMRInference] Video frames (575) != mask frames (551). Using minimum.
[05:41]   [ComfyUI] [05/11 06:22:27][WARNING] [GVHMRInference] Video frames (575) != mask frames (551). Using minimum.
[05:41]   [ComfyUI] [worker:ComfyUI-MotionCapture] INFO: [GVHMRInference] Video: 575 frames @ 1920x1080
[05:41]   [ComfyUI] [05/11 06:22:27][INFO] [GVHMRInference] Video: 575 frames @ 1920x1080
[05:41]   [ComfyUI] [worker:ComfyUI-MotionCapture] INFO: [GVHMRInference] Mask: 551 frames @ 1920x1080
[05:41]   [ComfyUI] [05/11 06:22:27][INFO] [GVHMRInference] Mask: 551 frames @ 1920x1080
[05:41]   [ComfyUI] [worker:ComfyUI-MotionCapture] INFO: [GVHMRInference] Processing 551 frames, static_camera=False
[05:41]   [ComfyUI] [05/11 06:22:27][INFO] [GVHMRInference] Processing 551 frames, static_camera=False
[05:41]   [ComfyUI] [worker:ComfyUI-MotionCapture] INFO: [Memory] Start of prepare_data_from_videos: RSS=10706 MB, GPU=9 MB
[05:41]   [ComfyUI] [05/11 06:22:27][INFO] [Memory] Start of prepare_data_from_videos: RSS=10706 MB, GPU=9 MB
[05:41]   [ComfyUI] [worker:ComfyUI-MotionCapture] INFO: [GVHMRInference] Phase 1: Extracting bounding boxes from mask video...
[05:41]   [ComfyUI] [05/11 06:22:27][INFO] [GVHMRInference] Phase 1: Extracting bounding boxes from mask video...
[05:41]   Frame 3 saved (frame_002.jpg, t=4.7s)
[05:41]   [capture-periodic] freeze=2ms shot=115ms unfreeze=3ms saved=True
[05:42]   [capture-loop] iter=50 t=5.8s state={'complete': False, 'error': None, 'executedCount': 0, 'wsState': 1} eval_ms=2 ram=10.5/31.3GB (34%) swap=0.7/32.0GB (2%) cpu=13% browser_rss=1.19GB
[05:45]   [ComfyUI] [worker:ComfyUI-MotionCapture] INFO: [GVHMRInference] Extracted 551 bounding boxes
[05:45]   [ComfyUI] [05/11 06:22:31][INFO] [GVHMRInference] Extracted 551 bounding boxes
[05:45]   [ComfyUI] [worker:ComfyUI-MotionCapture] INFO: [Memory] After bbox extraction from mask video: RSS=10708 MB, GPU=9 MB
[05:45]   [ComfyUI] [05/11 06:22:31][INFO] [Memory] After bbox extraction from mask video: RSS=10708 MB, GPU=9 MB
[05:45]   [ComfyUI] [worker:ComfyUI-MotionCapture] INFO: [GVHMRInference] bboxes_xyxy: torch.Size([551, 4]), bbx_xys: torch.Size([551, 3])
[05:45]   [ComfyUI] [05/11 06:22:31][INFO] [GVHMRInference] bboxes_xyxy: torch.Size([551, 4]), bbx_xys: torch.Size([551, 3])
[05:45]   [ComfyUI] [SubprocessWorker] callback 'request_vram_budget' from call_id=9
[05:45]   [ComfyUI] [comfy-env] VRAM request: 1.27GB, free before eviction: 7.62GB
[05:45]   [ComfyUI] [comfy-env] VRAM after eviction: 7.62GB
[05:45]   [ComfyUI] [worker:ComfyUI-MotionCapture] INFO: Potential memory leak detected with model DemoPL, doing a full garbage collect, for maximum performance avoid circular references in the model code.
[05:45]   [ComfyUI] [05/11 06:22:31][INFO] Potential memory leak detected with model DemoPL, doing a full garbage collect, for maximum performance avoid circular references in the model code.
[05:45]   [ComfyUI] [worker:ComfyUI-MotionCapture] WARNING: WARNING, memory leak with model DemoPL. Please make sure it is not being referenced from somewhere.
[05:45]   [ComfyUI] [05/11 06:22:31][WARNING] WARNING, memory leak with model DemoPL. Please make sure it is not being referenced from somewhere.
[05:45]   [ComfyUI] [worker:ComfyUI-MotionCapture] WARNING: WARNING, memory leak with model HMR2. Please make sure it is not being referenced from somewhere.
[05:45]   [ComfyUI] [05/11 06:22:31][WARNING] WARNING, memory leak with model HMR2. Please make sure it is not being referenced from somewhere.
[05:45]   [ComfyUI] [worker:ComfyUI-MotionCapture] WARNING: WARNING, memory leak with model VitPoseModel. Please make sure it is not being referenced from somewhere.
[05:45]   [ComfyUI] [05/11 06:22:31][WARNING] WARNING, memory leak with model VitPoseModel. Please make sure it is not being referenced from somewhere.
[05:45]   [ComfyUI] [worker:ComfyUI-MotionCapture] INFO: Requested to load VitPoseModel
[05:45]   [ComfyUI] [05/11 06:22:31][INFO] Requested to load VitPoseModel
[05:45]   [ComfyUI] [worker:ComfyUI-MotionCapture] INFO: Potential memory leak detected with model DemoPL, doing a full garbage collect, for maximum performance avoid circular references in the model code.
[05:45]   [ComfyUI] [05/11 06:22:31][INFO] Potential memory leak detected with model DemoPL, doing a full garbage collect, for maximum performance avoid circular references in the model code.
[05:45]   [ComfyUI] [worker:ComfyUI-MotionCapture] WARNING: WARNING, memory leak with model DemoPL. Please make sure it is not being referenced from somewhere.
[05:45]   [ComfyUI] [05/11 06:22:31][WARNING] WARNING, memory leak with model DemoPL. Please make sure it is not being referenced from somewhere.
[05:45]   [ComfyUI] [worker:ComfyUI-MotionCapture] WARNING: WARNING, memory leak with model HMR2. Please make sure it is not being referenced from somewhere.
[05:45]   [ComfyUI] [05/11 06:22:31][WARNING] WARNING, memory leak with model HMR2. Please make sure it is not being referenced from somewhere.
[05:45]   [ComfyUI] [worker:ComfyUI-MotionCapture] WARNING: WARNING, memory leak with model VitPoseModel. Please make sure it is not being referenced from somewhere.
[05:45]   [ComfyUI] [05/11 06:22:31][WARNING] WARNING, memory leak with model VitPoseModel. Please make sure it is not being referenced from somewhere.
[05:45]   [ComfyUI] [worker:ComfyUI-MotionCapture] [VRAM] +422MB (now 496MB) reserved=512MB peak=2661MB
[05:45]   [ComfyUI] [worker:ComfyUI-MotionCapture] INFO: loaded completely; 6097.99 MB usable, 1214.91 MB loaded, full load: True
[05:45]   [ComfyUI] [05/11 06:22:31][INFO] loaded completely; 6097.99 MB usable, 1214.91 MB loaded, full load: True
[05:45]   [ComfyUI] [worker:ComfyUI-MotionCapture] INFO: [Memory] ViTPose on GPU: RSS=8277 MB, GPU=1225 MB
[05:45]   [ComfyUI] [05/11 06:22:31][INFO] [Memory] ViTPose on GPU: RSS=8277 MB, GPU=1225 MB
[05:45]   [ComfyUI] [worker:ComfyUI-MotionCapture] INFO: [GVHMRInference] Pass 1/2 (ViTPose): 551 frames in chunks of 32...
[05:45]   [ComfyUI] [05/11 06:22:31][INFO] [GVHMRInference] Pass 1/2 (ViTPose): 551 frames in chunks of 32...
[05:45]   [ComfyUI] [worker:ComfyUI-MotionCapture] INFO: [GVHMRInference] ViTPose chunk [0:32] (32 frames)
[05:45]   [ComfyUI] [05/11 06:22:32][INFO] [GVHMRInference] ViTPose chunk [0:32] (32 frames)
[05:46]   [ComfyUI] [worker:ComfyUI-MotionCapture] [VRAM] +727MB (now 1224MB) reserved=1248MB peak=2661MB
[05:46]   [ComfyUI] [SubprocessWorker] callback 'report_progress' from call_id=9
[05:46]   [ComfyUI] [SubprocessWorker] callback 'report_progress' from call_id=9
[05:47]   [ComfyUI] [SubprocessWorker] callback 'report_progress' from call_id=9
[05:47]   [ComfyUI] [SubprocessWorker] callback 'report_progress' from call_id=9
[05:47]   [ComfyUI] [worker:ComfyUI-MotionCapture] INFO: [Memory] After ViTPose chunk [0:32]: RSS=8473 MB, GPU=1225 MB
[05:47]   [ComfyUI] [05/11 06:22:33][INFO] [Memory] After ViTPose chunk [0:32]: RSS=8473 MB, GPU=1225 MB
[05:47]   [ComfyUI] [worker:ComfyUI-MotionCapture] INFO: [GVHMRInference] ViTPose chunk [32:64] (32 frames)
[05:47]   [ComfyUI] [05/11 06:22:33][INFO] [GVHMRInference] ViTPose chunk [32:64] (32 frames)
[05:48]   [capture-loop] iter=100 t=11.2s state={'complete': False, 'error': None, 'executedCount': 0, 'wsState': 1} eval_ms=2 ram=10.6/31.3GB (34%) swap=0.7/32.0GB (2%) cpu=26% browser_rss=0.97GB
[05:48]   [ComfyUI] [SubprocessWorker] callback 'report_progress' from call_id=9
[05:48]   Frame 4 saved (frame_003.jpg, t=11.3s)
[05:48]   [capture-periodic] freeze=1ms shot=153ms unfreeze=4ms saved=True
[05:48]   [ComfyUI] [SubprocessWorker] callback 'report_progress' from call_id=9
[05:48]   [ComfyUI] [SubprocessWorker] callback 'report_progress' from call_id=9
[05:48]   [ComfyUI] [SubprocessWorker] callback 'report_progress' from call_id=9
[05:49]   [ComfyUI] [worker:ComfyUI-MotionCapture] INFO: [Memory] After ViTPose chunk [32:64]: RSS=8473 MB, GPU=1225 MB
[05:49]   [ComfyUI] [05/11 06:22:35][INFO] [Memory] After ViTPose chunk [32:64]: RSS=8473 MB, GPU=1225 MB
[05:49]   [ComfyUI] [worker:ComfyUI-MotionCapture] INFO: [GVHMRInference] ViTPose chunk [64:96] (32 frames)
[05:49]   [ComfyUI] [05/11 06:22:35][INFO] [GVHMRInference] ViTPose chunk [64:96] (32 frames)
[05:49]   [ComfyUI] [SubprocessWorker] callback 'report_progress' from call_id=9
[05:50]   [ComfyUI] [SubprocessWorker] callback 'report_progress' from call_id=9
[05:50]   [ComfyUI] [SubprocessWorker] callback 'report_progress' from call_id=9
[05:50]   [ComfyUI] [SubprocessWorker] callback 'report_progress' from call_id=9
[05:50]   [ComfyUI] [worker:ComfyUI-MotionCapture] INFO: [Memory] After ViTPose chunk [64:96]: RSS=8473 MB, GPU=1225 MB
[05:50]   [ComfyUI] [05/11 06:22:36][INFO] [Memory] After ViTPose chunk [64:96]: RSS=8473 MB, GPU=1225 MB
[05:50]   [ComfyUI] [worker:ComfyUI-MotionCapture] INFO: [GVHMRInference] ViTPose chunk [96:128] (32 frames)
[05:50]   [ComfyUI] [05/11 06:22:36][INFO] [GVHMRInference] ViTPose chunk [96:128] (32 frames)
[05:51]   [ComfyUI] [SubprocessWorker] callback 'report_progress' from call_id=9
[05:51]   [ComfyUI] [SubprocessWorker] callback 'report_progress' from call_id=9
[05:51]   [ComfyUI] [SubprocessWorker] callback 'report_progress' from call_id=9
[05:51]   [ComfyUI] [SubprocessWorker] callback 'report_progress' from call_id=9
[05:51]   [ComfyUI] [worker:ComfyUI-MotionCapture] INFO: [Memory] After ViTPose chunk [96:128]: RSS=8473 MB, GPU=1225 MB
[05:51]   [ComfyUI] [05/11 06:22:38][INFO] [Memory] After ViTPose chunk [96:128]: RSS=8473 MB, GPU=1225 MB
[05:52]   [ComfyUI] [worker:ComfyUI-MotionCapture] INFO: [GVHMRInference] ViTPose chunk [128:160] (32 frames)
[05:52]   [ComfyUI] [05/11 06:22:38][INFO] [GVHMRInference] ViTPose chunk [128:160] (32 frames)
[05:52]   [ComfyUI] [SubprocessWorker] callback 'report_progress' from call_id=9
[05:52]   [ComfyUI] [SubprocessWorker] callback 'report_progress' from call_id=9
[05:53]   [ComfyUI] [SubprocessWorker] callback 'report_progress' from call_id=9
[05:53]   [ComfyUI] [SubprocessWorker] callback 'report_progress' from call_id=9
[05:53]   [ComfyUI] [worker:ComfyUI-MotionCapture] INFO: [Memory] After ViTPose chunk [128:160]: RSS=8473 MB, GPU=1225 MB
[05:53]   [ComfyUI] [05/11 06:22:39][INFO] [Memory] After ViTPose chunk [128:160]: RSS=8473 MB, GPU=1225 MB
[05:53]   [ComfyUI] [worker:ComfyUI-MotionCapture] INFO: [GVHMRInference] ViTPose chunk [160:192] (32 frames)
[05:53]   [ComfyUI] [05/11 06:22:39][INFO] [GVHMRInference] ViTPose chunk [160:192] (32 frames)
[05:53]   [capture-loop] iter=150 t=16.9s state={'complete': False, 'error': None, 'executedCount': 0, 'wsState': 1} eval_ms=3 ram=10.4/31.3GB (33%) swap=0.7/32.0GB (2%) cpu=19% browser_rss=0.89GB
[05:54]   [ComfyUI] [SubprocessWorker] callback 'report_progress' from call_id=9
[05:54]   [ComfyUI] [SubprocessWorker] callback 'report_progress' from call_id=9
[05:54]   [ComfyUI] [SubprocessWorker] callback 'report_progress' from call_id=9
[05:54]   [ComfyUI] [SubprocessWorker] callback 'report_progress' from call_id=9
[05:54]   [ComfyUI] [worker:ComfyUI-MotionCapture] INFO: [Memory] After ViTPose chunk [160:192]: RSS=8497 MB, GPU=1225 MB
[05:54]   [ComfyUI] [05/11 06:22:41][INFO] [Memory] After ViTPose chunk [160:192]: RSS=8497 MB, GPU=1225 MB
[05:55]   [ComfyUI] [worker:ComfyUI-MotionCapture] INFO: [GVHMRInference] ViTPose chunk [192:224] (32 frames)
[05:55]   [ComfyUI] [05/11 06:22:41][INFO] [GVHMRInference] ViTPose chunk [192:224] (32 frames)
[05:55]   [ComfyUI] [SubprocessWorker] callback 'report_progress' from call_id=9
[05:55]   [ComfyUI] [SubprocessWorker] callback 'report_progress' from call_id=9
[05:56]   [ComfyUI] [SubprocessWorker] callback 'report_progress' from call_id=9
[05:56]   [ComfyUI] [SubprocessWorker] callback 'report_progress' from call_id=9
[05:56]   [ComfyUI] [worker:ComfyUI-MotionCapture] INFO: [Memory] After ViTPose chunk [192:224]: RSS=8521 MB, GPU=1225 MB
[05:56]   [ComfyUI] [05/11 06:22:42][INFO] [Memory] After ViTPose chunk [192:224]: RSS=8521 MB, GPU=1225 MB
[05:56]   [ComfyUI] [worker:ComfyUI-MotionCapture] INFO: [GVHMRInference] ViTPose chunk [224:256] (32 frames)
[05:56]   [ComfyUI] [05/11 06:22:42][INFO] [GVHMRInference] ViTPose chunk [224:256] (32 frames)
[05:57]   [ComfyUI] [SubprocessWorker] callback 'report_progress' from call_id=9
[05:57]   [ComfyUI] [SubprocessWorker] callback 'report_progress' from call_id=9
[05:57]   [ComfyUI] [SubprocessWorker] callback 'report_progress' from call_id=9
[05:57]   [ComfyUI] [SubprocessWorker] callback 'report_progress' from call_id=9
[05:57]   [ComfyUI] [worker:ComfyUI-MotionCapture] INFO: [Memory] After ViTPose chunk [224:256]: RSS=8545 MB, GPU=1225 MB
[05:57]   [ComfyUI] [05/11 06:22:44][INFO] [Memory] After ViTPose chunk [224:256]: RSS=8545 MB, GPU=1225 MB
[05:58]   [ComfyUI] [worker:ComfyUI-MotionCapture] INFO: [GVHMRInference] ViTPose chunk [256:288] (32 frames)
[05:58]   [ComfyUI] [05/11 06:22:44][INFO] [GVHMRInference] ViTPose chunk [256:288] (32 frames)
[05:58]   [ComfyUI] [SubprocessWorker] callback 'report_progress' from call_id=9
[05:58]   [ComfyUI] [SubprocessWorker] callback 'report_progress' from call_id=9
[05:58]   [ComfyUI] [SubprocessWorker] callback 'report_progress' from call_id=9
[05:59]   [ComfyUI] [SubprocessWorker] callback 'report_progress' from call_id=9
[05:59]   [ComfyUI] [worker:ComfyUI-MotionCapture] INFO: [Memory] After ViTPose chunk [256:288]: RSS=8593 MB, GPU=1225 MB
[05:59]   [ComfyUI] [05/11 06:22:45][INFO] [Memory] After ViTPose chunk [256:288]: RSS=8593 MB, GPU=1225 MB
[05:59]   [capture-loop] iter=200 t=22.4s state={'complete': False, 'error': None, 'executedCount': 0, 'wsState': 1} eval_ms=2 ram=10.6/31.3GB (34%) swap=0.7/32.0GB (2%) cpu=20% browser_rss=0.89GB
[05:59]   [ComfyUI] [worker:ComfyUI-MotionCapture]
[05:59]   [ComfyUI] === WATCHDOG TICK 2 ===
[05:59]   [ComfyUI] [worker:ComfyUI-MotionCapture] Thread 0x0000727eec9fd640 (most recent call first):
[05:59]   [ComfyUI]   File "/root/.ce/.pixi/envs/motioncapture-nodes/lib/python3.11/threading.py", line 331 in wait
[05:59]   [ComfyUI]   File "/root/.ce/.pixi/envs/motioncapture-nodes/lib/python3.11/threading.py", line 629 in wait
[05:59]   [ComfyUI]   File "/root/.ce/.pixi/envs/motioncapture-nodes/lib/python3.11/site-packages/tqdm/_monitor.py", line 60 in run
[05:59]   [ComfyUI]   File "/root/.ce/.pixi/envs/motioncapture-nodes/lib/python3.11/threading.py", line 1045 in _bootstrap_inner
[05:59]   [ComfyUI]   File "/root/.ce/.pixi/envs/motioncapture-nodes/lib/python3.11/threading.py", line 1002 in _bootstrap
[05:59]   [ComfyUI] 
[05:59]   [ComfyUI] Thread 0x0000727f3cff9640 (most recent call first):
[05:59]   [ComfyUI]   File "/root/.ce/.pixi/envs/motioncapture-nodes/lib/python3.11/threading.py", line 331 in wait
[05:59]   [ComfyUI]   File "/root/.ce/.pixi/envs/motioncapture-nodes/lib/python3.11/threading.py", line 629 in wait
[05:59]   [ComfyUI]   File "/root/.ce/.pixi/envs/motioncapture-nodes/lib/python3.11/site-packages/tqdm/_monitor.py", line 60 in run
[05:59]   [ComfyUI]   File "/root/.ce/.pixi/envs/motioncapture-nodes/lib/python3.11/threading.py", line 1045 in _bootstrap_inner
[05:59]   [ComfyUI]   File "/root/.ce/.pixi/envs/motioncapture-nodes/lib/python3.11/threading.py", line 1002 in _bootstrap
[05:59]   [ComfyUI] 
[05:59]   [ComfyUI] Thread 0x0000727f3d7fa640 (most recent call first):
[05:59]   [ComfyUI]   File "/root/.ce/.pixi/envs/motioncapture-nodes/lib/python3.11/threading.py", line 331 in wait
[05:59]   [ComfyUI]   File "/root/.ce/.pixi/envs/motioncapture-nodes/lib/python3.11/threading.py", line 629 in wait
[05:59]   [ComfyUI]   File "/root/.ce/.pixi/envs/motioncapture-nodes/lib/python3.11/site-packages/tqdm/_monitor.py", line 60 in run
[05:59]   [ComfyUI]   File "/root/.ce/.pixi/envs/motioncapture-nodes/lib/python3.11/threading.py", line 1045 in _bootstrap_inner
[05:59]   [ComfyUI]   File "/root/.ce/.pixi/envs/motioncapture-nodes/lib/python3.11/threading.py", line 1002 in _bootstrap
[05:59]   [ComfyUI] 
[05:59]   [ComfyUI] Thread 0x0000727f3dffb640 (most recent call first):
[05:59]   [ComfyUI]   File "/root/.ce/.pixi/envs/motioncapture-nodes/lib/python3.11/threading.py", line 331 in wait
[05:59]   [ComfyUI]   File "/root/.ce/.pixi/envs/motioncapture-nodes/lib/python3.11/threading.py", line 629 in wait
[05:59]   [ComfyUI]   File "/root/.ce/.pixi/envs/motioncapture-nodes/lib/python3.11/site-packages/tqdm/_monitor.py", line 60 in run
[05:59]   [ComfyUI]   File "/root/.ce/.pixi/envs/motioncapture-nodes/lib/python3.11/threading.py", line 1045 in _bootstrap_inner
[05:59]   [ComfyUI]   File "/root/.ce/.pixi/envs/motioncapture-nodes/lib/python3.11/threading.py", line 1002 in _bootstrap
[05:59]   [ComfyUI] 
[05:59]   [ComfyUI] Thread 0x0000727f3e7fc640 (most recent call first):
[05:59]   [ComfyUI]   File "/root/.ce/.pixi/envs/motioncapture-nodes/lib/python3.11/threading.py", line 331 in wait
[05:59]   [ComfyUI]   File "/root/.ce/.pixi/envs/motioncapture-nodes/lib/python3.11/threading.py", line 629 in wait
[05:59]   [ComfyUI]   File "/root/.ce/.pixi/envs/motioncapture-nodes/lib/python3.11/site-packages/tqdm/_monitor.py", line 60 in run
[05:59]   [ComfyUI]   File "/root/.ce/.pixi/envs/motioncapture-nodes/lib/python3.11/threading.py", line 1045 in _bootstrap_inner
[05:59]   [ComfyUI]   File "/root/.ce/.pixi/envs/motioncapture-nodes/lib/python3.11/threading.py", line 1002 in _bootstrap
[05:59]   [ComfyUI] 
[05:59]   [ComfyUI] Thread 0x0000727f3effd640 (most recent call first):
[05:59]   [ComfyUI]   File "/root/.ce/.pixi/envs/motioncapture-nodes/lib/python3.11/threading.py", line 331 in wait
[05:59]   [ComfyUI]   File "/root/.ce/.pixi/envs/motioncapture-nodes/lib/python3.11/threading.py", line 629 in wait
[05:59]   [ComfyUI]   File "/root/.ce/.pixi/envs/motioncapture-nodes/lib/python3.11/site-packages/tqdm/_monitor.py", line 60 in run
[05:59]   [ComfyUI]   File "/root/.ce/.pixi/envs/motioncapture-nodes/lib/python3.11/threading.py", line 1045 in _bootstrap_inner
[05:59]   [ComfyUI]   File "/root/.ce/.pixi/envs/motioncapture-nodes/lib/python3.11/threading.py", line 1002 in _bootstrap
[05:59]   [ComfyUI] 
[05:59]   [ComfyUI] Thread 0x0000727f3f7fe640 (most recent call first):
[05:59]   [ComfyUI]   File "/root/.ce/.pixi/envs/motioncapture-nodes/lib/python3.11/threading.py", line 331 in wait
[05:59]   [ComfyUI]   File "/root/.ce/.pixi/envs/motioncapture-nodes/lib/python3.11/threading.py", line 629 in wait
[05:59]   [ComfyUI]   File "/root/.ce/.pixi/envs/motioncapture-nodes/lib/python3.11/site-packages/tqdm/_monitor.py", line 60 in run
[05:59]   [ComfyUI]   File "/root/.ce/.pixi/envs/motioncapture-nodes/lib/python3.11/threading.py", line 1045 in _bootstrap_inner
[05:59]   [ComfyUI]   File "/root/.ce/.pixi/envs/motioncapture-nodes/lib/python3.11/threading.py", line 1002 in _bootstrap
[05:59]   [ComfyUI] 
[05:59]   [ComfyUI] Thread 0x0000727f3ffff640 (most recent call first):
[05:59]   [ComfyUI]   File "/root/.ce/.pixi/envs/motioncapture-nodes/lib/python3.11/threading.py", line 331 in wait
[05:59]   [ComfyUI]   File "/root/.ce/.pixi/envs/motioncapture-nodes/lib/python3.11/threading.py", line 629 in wait
[05:59]   [ComfyUI]   File "/root/.ce/.pixi/envs/motioncapture-nodes/lib/python3.11/site-packages/tqdm/_monitor.py", line 60 in run
[05:59]   [ComfyUI]   File "/root/.ce/.pixi/envs/motioncapture-nodes/lib/python3.11/threading.py", line 1045 in _bootstrap_inner
[05:59]   [ComfyUI]   File "/root/.ce/.pixi/envs/motioncapture-nodes/lib/python3.11/threading.py", line 1002 in _bootstrap
[05:59]   [ComfyUI] 
[05:59]   [ComfyUI] Thread 0x0000727f68a8a640 (most recent call first):
[05:59]   [ComfyUI]   File "/root/.ce/.pixi/envs/motioncapture-nodes/lib/python3.11/threading.py", line 331 in wait
[05:59]   [ComfyUI]   File "/root/.ce/.pixi/envs/motioncapture-nodes/lib/python3.11/threading.py", line 629 in wait
[05:59]   [ComfyUI]   File "/root/.ce/.pixi/envs/motioncapture-nodes/lib/python3.11/site-packages/tqdm/_monitor.py", line 60 in run
[05:59]   [ComfyUI]   File "/root/.ce/.pixi/envs/motioncapture-nodes/lib/python3.11/threading.py", line 1045 in _bootstrap_inner
[05:59]   [ComfyUI]   File "/root/.ce/.pixi/envs/motioncapture-nodes/lib/python3.11/threading.py", line 1002 in _bootstrap
[05:59]   [ComfyUI] 
[05:59]   [ComfyUI] Thread 0x0000727f7dfff640 (most recent call first):
[05:59]   [ComfyUI]   File "/root/.ce/.pixi/envs/motioncapture-nodes/lib/python3.11/threading.py", line 331 in wait
[05:59]   [ComfyUI]   File "/root/.ce/.pixi/envs/motioncapture-nodes/lib/python3.11/threading.py", line 629 in wait
[05:59]   [ComfyUI]   File "/root/.ce/.pixi/envs/motioncapture-nodes/lib/python3.11/site-packages/tqdm/_monitor.py", line 60 in run
[05:59]   [ComfyUI]   File "/root/.ce/.pixi/envs/motioncapture-nodes/lib/python3.11/threading.py", line 1045 in _bootstrap_inner
[05:59]   [ComfyUI]   File "/root/.ce/.pixi/envs/motioncapture-nodes/lib/python3.11/threading.py", line 1002 in _bootstrap
[05:59]   [ComfyUI] 
[05:59]   [ComfyUI] Thread 0x00007283913d0640 (most recent call first):
[05:59]   [ComfyUI]   File "/tmp/comfyui_pvenv_w4qowdpx/persistent_worker.py", line 106 in _vram_poller
[05:59]   [ComfyUI]   File "/root/.ce/.pixi/envs/motioncapture-nodes/lib/python3.11/threading.py", line 982 in run
[05:59]   [ComfyUI]   File "/root/.ce/.pixi/envs/motioncapture-nodes/lib/python3.11/threading.py", line 1045 in _bootstrap_inner
[05:59]   [ComfyUI]   File "/root/.ce/.pixi/envs/motioncapture-nodes/lib/python3.11/threading.py", line 1002 in _bootstrap
[05:59]   [ComfyUI] 
[05:59]   [ComfyUI] Current thread 0x0000728391bd5640 (most recent call first):
[05:59]   [ComfyUI]   File "/tmp/comfyui_pvenv_w4qowdpx/persistent_worker.py", line 52 in _watchdog
[05:59]   [ComfyUI]   File "/root/.ce/.pixi/envs/motioncapture-nodes/lib/python3.11/threading.py", line 982 in run
[05:59]   [ComfyUI]   File "/root/.ce/.pixi/envs/motioncapture-nodes/lib/python3.11/threading.py", line 1045 in _bootstrap_inner
[05:59]   [ComfyUI]   File "/root/.ce/.pixi/envs/motioncapture-nodes/lib/python3.11/threading.py", line 1002 in _bootstrap
[05:59]   [ComfyUI] 
[05:59]   [ComfyUI] Thread 0x00007283921f5740 (most recent call first):
[05:59]   [ComfyUI]   File "/workspaces/MotionCapture-0616/ComfyUI/custom_nodes/ComfyUI-MotionCapture/nodes/inference_node.py", line 523 in prepare_data_from_videos
[05:59]   [ComfyUI]   File "/workspaces/MotionCapture-0616/ComfyUI/custom_nodes/ComfyUI-MotionCapture/nodes/inference_node.py", line 775 in execute
[05:59]   [ComfyUI]   File "/workspaces/MotionCapture-0616/ComfyUI/comfy_api/latest/_io.py", line 1833 in EXECUTE_NORMALIZED
[05:59]   [ComfyUI]   File "/tmp/comfyui_pvenv_w4qowdpx/persistent_worker.py", line 1762 in main
[05:59]   [ComfyUI]   File "/tmp/comfyui_pvenv_w4qowdpx/persistent_worker.py", line 1807 in <module>
[05:59]   [ComfyUI] 
[05:59]   [ComfyUI] [worker:ComfyUI-MotionCapture] === END ===
[05:59]   [ComfyUI] 
[05:59]   [ComfyUI] [worker:ComfyUI-MotionCapture] INFO: [GVHMRInference] ViTPose chunk [288:320] (32 frames)
[05:59]   [ComfyUI] [05/11 06:22:45][INFO] [GVHMRInference] ViTPose chunk [288:320] (32 frames)
[06:00]   [ComfyUI] [SubprocessWorker] callback 'report_progress' from call_id=9
[06:00]   [ComfyUI] [SubprocessWorker] callback 'report_progress' from call_id=9
[06:00]   [ComfyUI] [SubprocessWorker] callback 'report_progress' from call_id=9
[06:00]   [ComfyUI] [SubprocessWorker] callback 'report_progress' from call_id=9
[06:00]   [ComfyUI] [worker:ComfyUI-MotionCapture] INFO: [Memory] After ViTPose chunk [288:320]: RSS=8641 MB, GPU=1225 MB
[06:00]   [ComfyUI] [05/11 06:22:46][INFO] [Memory] After ViTPose chunk [288:320]: RSS=8641 MB, GPU=1225 MB
[06:00]   [ComfyUI] [worker:ComfyUI-MotionCapture] INFO: [GVHMRInference] ViTPose chunk [320:352] (32 frames)
[06:00]   [ComfyUI] [05/11 06:22:47][INFO] [GVHMRInference] ViTPose chunk [320:352] (32 frames)
[06:01]   [ComfyUI] [SubprocessWorker] callback 'report_progress' from call_id=9
[06:01]   [ComfyUI] [SubprocessWorker] callback 'report_progress' from call_id=9
[06:01]   [ComfyUI] [SubprocessWorker] callback 'report_progress' from call_id=9
[06:01]   Frame 5 saved (frame_004.jpg, t=24.7s)
[06:01]   [capture-periodic] freeze=2ms shot=151ms unfreeze=5ms saved=True
[06:01]   [ComfyUI] [SubprocessWorker] callback 'report_progress' from call_id=9
[06:02]   [ComfyUI] [worker:ComfyUI-MotionCapture] INFO: [Memory] After ViTPose chunk [320:352]: RSS=8689 MB, GPU=1225 MB
[06:02]   [ComfyUI] [05/11 06:22:48][INFO] [Memory] After ViTPose chunk [320:352]: RSS=8689 MB, GPU=1225 MB
[06:02]   [ComfyUI] [worker:ComfyUI-MotionCapture] INFO: [GVHMRInference] ViTPose chunk [352:384] (32 frames)
[06:02]   [ComfyUI] [05/11 06:22:48][INFO] [GVHMRInference] ViTPose chunk [352:384] (32 frames)
[06:02]   [ComfyUI] [SubprocessWorker] callback 'report_progress' from call_id=9
[06:03]   [ComfyUI] [SubprocessWorker] callback 'report_progress' from call_id=9
[06:03]   [ComfyUI] [SubprocessWorker] callback 'report_progress' from call_id=9
[06:03]   [ComfyUI] [SubprocessWorker] callback 'report_progress' from call_id=9
[06:03]   [ComfyUI] [worker:ComfyUI-MotionCapture] INFO: [Memory] After ViTPose chunk [352:384]: RSS=8737 MB, GPU=1225 MB
[06:03]   [ComfyUI] [05/11 06:22:49][INFO] [Memory] After ViTPose chunk [352:384]: RSS=8737 MB, GPU=1225 MB
[06:03]   [ComfyUI] [worker:ComfyUI-MotionCapture] INFO: [GVHMRInference] ViTPose chunk [384:416] (32 frames)
[06:03]   [ComfyUI] [05/11 06:22:50][INFO] [GVHMRInference] ViTPose chunk [384:416] (32 frames)
[06:04]   Frame 6 saved (frame_005.jpg, t=27.0s)
[06:04]   [capture-periodic] freeze=1ms shot=151ms unfreeze=3ms saved=True
[06:04]   [ComfyUI] [SubprocessWorker] callback 'report_progress' from call_id=9
[06:04]   [ComfyUI] [SubprocessWorker] callback 'report_progress' from call_id=9
[06:04]   [ComfyUI] [SubprocessWorker] callback 'report_progress' from call_id=9
[06:04]   [ComfyUI] [SubprocessWorker] callback 'report_progress' from call_id=9
[06:05]   [capture-loop] iter=250 t=28.1s state={'complete': False, 'error': None, 'executedCount': 0, 'wsState': 1} eval_ms=6 ram=10.8/31.3GB (35%) swap=0.7/32.0GB (2%) cpu=20% browser_rss=0.89GB
[06:05]   [ComfyUI] [worker:ComfyUI-MotionCapture] INFO: [Memory] After ViTPose chunk [384:416]: RSS=8785 MB, GPU=1225 MB
[06:05]   [ComfyUI] [05/11 06:22:51][INFO] [Memory] After ViTPose chunk [384:416]: RSS=8785 MB, GPU=1225 MB
[06:05]   [ComfyUI] [worker:ComfyUI-MotionCapture] INFO: [GVHMRInference] ViTPose chunk [416:448] (32 frames)
[06:05]   [ComfyUI] [05/11 06:22:51][INFO] [GVHMRInference] ViTPose chunk [416:448] (32 frames)
[06:05]   [ComfyUI] [SubprocessWorker] callback 'report_progress' from call_id=9
[06:06]   [ComfyUI] [SubprocessWorker] callback 'report_progress' from call_id=9
[06:06]   [ComfyUI] [SubprocessWorker] callback 'report_progress' from call_id=9
[06:06]   [ComfyUI] [SubprocessWorker] callback 'report_progress' from call_id=9
[06:06]   Frame 7 saved (frame_006.jpg, t=29.3s)
[06:06]   [capture-periodic] freeze=2ms shot=157ms unfreeze=7ms saved=True
[06:06]   [ComfyUI] [worker:ComfyUI-MotionCapture] INFO: [Memory] After ViTPose chunk [416:448]: RSS=8833 MB, GPU=1225 MB
[06:06]   [ComfyUI] [05/11 06:22:52][INFO] [Memory] After ViTPose chunk [416:448]: RSS=8833 MB, GPU=1225 MB
[06:06]   [ComfyUI] [worker:ComfyUI-MotionCapture] INFO: [GVHMRInference] ViTPose chunk [448:480] (32 frames)
[06:06]   [ComfyUI] [05/11 06:22:52][INFO] [GVHMRInference] ViTPose chunk [448:480] (32 frames)
[06:07]   [ComfyUI] [SubprocessWorker] callback 'report_progress' from call_id=9
[06:07]   [ComfyUI] [SubprocessWorker] callback 'report_progress' from call_id=9
[06:07]   [ComfyUI] [SubprocessWorker] callback 'report_progress' from call_id=9
[06:07]   [ComfyUI] [SubprocessWorker] callback 'report_progress' from call_id=9
[06:07]   [ComfyUI] [worker:ComfyUI-MotionCapture] INFO: [Memory] After ViTPose chunk [448:480]: RSS=8881 MB, GPU=1225 MB
[06:07]   [ComfyUI] [05/11 06:22:54][INFO] [Memory] After ViTPose chunk [448:480]: RSS=8881 MB, GPU=1225 MB
[06:08]   [ComfyUI] [worker:ComfyUI-MotionCapture] INFO: [GVHMRInference] ViTPose chunk [480:512] (32 frames)
[06:08]   [ComfyUI] [05/11 06:22:54][INFO] [GVHMRInference] ViTPose chunk [480:512] (32 frames)
[06:08]   Frame 8 saved (frame_007.jpg, t=31.6s)
[06:08]   [capture-periodic] freeze=1ms shot=152ms unfreeze=4ms saved=True
[06:08]   [ComfyUI] [SubprocessWorker] callback 'report_progress' from call_id=9
[06:08]   [ComfyUI] [SubprocessWorker] callback 'report_progress' from call_id=9
[06:09]   [ComfyUI] [SubprocessWorker] callback 'report_progress' from call_id=9
[06:09]   [ComfyUI] [SubprocessWorker] callback 'report_progress' from call_id=9
[06:09]   [ComfyUI] [worker:ComfyUI-MotionCapture] INFO: [Memory] After ViTPose chunk [480:512]: RSS=8929 MB, GPU=1225 MB
[06:09]   [ComfyUI] [05/11 06:22:55][INFO] [Memory] After ViTPose chunk [480:512]: RSS=8929 MB, GPU=1225 MB
[06:09]   [ComfyUI] [worker:ComfyUI-MotionCapture] INFO: [GVHMRInference] ViTPose chunk [512:544] (32 frames)
[06:09]   [ComfyUI] [05/11 06:22:55][INFO] [GVHMRInference] ViTPose chunk [512:544] (32 frames)
[06:10]   [ComfyUI] [SubprocessWorker] callback 'report_progress' from call_id=9
[06:10]   [ComfyUI] [SubprocessWorker] callback 'report_progress' from call_id=9
[06:10]   [ComfyUI] [SubprocessWorker] callback 'report_progress' from call_id=9
[06:10]   [ComfyUI] [SubprocessWorker] callback 'report_progress' from call_id=9
[06:10]   [capture-loop] iter=300 t=33.8s state={'complete': False, 'error': None, 'executedCount': 0, 'wsState': 1} eval_ms=2 ram=10.9/31.3GB (35%) swap=0.7/32.0GB (2%) cpu=20% browser_rss=0.89GB
[06:10]   [ComfyUI] [worker:ComfyUI-MotionCapture] INFO: [Memory] After ViTPose chunk [512:544]: RSS=8977 MB, GPU=1225 MB
[06:10]   [ComfyUI] [05/11 06:22:57][INFO] [Memory] After ViTPose chunk [512:544]: RSS=8977 MB, GPU=1225 MB
[06:10]   [ComfyUI] [worker:ComfyUI-MotionCapture] INFO: [GVHMRInference] ViTPose chunk [544:551] (7 frames)
[06:10]   [ComfyUI] [05/11 06:22:57][INFO] [GVHMRInference] ViTPose chunk [544:551] (7 frames)
[06:10]   Frame 9 saved (frame_008.jpg, t=33.8s)
[06:10]   [capture-periodic] freeze=2ms shot=150ms unfreeze=5ms saved=True
[06:11]   [ComfyUI] [SubprocessWorker] callback 'report_progress' from call_id=9
[06:11]   [ComfyUI] [worker:ComfyUI-MotionCapture] INFO: [Memory] After ViTPose chunk [544:551]: RSS=8828 MB, GPU=1225 MB
[06:11]   [ComfyUI] [05/11 06:22:57][INFO] [Memory] After ViTPose chunk [544:551]: RSS=8828 MB, GPU=1225 MB
[06:11]   [ComfyUI] [SubprocessWorker] callback 'request_vram_budget' from call_id=9
[06:11]   [ComfyUI] [comfy-env] VRAM request: 1.34GB, free before eviction: 6.37GB
[06:11]   [ComfyUI] [comfy-env] VRAM after eviction: 6.37GB
[06:11]   [ComfyUI] [worker:ComfyUI-MotionCapture] INFO: Potential memory leak detected with model DemoPL, doing a full garbage collect, for maximum performance avoid circular references in the model code.
[06:11]   [ComfyUI] [05/11 06:22:57][INFO] Potential memory leak detected with model DemoPL, doing a full garbage collect, for maximum performance avoid circular references in the model code.
[06:11]   [ComfyUI] [worker:ComfyUI-MotionCapture] WARNING: WARNING, memory leak with model DemoPL. Please make sure it is not being referenced from somewhere.
[06:11]   [ComfyUI] [05/11 06:22:57][WARNING] WARNING, memory leak with model DemoPL. Please make sure it is not being referenced from somewhere.
[06:11]   [ComfyUI] [worker:ComfyUI-MotionCapture] WARNING: WARNING, memory leak with model HMR2. Please make sure it is not being referenced from somewhere.
[06:11]   [ComfyUI] [05/11 06:22:57][WARNING] WARNING, memory leak with model HMR2. Please make sure it is not being referenced from somewhere.
[06:11]   [ComfyUI] [worker:ComfyUI-MotionCapture] WARNING: WARNING, memory leak with model VitPoseModel. Please make sure it is not being referenced from somewhere.
[06:11]   [ComfyUI] [05/11 06:22:57][WARNING] WARNING, memory leak with model VitPoseModel. Please make sure it is not being referenced from somewhere.
[06:11]   [ComfyUI] [worker:ComfyUI-MotionCapture] INFO: Requested to load HMR2
[06:11]   [ComfyUI] [05/11 06:22:57][INFO] Requested to load HMR2
[06:11]   [ComfyUI] [worker:ComfyUI-MotionCapture] INFO: Potential memory leak detected with model DemoPL, doing a full garbage collect, for maximum performance avoid circular references in the model code.
[06:11]   [ComfyUI] [05/11 06:22:57][INFO] Potential memory leak detected with model DemoPL, doing a full garbage collect, for maximum performance avoid circular references in the model code.
[06:11]   [ComfyUI] [worker:ComfyUI-MotionCapture] WARNING: WARNING, memory leak with model DemoPL. Please make sure it is not being referenced from somewhere.
[06:11]   [ComfyUI] [05/11 06:22:57][WARNING] WARNING, memory leak with model DemoPL. Please make sure it is not being referenced from somewhere.
[06:11]   [ComfyUI] [worker:ComfyUI-MotionCapture] WARNING: WARNING, memory leak with model HMR2. Please make sure it is not being referenced from somewhere.
[06:11]   [ComfyUI] [05/11 06:22:57][WARNING] WARNING, memory leak with model HMR2. Please make sure it is not being referenced from somewhere.
[06:11]   [ComfyUI] [worker:ComfyUI-MotionCapture] WARNING: WARNING, memory leak with model VitPoseModel. Please make sure it is not being referenced from somewhere.
[06:11]   [ComfyUI] [05/11 06:22:57][WARNING] WARNING, memory leak with model VitPoseModel. Please make sure it is not being referenced from somewhere.
[06:11]   [ComfyUI] [worker:ComfyUI-MotionCapture] [VRAM] +462MB (now 1687MB) reserved=1696MB peak=2661MB
[06:11]   [ComfyUI] [worker:ComfyUI-MotionCapture] INFO: loaded completely; 4882.61 MB usable, 1278.33 MB loaded, full load: True
[06:11]   [ComfyUI] [05/11 06:22:58][INFO] loaded completely; 4882.61 MB usable, 1278.33 MB loaded, full load: True
[06:11]   [ComfyUI] [worker:ComfyUI-MotionCapture] INFO: [Memory] HMR2 on GPU: RSS=8829 MB, GPU=2503 MB
[06:11]   [ComfyUI] [05/11 06:22:58][INFO] [Memory] HMR2 on GPU: RSS=8829 MB, GPU=2503 MB
[06:11]   [ComfyUI] [worker:ComfyUI-MotionCapture] INFO: [GVHMRInference] Pass 2/2 (HMR2): 18 chunks...
[06:11]   [ComfyUI] [05/11 06:22:58][INFO] [GVHMRInference] Pass 2/2 (HMR2): 18 chunks...
[06:11]   [ComfyUI] [worker:ComfyUI-MotionCapture] INFO: [GVHMRInference] HMR2 chunk 1/18
[06:11]   [ComfyUI] [05/11 06:22:58][INFO] [GVHMRInference] HMR2 chunk 1/18
[06:11]   [ComfyUI] [SubprocessWorker] callback 'report_progress' from call_id=9
[06:11]   [ComfyUI] [SubprocessWorker] callback 'report_progress' from call_id=9
[06:12]   [ComfyUI] [SubprocessWorker] callback 'report_progress' from call_id=9
[06:12]   [ComfyUI] [worker:ComfyUI-MotionCapture] INFO: [GVHMRInference] HMR2 chunk 2/18
[06:12]   [ComfyUI] [05/11 06:22:58][INFO] [GVHMRInference] HMR2 chunk 2/18
[06:12]   [ComfyUI] [SubprocessWorker] callback 'report_progress' from call_id=9
[06:12]   [ComfyUI] [SubprocessWorker] callback 'report_progress' from call_id=9
[06:12]   [ComfyUI] [SubprocessWorker] callback 'report_progress' from call_id=9
[06:12]   [ComfyUI] [worker:ComfyUI-MotionCapture] INFO: [GVHMRInference] HMR2 chunk 3/18
[06:12]   [ComfyUI] [05/11 06:22:58][INFO] [GVHMRInference] HMR2 chunk 3/18
[06:12]   [ComfyUI] [SubprocessWorker] callback 'report_progress' from call_id=9
[06:12]   [ComfyUI] [SubprocessWorker] callback 'report_progress' from call_id=9
[06:12]   [ComfyUI] [worker:ComfyUI-MotionCapture] [VRAM] +822MB (now 2510MB) reserved=2592MB peak=2661MB
[06:12]   [ComfyUI] [SubprocessWorker] callback 'report_progress' from call_id=9
[06:12]   [ComfyUI] [worker:ComfyUI-MotionCapture] INFO: [GVHMRInference] HMR2 chunk 4/18
[06:12]   [ComfyUI] [05/11 06:22:59][INFO] [GVHMRInference] HMR2 chunk 4/18
[06:12]   [ComfyUI] [SubprocessWorker] callback 'report_progress' from call_id=9
[06:13]   [ComfyUI] [SubprocessWorker] callback 'report_progress' from call_id=9
[06:13]   [ComfyUI] [SubprocessWorker] callback 'report_progress' from call_id=9
[06:13]   Frame 10 saved (frame_009.jpg, t=36.1s)
[06:13]   [capture-periodic] freeze=1ms shot=170ms unfreeze=2ms saved=True
[06:13]   [ComfyUI] [worker:ComfyUI-MotionCapture] INFO: [GVHMRInference] HMR2 chunk 5/18
[06:13]   [ComfyUI] [05/11 06:22:59][INFO] [GVHMRInference] HMR2 chunk 5/18
[06:13]   [ComfyUI] [SubprocessWorker] callback 'report_progress' from call_id=9
[06:13]   [ComfyUI] [SubprocessWorker] callback 'report_progress' from call_id=9
[06:13]   [ComfyUI] [SubprocessWorker] callback 'report_progress' from call_id=9
[06:13]   [ComfyUI] [worker:ComfyUI-MotionCapture] INFO: [GVHMRInference] HMR2 chunk 6/18
[06:13]   [ComfyUI] [05/11 06:22:59][INFO] [GVHMRInference] HMR2 chunk 6/18
[06:13]   [ComfyUI] [SubprocessWorker] callback 'report_progress' from call_id=9
[06:13]   [ComfyUI] [SubprocessWorker] callback 'report_progress' from call_id=9
[06:13]   [ComfyUI] [SubprocessWorker] callback 'report_progress' from call_id=9
[06:13]   [ComfyUI] [worker:ComfyUI-MotionCapture] INFO: [GVHMRInference] HMR2 chunk 7/18
[06:13]   [ComfyUI] [05/11 06:23:00][INFO] [GVHMRInference] HMR2 chunk 7/18
[06:14]   [ComfyUI] [SubprocessWorker] callback 'report_progress' from call_id=9
[06:14]   [ComfyUI] [SubprocessWorker] callback 'report_progress' from call_id=9
[06:14]   [ComfyUI] [SubprocessWorker] callback 'report_progress' from call_id=9
[06:14]   [ComfyUI] [worker:ComfyUI-MotionCapture] INFO: [GVHMRInference] HMR2 chunk 8/18
[06:14]   [ComfyUI] [05/11 06:23:00][INFO] [GVHMRInference] HMR2 chunk 8/18
[06:14]   [ComfyUI] [SubprocessWorker] callback 'report_progress' from call_id=9
[06:14]   [ComfyUI] [SubprocessWorker] callback 'report_progress' from call_id=9
[06:14]   [ComfyUI] [SubprocessWorker] callback 'report_progress' from call_id=9
[06:14]   [ComfyUI] [worker:ComfyUI-MotionCapture] INFO: [GVHMRInference] HMR2 chunk 9/18
[06:14]   [ComfyUI] [05/11 06:23:00][INFO] [GVHMRInference] HMR2 chunk 9/18
[06:14]   [ComfyUI] [SubprocessWorker] callback 'report_progress' from call_id=9
[06:14]   [ComfyUI] [SubprocessWorker] callback 'report_progress' from call_id=9
[06:14]   [ComfyUI] [SubprocessWorker] callback 'report_progress' from call_id=9
[06:15]   [ComfyUI] [worker:ComfyUI-MotionCapture] INFO: [GVHMRInference] HMR2 chunk 10/18
[06:15]   [ComfyUI] [05/11 06:23:01][INFO] [GVHMRInference] HMR2 chunk 10/18
[06:15]   [ComfyUI] [SubprocessWorker] callback 'report_progress' from call_id=9
[06:15]   [ComfyUI] [SubprocessWorker] callback 'report_progress' from call_id=9
[06:15]   [ComfyUI] [SubprocessWorker] callback 'report_progress' from call_id=9
[06:15]   [ComfyUI] [worker:ComfyUI-MotionCapture] INFO: [GVHMRInference] HMR2 chunk 11/18
[06:15]   [ComfyUI] [05/11 06:23:01][INFO] [GVHMRInference] HMR2 chunk 11/18
[06:15]   [ComfyUI] [SubprocessWorker] callback 'report_progress' from call_id=9
[06:15]   Frame 11 saved (frame_010.jpg, t=38.4s)
[06:15]   [capture-periodic] freeze=6ms shot=163ms unfreeze=3ms saved=True
[06:15]   [ComfyUI] [SubprocessWorker] callback 'report_progress' from call_id=9
[06:15]   [ComfyUI] [SubprocessWorker] callback 'report_progress' from call_id=9
[06:15]   [ComfyUI] [worker:ComfyUI-MotionCapture] INFO: [GVHMRInference] HMR2 chunk 12/18
[06:15]   [ComfyUI] [05/11 06:23:02][INFO] [GVHMRInference] HMR2 chunk 12/18
[06:15]   [ComfyUI] [SubprocessWorker] callback 'report_progress' from call_id=9
[06:15]   [ComfyUI] [SubprocessWorker] callback 'report_progress' from call_id=9
[06:16]   [ComfyUI] [SubprocessWorker] callback 'report_progress' from call_id=9
[06:16]   [ComfyUI] [worker:ComfyUI-MotionCapture] INFO: [GVHMRInference] HMR2 chunk 13/18
[06:16]   [ComfyUI] [05/11 06:23:02][INFO] [GVHMRInference] HMR2 chunk 13/18
[06:16]   [ComfyUI] [SubprocessWorker] callback 'report_progress' from call_id=9
[06:16]   [ComfyUI] [SubprocessWorker] callback 'report_progress' from call_id=9
[06:16]   [ComfyUI] [SubprocessWorker] callback 'report_progress' from call_id=9
[06:16]   [ComfyUI] [worker:ComfyUI-MotionCapture] INFO: [GVHMRInference] HMR2 chunk 14/18
[06:16]   [ComfyUI] [05/11 06:23:02][INFO] [GVHMRInference] HMR2 chunk 14/18
[06:16]   [capture-loop] iter=350 t=39.6s state={'complete': False, 'error': None, 'executedCount': 0, 'wsState': 1} eval_ms=2 ram=10.8/31.3GB (35%) swap=0.7/32.0GB (2%) cpu=16% browser_rss=0.90GB
[06:16]   [ComfyUI] [SubprocessWorker] callback 'report_progress' from call_id=9
[06:16]   [ComfyUI] [SubprocessWorker] callback 'report_progress' from call_id=9
[06:16]   [ComfyUI] [SubprocessWorker] callback 'report_progress' from call_id=9
[06:16]   [ComfyUI] [worker:ComfyUI-MotionCapture] INFO: [GVHMRInference] HMR2 chunk 15/18
[06:16]   [ComfyUI] [05/11 06:23:03][INFO] [GVHMRInference] HMR2 chunk 15/18
[06:16]   [ComfyUI] [SubprocessWorker] callback 'report_progress' from call_id=9
[06:17]   [ComfyUI] [SubprocessWorker] callback 'report_progress' from call_id=9
[06:17]   [ComfyUI] [SubprocessWorker] callback 'report_progress' from call_id=9
[06:17]   [ComfyUI] [worker:ComfyUI-MotionCapture] INFO: [GVHMRInference] HMR2 chunk 16/18
[06:17]   [ComfyUI] [05/11 06:23:03][INFO] [GVHMRInference] HMR2 chunk 16/18
[06:17]   [ComfyUI] [SubprocessWorker] callback 'report_progress' from call_id=9
[06:17]   [ComfyUI] [SubprocessWorker] callback 'report_progress' from call_id=9
[06:17]   [ComfyUI] [SubprocessWorker] callback 'report_progress' from call_id=9
[06:17]   [ComfyUI] [worker:ComfyUI-MotionCapture] INFO: [GVHMRInference] HMR2 chunk 17/18
[06:17]   [ComfyUI] [05/11 06:23:03][INFO] [GVHMRInference] HMR2 chunk 17/18
[06:17]   [ComfyUI] [SubprocessWorker] callback 'report_progress' from call_id=9
[06:17]   Frame 12 saved (frame_011.jpg, t=40.7s)
[06:17]   [capture-periodic] freeze=2ms shot=152ms unfreeze=2ms saved=True
[06:17]   [ComfyUI] [SubprocessWorker] callback 'report_progress' from call_id=9
[06:17]   [ComfyUI] [SubprocessWorker] callback 'report_progress' from call_id=9
[06:18]   [ComfyUI] [worker:ComfyUI-MotionCapture] INFO: [GVHMRInference] HMR2 chunk 18/18
[06:18]   [ComfyUI] [05/11 06:23:04][INFO] [GVHMRInference] HMR2 chunk 18/18
[06:18]   [ComfyUI] [SubprocessWorker] callback 'report_progress' from call_id=9
[06:18]   [ComfyUI] [worker:ComfyUI-MotionCapture] INFO: [Memory] After HMR2 pass: RSS=8313 MB, GPU=2503 MB
[06:18]   [ComfyUI] [05/11 06:23:04][INFO] [Memory] After HMR2 pass: RSS=8313 MB, GPU=2503 MB
[06:18]   [ComfyUI] [worker:ComfyUI-MotionCapture] INFO: [GVHMRInference] ViTPose complete: kp2d=torch.Size([551, 17, 3]) dtype=torch.float32
[06:18]   [ComfyUI] [05/11 06:23:04][INFO] [GVHMRInference] ViTPose complete: kp2d=torch.Size([551, 17, 3]) dtype=torch.float32
[06:18]   [ComfyUI] [worker:ComfyUI-MotionCapture] INFO: [GVHMRInference] HMR2 complete: f_imgseq=torch.Size([551, 1024]) dtype=torch.bfloat16
[06:18]   [ComfyUI] [05/11 06:23:04][INFO] [GVHMRInference] HMR2 complete: f_imgseq=torch.Size([551, 1024]) dtype=torch.bfloat16
[06:18]   [ComfyUI] [worker:ComfyUI-MotionCapture] INFO: [Memory] After all chunks processed: RSS=8313 MB, GPU=2503 MB
[06:18]   [ComfyUI] [05/11 06:23:04][INFO] [Memory] After all chunks processed: RSS=8313 MB, GPU=2503 MB
[06:18]   [ComfyUI] [worker:ComfyUI-MotionCapture] INFO: [GVHMRInference] Features offloaded to disk: /tmp/f_imgseq_7nfyuet3.safetensors
[06:18]   [ComfyUI] [05/11 06:23:04][INFO] [GVHMRInference] Features offloaded to disk: /tmp/f_imgseq_7nfyuet3.safetensors
[06:18]   [ComfyUI] [worker:ComfyUI-MotionCapture] INFO: [GVHMRInference] Using provided camera intrinsics, input shape: torch.Size([1, 3, 3])
[06:18]   [ComfyUI] [05/11 06:23:04][INFO] [GVHMRInference] Using provided camera intrinsics, input shape: torch.Size([1, 3, 3])
[06:18]   [ComfyUI] [worker:ComfyUI-MotionCapture] INFO: [GVHMRInference] Intrinsics fx=3278.2, fy=2455.5, cx=960.0, cy=540.0
[06:18]   [ComfyUI] [05/11 06:23:04][INFO] [GVHMRInference] Intrinsics fx=3278.2, fy=2455.5, cx=960.0, cy=540.0
[06:18]   [ComfyUI] [worker:ComfyUI-MotionCapture] INFO: [GVHMRInference] Camera mode: MOVING (vo_method=simple_vo)
[06:18]   [ComfyUI] [05/11 06:23:04][INFO] [GVHMRInference] Camera mode: MOVING (vo_method=simple_vo)
[06:18]   [ComfyUI] [worker:ComfyUI-MotionCapture] INFO: [GVHMRInference] Running SimpleVO for moving camera (scale=0.5, step=8)...
[06:18]   [ComfyUI] [05/11 06:23:04][INFO] [GVHMRInference] Running SimpleVO for moving camera (scale=0.5, step=8)...
[06:18]   [ComfyUI] [worker:ComfyUI-MotionCapture] INFO: [GVHMRInference] Using temp video: /tmp/tmpv0b472qi.mp4 (551 frames)
[06:18]   [ComfyUI] [05/11 06:23:04][INFO] [GVHMRInference] Using temp video: /tmp/tmpv0b472qi.mp4 (551 frames)
[06:18]   [ComfyUI] [worker:ComfyUI-MotionCapture] INFO: [GVHMRInference] SimpleVO params: f_mm=24, scale=0.5, step=8, method=sift
[06:18]   [ComfyUI] [05/11 06:23:04][INFO] [GVHMRInference] SimpleVO params: f_mm=24, scale=0.5, step=8, method=sift
[06:20]   Frame 13 saved (frame_012.jpg, t=43.0s)
[06:20]   [capture-periodic] freeze=2ms shot=155ms unfreeze=6ms saved=True
[06:20]   [ComfyUI] [worker:ComfyUI-MotionCapture] INFO: Choosen frames shape: (70, 540, 960, 3)
[06:20]   [ComfyUI] [05/11 06:23:06][INFO] Choosen frames shape: (70, 540, 960, 3)
[06:20]   [ComfyUI] [SubprocessWorker] callback 'report_progress' from call_id=9
[06:20]   [ComfyUI] [SubprocessWorker] callback 'report_progress' from call_id=9
[06:20]   [ComfyUI] [SubprocessWorker] callback 'report_progress' from call_id=9
[06:21]   [ComfyUI] [SubprocessWorker] callback 'report_progress' from call_id=9
[06:21]   [ComfyUI] [SubprocessWorker] callback 'report_progress' from call_id=9
[06:21]   [ComfyUI] [SubprocessWorker] callback 'report_progress' from call_id=9
[06:21]   [ComfyUI] [SubprocessWorker] callback 'report_progress' from call_id=9
[06:21]   [ComfyUI] [SubprocessWorker] callback 'report_progress' from call_id=9
[06:21]   [ComfyUI] [worker:ComfyUI-MotionCapture] WARNING: Only 2 matches found, which might not be enough for reliable pose estimation
[06:21]   [ComfyUI] [05/11 06:23:07][WARNING] Only 2 matches found, which might not be enough for reliable pose estimation
[06:21]   [ComfyUI] [worker:ComfyUI-MotionCapture] Traceback (most recent call last):
[06:21]   [ComfyUI] 
[06:21]   [ComfyUI] [worker:ComfyUI-MotionCapture]   File "/workspaces/MotionCapture-0616/ComfyUI/custom_nodes/ComfyUI-MotionCapture/nodes/inference_node.py", line 667, in prepare_data_from_videos
[06:21]   [ComfyUI]     T_w2c_list = vo.compute()
[06:21]   [ComfyUI]                  ^^^^^^^^^^^^
[06:21]   [ComfyUI] 
[06:21]   [ComfyUI] [worker:ComfyUI-MotionCapture]   File "/workspaces/MotionCapture-0616/ComfyUI/custom_nodes/ComfyUI-MotionCapture/nodes/motion_utils/simple_vo.py", line 44, in compute
[06:21]   [ComfyUI]     T_w2c_list = self.process_video_T_w2c_list_np(frames, matcher, solver)
[06:21]   [ComfyUI]                  ^^^^^^^^^^^^^^^^^^^^^^^^^^^^^^^^^^^^^^^^^^^^^^^^^^^^^^^^^
[06:21]   [ComfyUI] 
[06:21]   [ComfyUI] [worker:ComfyUI-MotionCapture]   File "/workspaces/MotionCapture-0616/ComfyUI/custom_nodes/ComfyUI-MotionCapture/nodes/motion_utils/simple_vo.py", line 62, in process_video_T_w2c_list_np
[06:21]   [ComfyUI]     T_delta = solver.solve(pts0, pts1)  # T_delta = T_curr @ T_last^-1
[06:21]   [ComfyUI]               ^^^^^^^^^^^^^^^^^^^^^^^^
[06:21]   [ComfyUI] 
[06:21]   [ComfyUI] [worker:ComfyUI-MotionCapture]   File "/workspaces/MotionCapture-0616/ComfyUI/custom_nodes/ComfyUI-MotionCapture/nodes/motion_utils/solver_two_view.py", line 140, in solve
[06:21]   [ComfyUI]     return self.solver.solve(pts0, pts1)
[06:21]   [ComfyUI]            ^^^^^^^^^^^^^^^^^^^^^^^^^^^^^
[06:21]   [ComfyUI] 
[06:21]   [ComfyUI] [worker:ComfyUI-MotionCapture]   File "/workspaces/MotionCapture-0616/ComfyUI/custom_nodes/ComfyUI-MotionCapture/nodes/motion_utils/solver_two_view.py", line 109, in solve
[06:21]   [ComfyUI]     Rt = answer.cam2_from_cam1.matrix().astype(np.float32)  # shape (3, 4)
[06:21]   [ComfyUI]          ^^^^^^^^^^^^^^^^^^^^^^^^^^^^
[06:21]   [ComfyUI] 
[06:21]   [ComfyUI] [worker:ComfyUI-MotionCapture] AttributeError: 'NoneType' object has no attribute 'matrix'
[06:21]   [ComfyUI] 
[06:21]   [ComfyUI] [worker:ComfyUI-MotionCapture] ERROR: [GVHMRInference] Visual odometry failed: 'NoneType' object has no attribute 'matrix'
[06:21]   [ComfyUI] [worker:ComfyUI-MotionCapture] Traceback (most recent call last):
[06:21]   [ComfyUI] 
[06:21]   [ComfyUI] [worker:ComfyUI-MotionCapture]   File "/workspaces/MotionCapture-0616/ComfyUI/custom_nodes/ComfyUI-MotionCapture/nodes/inference_node.py", line 667, in prepare_data_from_videos
[06:21]   [ComfyUI]     T_w2c_list = vo.compute()
[06:21]   [ComfyUI]                  ^^^^^^^^^^^^
[06:21]   [ComfyUI] 
[06:21]   [ComfyUI] [worker:ComfyUI-MotionCapture]   File "/workspaces/MotionCapture-0616/ComfyUI/custom_nodes/ComfyUI-MotionCapture/nodes/motion_utils/simple_vo.py", line 44, in compute
[06:21]   [ComfyUI]     T_w2c_list = self.process_video_T_w2c_list_np(frames, matcher, solver)
[06:21]   [ComfyUI]                  ^^^^^^^^^^^^^^^^^^^^^^^^^^^^^^^^^^^^^^^^^^^^^^^^^^^^^^^^^
[06:21]   [ComfyUI] 
[06:21]   [ComfyUI] [worker:ComfyUI-MotionCapture]   File "/workspaces/MotionCapture-0616/ComfyUI/custom_nodes/ComfyUI-MotionCapture/nodes/motion_utils/simple_vo.py", line 62, in process_video_T_w2c_list_np
[06:21]   [ComfyUI]     T_delta = solver.solve(pts0, pts1)  # T_delta = T_curr @ T_last^-1
[06:21]   [ComfyUI]               ^^^^^^^^^^^^^^^^^^^^^^^^
[06:21]   [ComfyUI] 
[06:21]   [ComfyUI] [worker:ComfyUI-MotionCapture]   File "/workspaces/MotionCapture-0616/ComfyUI/custom_nodes/ComfyUI-MotionCapture/nodes/motion_utils/solver_two_view.py", line 140, in solve
[06:21]   [ComfyUI]     return self.solver.solve(pts0, pts1)
[06:21]   [ComfyUI]            ^^^^^^^^^^^^^^^^^^^^^^^^^^^^^
[06:21]   [ComfyUI] 
[06:21]   [ComfyUI] [worker:ComfyUI-MotionCapture]   File "/workspaces/MotionCapture-0616/ComfyUI/custom_nodes/ComfyUI-MotionCapture/nodes/motion_utils/solver_two_view.py", line 109, in solve
[06:21]   [ComfyUI]     Rt = answer.cam2_from_cam1.matrix().astype(np.float32)  # shape (3, 4)
[06:21]   [ComfyUI]          ^^^^^^^^^^^^^^^^^^^^^^^^^^^^
[06:21]   [ComfyUI] 
[06:21]   [ComfyUI] [worker:ComfyUI-MotionCapture] AttributeError: 'NoneType' object has no attribute 'matrix'
[06:21]   [ComfyUI] 
[06:21]   [ComfyUI] [05/11 06:23:07][ERROR] [GVHMRInference] Visual odometry failed: 'NoneType' object has no attribute 'matrix'
[06:21]   [ComfyUI] [worker:ComfyUI-MotionCapture] WARNING: [GVHMRInference] Falling back to static camera
[06:21]   [ComfyUI] [05/11 06:23:07][WARNING] [GVHMRInference] Falling back to static camera
[06:21]   [ComfyUI] [worker:ComfyUI-MotionCapture] INFO: [GVHMRInference] R_w2c: torch.Size([551, 3, 3]), t_w2c: None
[06:21]   [ComfyUI] [05/11 06:23:07][INFO] [GVHMRInference] R_w2c: torch.Size([551, 3, 3]), t_w2c: None
[06:21]   [ComfyUI] [worker:ComfyUI-MotionCapture] INFO: [GVHMRInference] cam_angvel: torch.Size([551, 6])
[06:21]   [ComfyUI] [05/11 06:23:07][INFO] [GVHMRInference] cam_angvel: torch.Size([551, 6])
[06:21]   [ComfyUI] [worker:ComfyUI-MotionCapture] INFO: [GVHMRInference] === Data dict summary ===
[06:21]   [ComfyUI] [05/11 06:23:07][INFO] [GVHMRInference] === Data dict summary ===
[06:21]   [ComfyUI] [worker:ComfyUI-MotionCapture] INFO: [GVHMRInference]   length: torch.Size([]) dtype=torch.int64
[06:21]   [ComfyUI] [05/11 06:23:07][INFO] [GVHMRInference]   length: torch.Size([]) dtype=torch.int64
[06:21]   [ComfyUI] [worker:ComfyUI-MotionCapture] INFO: [GVHMRInference]   bbx_xys: torch.Size([551, 3]) dtype=torch.float32
[06:21]   [ComfyUI] [05/11 06:23:07][INFO] [GVHMRInference]   bbx_xys: torch.Size([551, 3]) dtype=torch.float32
[06:21]   [ComfyUI] [worker:ComfyUI-MotionCapture] INFO: [GVHMRInference]   kp2d: torch.Size([551, 17, 3]) dtype=torch.float32
[06:21]   [ComfyUI] [05/11 06:23:07][INFO] [GVHMRInference]   kp2d: torch.Size([551, 17, 3]) dtype=torch.float32
[06:21]   [ComfyUI] [worker:ComfyUI-MotionCapture] INFO: [GVHMRInference]   K_fullimg: torch.Size([551, 3, 3]) dtype=torch.float32
[06:21]   [ComfyUI] [05/11 06:23:07][INFO] [GVHMRInference]   K_fullimg: torch.Size([551, 3, 3]) dtype=torch.float32
[06:21]   [ComfyUI] [worker:ComfyUI-MotionCapture] INFO: [GVHMRInference]   cam_angvel: torch.Size([551, 6]) dtype=torch.float32
[06:21]   [ComfyUI] [05/11 06:23:07][INFO] [GVHMRInference]   cam_angvel: torch.Size([551, 6]) dtype=torch.float32
[06:21]   [ComfyUI] [worker:ComfyUI-MotionCapture] INFO: [GVHMRInference]   f_imgseq: None
[06:21]   [ComfyUI] [05/11 06:23:07][INFO] [GVHMRInference]   f_imgseq: None
[06:21]   [ComfyUI] [worker:ComfyUI-MotionCapture] INFO: [GVHMRInference]   f_imgseq_path: str = /tmp/f_imgseq_7nfyuet3.safetensors
[06:21]   [ComfyUI] [05/11 06:23:07][INFO] [GVHMRInference]   f_imgseq_path: str = /tmp/f_imgseq_7nfyuet3.safetensors
[06:21]   [ComfyUI] [worker:ComfyUI-MotionCapture] INFO: [Memory] End of prepare_data_from_videos: RSS=8457 MB, GPU=2503 MB
[06:21]   [ComfyUI] [05/11 06:23:07][INFO] [Memory] End of prepare_data_from_videos: RSS=8457 MB, GPU=2503 MB
[06:21]   [ComfyUI] [worker:ComfyUI-MotionCapture] INFO: [GVHMRInference] Reloading features from disk...
[06:21]   [ComfyUI] [05/11 06:23:07][INFO] [GVHMRInference] Reloading features from disk...
[06:21]   [ComfyUI] [worker:ComfyUI-MotionCapture] INFO: [GVHMRInference] Features reloaded from disk
[06:21]   [ComfyUI] [05/11 06:23:07][INFO] [GVHMRInference] Features reloaded from disk
[06:21]   [ComfyUI] [SubprocessWorker] callback 'request_vram_budget' from call_id=9
[06:21]   [ComfyUI] [comfy-env] VRAM request: 0.08GB, free before eviction: 5.03GB
[06:21]   [ComfyUI] [comfy-env] VRAM after eviction: 5.03GB
[06:21]   [ComfyUI] [worker:ComfyUI-MotionCapture] INFO: Potential memory leak detected with model DemoPL, doing a full garbage collect, for maximum performance avoid circular references in the model code.
[06:21]   [ComfyUI] [05/11 06:23:07][INFO] Potential memory leak detected with model DemoPL, doing a full garbage collect, for maximum performance avoid circular references in the model code.
[06:21]   [ComfyUI] [worker:ComfyUI-MotionCapture] WARNING: WARNING, memory leak with model DemoPL. Please make sure it is not being referenced from somewhere.
[06:21]   [ComfyUI] [05/11 06:23:08][WARNING] WARNING, memory leak with model DemoPL. Please make sure it is not being referenced from somewhere.
[06:21]   [ComfyUI] [worker:ComfyUI-MotionCapture] WARNING: WARNING, memory leak with model HMR2. Please make sure it is not being referenced from somewhere.
[06:21]   [ComfyUI] [05/11 06:23:08][WARNING] WARNING, memory leak with model HMR2. Please make sure it is not being referenced from somewhere.
[06:21]   [ComfyUI] [worker:ComfyUI-MotionCapture] WARNING: WARNING, memory leak with model VitPoseModel. Please make sure it is not being referenced from somewhere.
[06:21]   [ComfyUI] [05/11 06:23:08][WARNING] WARNING, memory leak with model VitPoseModel. Please make sure it is not being referenced from somewhere.
[06:21]   [ComfyUI] [worker:ComfyUI-MotionCapture] INFO: Requested to load DemoPL
[06:21]   [ComfyUI] [05/11 06:23:08][INFO] Requested to load DemoPL
[06:21]   [ComfyUI] [worker:ComfyUI-MotionCapture] INFO: Potential memory leak detected with model DemoPL, doing a full garbage collect, for maximum performance avoid circular references in the model code.
[06:21]   [ComfyUI] [05/11 06:23:08][INFO] Potential memory leak detected with model DemoPL, doing a full garbage collect, for maximum performance avoid circular references in the model code.
[06:21]   [ComfyUI] [worker:ComfyUI-MotionCapture] WARNING: WARNING, memory leak with model DemoPL. Please make sure it is not being referenced from somewhere.
[06:21]   [ComfyUI] [05/11 06:23:08][WARNING] WARNING, memory leak with model DemoPL. Please make sure it is not being referenced from somewhere.
[06:21]   [ComfyUI] [worker:ComfyUI-MotionCapture] WARNING: WARNING, memory leak with model HMR2. Please make sure it is not being referenced from somewhere.
[06:21]   [ComfyUI] [05/11 06:23:08][WARNING] WARNING, memory leak with model HMR2. Please make sure it is not being referenced from somewhere.
[06:21]   [ComfyUI] [worker:ComfyUI-MotionCapture] WARNING: WARNING, memory leak with model VitPoseModel. Please make sure it is not being referenced from somewhere.
[06:21]   [ComfyUI] [05/11 06:23:08][WARNING] WARNING, memory leak with model VitPoseModel. Please make sure it is not being referenced from somewhere.
[06:21]   [ComfyUI] [worker:ComfyUI-MotionCapture] INFO: loaded completely; 3603.81 MB usable, 77.90 MB loaded, full load: True
[06:21]   [ComfyUI] [05/11 06:23:08][INFO] loaded completely; 3603.81 MB usable, 77.90 MB loaded, full load: True
[06:21]   [ComfyUI] [worker:ComfyUI-MotionCapture] INFO: [Memory] Before GVHMR predict: RSS=8415 MB, GPU=2593 MB
[06:21]   [ComfyUI] [05/11 06:23:08][INFO] [Memory] Before GVHMR predict: RSS=8415 MB, GPU=2593 MB
[06:21]   [ComfyUI] [worker:ComfyUI-MotionCapture] INFO: [GVHMRInference] Running GVHMR model (static_cam=False)...
[06:21]   [ComfyUI] [05/11 06:23:08][INFO] [GVHMRInference] Running GVHMR model (static_cam=False)...
[06:21]   [ComfyUI] [worker:ComfyUI-MotionCapture] INFO: [GVHMRInference] === Pre-predict data shapes ===
[06:21]   [ComfyUI] [05/11 06:23:08][INFO] [GVHMRInference] === Pre-predict data shapes ===
[06:21]   [ComfyUI] [worker:ComfyUI-MotionCapture] INFO: [GVHMRInference]   data[length]: torch.Size([]) dtype=torch.int64 device=cpu
[06:21]   [ComfyUI] [05/11 06:23:08][INFO] [GVHMRInference]   data[length]: torch.Size([]) dtype=torch.int64 device=cpu
[06:21]   [ComfyUI] [worker:ComfyUI-MotionCapture] INFO: [GVHMRInference]   data[bbx_xys]: torch.Size([551, 3]) dtype=torch.float32 device=cpu
[06:21]   [ComfyUI] [05/11 06:23:08][INFO] [GVHMRInference]   data[bbx_xys]: torch.Size([551, 3]) dtype=torch.float32 device=cpu
[06:21]   [ComfyUI] [worker:ComfyUI-MotionCapture] INFO: [GVHMRInference]   data[kp2d]: torch.Size([551, 17, 3]) dtype=torch.float32 device=cpu
[06:21]   [ComfyUI] [05/11 06:23:08][INFO] [GVHMRInference]   data[kp2d]: torch.Size([551, 17, 3]) dtype=torch.float32 device=cpu
[06:21]   [ComfyUI] [worker:ComfyUI-MotionCapture] INFO: [GVHMRInference]   data[K_fullimg]: torch.Size([551, 3, 3]) dtype=torch.float32 device=cpu
[06:21]   [ComfyUI] [05/11 06:23:08][INFO] [GVHMRInference]   data[K_fullimg]: torch.Size([551, 3, 3]) dtype=torch.float32 device=cpu
[06:21]   [ComfyUI] [worker:ComfyUI-MotionCapture] INFO: [GVHMRInference]   data[cam_angvel]: torch.Size([551, 6]) dtype=torch.float32 device=cpu
[06:21]   [ComfyUI] [05/11 06:23:08][INFO] [GVHMRInference]   data[cam_angvel]: torch.Size([551, 6]) dtype=torch.float32 device=cpu
[06:21]   [ComfyUI] [worker:ComfyUI-MotionCapture] INFO: [GVHMRInference]   data[f_imgseq]: torch.Size([551, 1024]) dtype=torch.bfloat16 device=cpu
[06:21]   [ComfyUI] [05/11 06:23:08][INFO] [GVHMRInference]   data[f_imgseq]: torch.Size([551, 1024]) dtype=torch.bfloat16 device=cpu
[06:22]   [capture-loop] iter=400 t=45.3s state={'complete': False, 'error': None, 'executedCount': 0, 'wsState': 1} eval_ms=1 ram=10.4/31.3GB (33%) swap=0.7/32.0GB (2%) cpu=22% browser_rss=0.90GB
[06:22]   [ComfyUI] [worker:ComfyUI-MotionCapture] INFO: [Memory] After GVHMR predict: RSS=8418 MB, GPU=2594 MB
[06:22]   [ComfyUI] [05/11 06:23:08][INFO] [Memory] After GVHMR predict: RSS=8418 MB, GPU=2594 MB
[06:22]   [ComfyUI] [worker:ComfyUI-MotionCapture] INFO: [GVHMRInference] Saved SMPL params to: /workspaces/MotionCapture-0616/ComfyUI/output/smpl_params_0002.npz
[06:22]   [ComfyUI] [05/11 06:23:08][INFO] [GVHMRInference] Saved SMPL params to: /workspaces/MotionCapture-0616/ComfyUI/output/smpl_params_0002.npz
[06:22]   [ComfyUI] [worker:ComfyUI-MotionCapture] INFO: [GVHMRInference] Inference complete!
[06:22]   [ComfyUI] [05/11 06:23:08][INFO] [GVHMRInference] Inference complete!
[06:22]   Frame 14 saved (frame_013.jpg, t=45.3s)
[06:22]   [capture-periodic] freeze=2ms shot=162ms unfreeze=3ms saved=True
[06:22]   [ComfyUI] [worker:ComfyUI-MotionCapture] INFO: [Memory] Final (before return): RSS=8418 MB, GPU=2594 MB
[06:22]   [ComfyUI] [05/11 06:23:08][INFO] [Memory] Final (before return): RSS=8418 MB, GPU=2594 MB
[06:22]   [ComfyUI] [SubprocessWorker] got response: ok
[06:22]   [ComfyUI] [comfy-env] Created 3 model patchers: ['VitPoseModel_5', 'HMR2_6', 'DemoPL_7']
[06:22]   [ComfyUI] [comfy-env] GVHMRInference done (44.30s): result: NodeOutput
[06:22]   [ComfyUI] [VRAM] After GVHMRInference: 3001 / 7703 MB
[06:22]   [ComfyUI] [VRAM] Loaded: SubprocessModel (89 MB), SubprocessModel (1278 MB), SubprocessModel (1215 MB)
[06:22]   [ComfyUI] [comfy-env] Running SMPLViewer: npz_path: '/workspaces/MotionCapture-0616/ComfyUI/output/smpl_param..., frame_skip: 1, mesh_color: '#4a9eff'
[06:22]   [ComfyUI] [VRAM] Before SMPLViewer: 3001 / 7703 MB
[06:22]   [ComfyUI] [VRAM] Loaded: SubprocessModel (89 MB), SubprocessModel (1278 MB), SubprocessModel (1215 MB)
[06:22]   [ComfyUI] [SubprocessWorker] call_method: nodes.viewer_node.SMPLViewer.EXECUTE_NORMALIZED
[06:22]   [ComfyUI] [SubprocessWorker] acquired lock, ensuring started...
[06:22]   [ComfyUI] [ComfyUI-MotionCapture] Health check: ping (timeout=5.0s)...
[06:22]   [ComfyUI] [ComfyUI-MotionCapture] Health check: ok
[06:22]   [ComfyUI] [SubprocessWorker] worker started/confirmed
[06:22]   [ComfyUI] [SubprocessWorker] serializing kwargs to shm...
[06:22]   [ComfyUI] [SubprocessWorker] created 0 shm blocks
[06:22]   [ComfyUI] [SubprocessWorker] sending request via socket...
[06:22]   [ComfyUI] [SubprocessWorker] call_id=10 sending call_method
[06:22]   [ComfyUI] [worker:ComfyUI-MotionCapture] INFO: [SMPLViewer] Generating 3D mesh data for visualization...
[06:22]   [ComfyUI] [05/11 06:23:08][INFO] [SMPLViewer] Generating 3D mesh data for visualization...
[06:22]   [ComfyUI] [worker:ComfyUI-MotionCapture] INFO: [SMPLViewer] Loading SMPL parameters from: /workspaces/MotionCapture-0616/ComfyUI/output/smpl_params_0002.npz
[06:22]   [ComfyUI] [05/11 06:23:08][INFO] [SMPLViewer] Loading SMPL parameters from: /workspaces/MotionCapture-0616/ComfyUI/output/smpl_params_0002.npz
[06:22]   [ComfyUI] [worker:ComfyUI-MotionCapture] INFO: [SMPLViewer] Processing 551 frames (skip=1)
[06:22]   [ComfyUI] [05/11 06:23:08][INFO] [SMPLViewer] Processing 551 frames (skip=1)
[06:24]   Frame 15 saved (frame_014.jpg, t=47.6s)
[06:24]   [capture-periodic] freeze=1ms shot=155ms unfreeze=5ms saved=True
[06:25]   [ComfyUI] [worker:ComfyUI-MotionCapture] INFO: [SMPLViewer] Generated mesh: 551 frames, 6890 vertices, 13776 faces
[06:25]   [ComfyUI] [05/11 06:23:11][INFO] [SMPLViewer] Generated mesh: 551 frames, 6890 vertices, 13776 faces
[06:25]   [ComfyUI] [worker:ComfyUI-MotionCapture] INFO: [SMPLViewer] Wrote smpl_mesh_0002.bin (43.6 MB)
[06:25]   [ComfyUI] [05/11 06:23:11][INFO] [SMPLViewer] Wrote smpl_mesh_0002.bin (43.6 MB)
[06:25]   [ComfyUI] [SubprocessWorker] got response: ok
[06:25]   [ComfyUI] [comfy-env] Created 1 model patchers: ['SMPLX_8']
[06:25]   [ComfyUI] [comfy-env] SMPLViewer done (2.60s): result: NodeOutput
[06:25]   [ComfyUI] [VRAM] After SMPLViewer: 3065 / 7703 MB
[06:25]   [ComfyUI] [VRAM] Loaded: SubprocessModel (65 MB), SubprocessModel (89 MB), SubprocessModel (1278 MB), SubprocessModel (1215 MB)
[06:25]   [ComfyUI] Prompt executed in 47.98 seconds
[06:25]   [ComfyUI] [comfy-env] [VRAM] Before offload 'SMPLX_8' (65 MB) -> cpu: 3065 / 7703 MB
[06:25]   [ComfyUI] [ComfyUI-MotionCapture] Health check: ping (timeout=5.0s)...
[06:25]   [ComfyUI] [ComfyUI-MotionCapture] Health check: ok
[06:25]   [ComfyUI] [SubprocessWorker] call_id=11 sending model_to_device
[06:25]   [ComfyUI] [comfy-env] [VRAM] After offload 'SMPLX_8' (65 MB): 3001 / 7703 MB
[06:25]   [ComfyUI] [comfy-env] [VRAM] Before offload 'DemoPL_7' (89 MB) -> cpu: 3001 / 7703 MB
[06:25]   [ComfyUI] [ComfyUI-MotionCapture] Health check: ping (timeout=5.0s)...
[06:25]   [ComfyUI] [ComfyUI-MotionCapture] Health check: ok
[06:25]   [ComfyUI] [SubprocessWorker] call_id=12 sending model_to_device
[06:25]   [ComfyUI] [comfy-env] [VRAM] After offload 'DemoPL_7' (89 MB): 2905 / 7703 MB
[06:25]   [ComfyUI] [comfy-env] [VRAM] Before offload 'VitPoseModel_5' (1215 MB) -> cpu: 2905 / 7703 MB
[06:25]   [ComfyUI] [ComfyUI-MotionCapture] Health check: ping (timeout=5.0s)...
[06:25]   [ComfyUI] [ComfyUI-MotionCapture] Health check: ok
[06:25]   [ComfyUI] [SubprocessWorker] call_id=13 sending model_to_device
[06:25]   Node executed (1 total), capturing...
[06:25]   [ComfyUI] [worker:ComfyUI-MotionCapture] [VRAM] -760MB (now 1750MB) reserved=2528MB peak=2661MB
[06:25]   [ComfyUI] [comfy-env] [VRAM] After offload 'VitPoseModel_5' (1215 MB): 1753 / 7703 MB
[06:25]   [ComfyUI] [comfy-env] [VRAM] Before offload 'HMR2_6' (1278 MB) -> cpu: 1753 / 7703 MB
[06:25]   [ComfyUI] [ComfyUI-MotionCapture] Health check: ping (timeout=5.0s)...
[06:25]   [ComfyUI] [ComfyUI-MotionCapture] Health check: ok
[06:25]   [ComfyUI] [SubprocessWorker] call_id=14 sending model_to_device
[06:25]   [ComfyUI] [comfy-env] [VRAM] After offload 'HMR2_6' (1278 MB): 441 / 7703 MB
[06:26]   Frame 16 saved (frame_015.jpg, t=48.5s)
[06:26]   [capture-node] freeze=376ms shot=154ms unfreeze=0ms saved=True
[06:26]   Execution complete (t=48.5s)
[06:26]   Captured 16 unique frames over 49.11s
[06:26]   [debug] iframes: 0
[06:26]   [timing] trigger_3d_previews: 0.0s
[06:28]   Saved high-quality screenshot: GVHMR_cameramotion_executed.png
[06:28]   [timing] final_screenshot: 0.3s
[06:28]   [3/5] SKIPPED (not in gpu list) apply_motion_on_character.json
[06:28]   [4/5] SKIPPED (not in gpu list) load_camera_traj.json
[06:28]   [5/5] SKIPPED (not in gpu list) smpl_to_bvh_pipeline.json
[06:28] Results saved to /logs/MotionCapture-0616/dev/linux-gpu/results.json
[06:28] Model report: 18 files, 5.6 GB -> /logs/MotionCapture-0616/dev/linux-gpu/models.json
[06:28] Saved: /logs/MotionCapture-0616/dev/linux-gpu/index.html
[06:28] [EXECUTION] PASSED
[06:28] 
linux: PASSED
[06:28] Stopping ComfyUI server...
