[00:00] Crash dump logging enabled: C:\logs\MotionCapture-1845\dev\windows-portable-gpu\crash_dump.log
[00:00] 
[00:00] [1/5] SYNTAX
[00:00] ----------------------------------------
[00:00] 
[DEBUG] server=None, server_url=None, api=None
[00:00] Found pyproject.toml (modern format)
[00:00] Found requirements.txt (legacy format)
[00:00] Unicode check: OK (all characters cp1252-safe)
[00:00] Forbidden patterns check: OK
[00:00] [SYNTAX] PASSED
[00:00] 
[00:00] [2/5] INSTALL
[00:00] ----------------------------------------
[00:00] 
[DEBUG] server=None, server_url=None, api=None
[00:00] 
Setting up ComfyUI...
[00:00] Fetching latest release version...
[00:01] Latest version: v0.20.1
[00:01] Downloading portable ComfyUI from https://github.com/comfyanonymous/ComfyUI/releases/download/v0.20.1/ComfyUI_windows_portable_nvidia.7z...
[00:05]   Downloaded: 10%
[00:09]   Downloaded: 20%
[00:13]   Downloaded: 30%
[00:16]   Downloaded: 40%
[00:20]   Downloaded: 50%
[00:24]   Downloaded: 60%
[00:28]   Downloaded: 70%
[00:32]   Downloaded: 80%
[00:36]   Downloaded: 90%
[00:40]   Downloaded: 100%
[00:40] Downloaded to C:\Users\ContainerAdministrator\.comfy-test\cache\portable\ComfyUI_portable_v0.20.1.7z
[00:40] Extracting to cache: C:\Users\ContainerAdministrator\.comfy-test\cache\portable\ComfyUI_portable_v0.20.1
[00:40] Extracting ComfyUI_portable_v0.20.1.7z...
[00:40] Using 7z: C:\Program Files\7-Zip\7z.exe
[02:16] Extracted to C:\Users\ContainerAdministrator\.comfy-test\cache\portable\ComfyUI_portable_v0.20.1
[02:16] Copying from cache to: C:\workspaces\MotionCapture-1845\portable-comfyui
[02:33] Installing uv into embedded Python...
[02:33] Running: C:\workspaces\MotionCapture-1845\portable-comfyui\ComfyUI_windows_portable\python_embeded\python.exe -m pip install uv
[02:38] Installing ComfyUI requirements...
[02:38] Running: C:\workspaces\MotionCapture-1845\portable-comfyui\ComfyUI_windows_portable\python_embeded\python.exe -m uv pip install -r C:\workspaces\MotionCapture-1845\portable-comfyui\ComfyUI_windows_portable\ComfyUI\requirements.txt
[02:39] 
Installing custom node...
[02:39] Copying ComfyUI-MotionCapture to custom_nodes/...
[02:39] Installing node requirements...
[02:39] Running: C:\workspaces\MotionCapture-1845\portable-comfyui\ComfyUI_windows_portable\python_embeded\python.exe -m pip install -r C:\workspaces\MotionCapture-1845\portable-comfyui\ComfyUI_windows_portable\ComfyUI\custom_nodes\ComfyUI-MotionCapture\requirements.txt
[02:45] 
Running install.py...
[02:45] Running: C:\workspaces\MotionCapture-1845\portable-comfyui\ComfyUI_windows_portable\python_embeded\python.exe C:\workspaces\MotionCapture-1845\portable-comfyui\ComfyUI_windows_portable\ComfyUI\custom_nodes\ComfyUI-MotionCapture\install.py
[02:45]   [comfy-env] Enabled Windows long path support
[02:45]   
[02:45]   Installing 3 node dependencies...
[02:45]     Cloning ComfyUI-VideoHelperSuite...
[02:46]     Installing requirements for ComfyUI-VideoHelperSuite...
[02:49]     Cloning ComfyUI-CameraPack...
[02:50]     Cloning ComfyUI-HyMotion...
[02:53]     Installing requirements for ComfyUI-HyMotion...
[02:57]     Running install.py for ComfyUI-HyMotion...
[02:57]   Using uv for installation...
[02:57]   Installing fbxsdkpy==2020.1.post2...
[02:58]   Installing requirements from C:\workspaces\MotionCapture-1845\portable-comfyui\ComfyUI_windows_portable\ComfyUI\custom_nodes\ComfyUI-HyMotion\requirements.txt...
[02:59]   
[02:59]   [requirements] Re-installing main package requirements...
[02:59]     Installing requirements for ComfyUI-MotionCapture...
[03:01]   [comfy-env] Workspace: C:\workspaces\MotionCapture-1845\portable-comfyui\ComfyUI_windows_portable\ComfyUI\.ce
[03:01]   [comfy-env] ComfyUI: C:\workspaces\MotionCapture-1845\portable-comfyui\ComfyUI_windows_portable\ComfyUI
[03:01]   [comfy-env] Found 1 node config(s):
[03:01]     - motioncapture-nodes <- custom_nodes\ComfyUI-MotionCapture\nodes\comfy-env.toml (python=host)
[03:02]   [comfy-env] Bootstrap interpreter has python 3.13 + torch 2.11.0 (cu130). Looking for cuda-only wheels matching cu130/torch2.11/cp313.
[03:28]   [comfy-env] GPU: Detection: torch
[03:28]   Recommended: CUDA 13.0
[03:28]   
[03:28]     GPU 0: NVIDIA GeForce RTX 3060 (sm_86) [Ampere] 12287MB
[03:28]   [comfy-env] Comfyui feature -> torch 2.11.0 from https://download.pytorch.org/whl/cu130 (CUDA 13.0 via bootstrap torch)
[03:28]   [comfy-env] cuda-wheels: 2 package(s) need a matched (cuda, torch, python) combo: ['dpvo_cuda', 'torch-scatter']
[03:28]   [comfy-env] cuda-wheels tier 1 (bootstrap): probing cu13.0/torch2.11/cp313
[03:28]   [cuda-wheels] Looking up dpvo_cuda: cu130 torch2.11 cp313 win_amd64
[03:29]   [cuda-wheels]   https://pozzettiandrea.github.io/cuda-wheels/v2/dpvo_cuda/: HTTPError: HTTP Error 404: Not Found
[03:29]   [cuda-wheels]   Found: dpvo_cuda-0.0.0+cu130torch2.11-cp313-cp313-win_amd64.whl
[03:29]   [cuda-wheels] Looking up torch-scatter: cu130 torch2.11 cp313 win_amd64
[03:30]   [cuda-wheels]   https://pozzettiandrea.github.io/cuda-wheels/v2/torch_scatter/: HTTPError: HTTP Error 404: Not Found
[03:30]   [cuda-wheels]   Found: torch_scatter-2.1.2+cu130torch2.11-cp313-cp313-win_amd64.whl
[03:30]   [comfy-env] cuda-wheels combo: cu13.0/torch2.11 (bootstrap matches; per-node envs will pin to this)
[03:30]   [comfy-env] Root conda deps from ComfyUI-MotionCapture: ['av', 'ffmpeg']
[03:30]   [comfy-env] Comfyui feature pin: torch ==2.11.0, torchvision ==0.26.*, torchaudio ==2.11.*
[03:30]   [comfy-env] Root conda deps: ['av', 'ffmpeg']
[03:30]   [comfy-env] comfyui313: python 3.13, torch from https://download.pytorch.org/whl/cu130
[03:30]   [comfy-env] cuda-wheels combo: per-node cuda features will pin ['torch', 'torchaudio', 'torchvision'] via pypi-options.dependency-overrides (https://download.pytorch.org/whl/cu130)
[03:30]   [cuda-wheels] Looking up dpvo_cuda: cu130 torch2.11 cp313 win_amd64
[03:31]   [cuda-wheels]   https://pozzettiandrea.github.io/cuda-wheels/v2/dpvo_cuda/: HTTPError: HTTP Error 404: Not Found
[03:31]   [cuda-wheels]   Found: dpvo_cuda-0.0.0+cu130torch2.11-cp313-cp313-win_amd64.whl
[03:31]   [cuda-wheels] Looking up torch-scatter: cu130 torch2.11 cp313 win_amd64
[03:32]   [cuda-wheels]   https://pozzettiandrea.github.io/cuda-wheels/v2/torch_scatter/: HTTPError: HTTP Error 404: Not Found
[03:32]   [cuda-wheels]   Found: torch_scatter-2.1.2+cu130torch2.11-cp313-cp313-win_amd64.whl
[03:32]   [comfy-env] motioncapture-nodes: cuda-wheels deferred for post-pixi install (dpvo_cuda, torch-scatter)
[03:32]   [comfy-env] motioncapture-nodes: torch override -> torch==2.11.0, torchvision==0.26.*, torchaudio==2.11.* from https://download.pytorch.org/whl/cu130
[03:32]   Generated C:\workspaces\MotionCapture-1845\portable-comfyui\ComfyUI_windows_portable\ComfyUI\.ce\pixi.toml
[03:32]   [comfy-env] Patched C:\Users\ContainerAdministrator\AppData\Roaming\uv\python\cpython-3.10-windows-x86_64-none\Lib\platform.py for conda-forge compat
[03:32]   [comfy-env] Patched C:\Users\ContainerAdministrator\AppData\Roaming\uv\python\cpython-3.10.20-windows-x86_64-none\Lib\platform.py for conda-forge compat
[03:32]   [comfy-env] Patched C:\Users\ContainerAdministrator\AppData\Roaming\uv\python\cpython-3.11-windows-x86_64-none\Lib\platform.py for conda-forge compat
[03:32]   [comfy-env] Patched C:\Users\ContainerAdministrator\AppData\Roaming\uv\python\cpython-3.11.15-windows-x86_64-none\Lib\platform.py for conda-forge compat
[03:32]   [comfy-env] Patched C:\Users\ContainerAdministrator\AppData\Roaming\uv\python\cpython-3.12-windows-x86_64-none\Lib\platform.py for conda-forge compat
[03:32]   [comfy-env] Patched C:\Users\ContainerAdministrator\AppData\Roaming\uv\python\cpython-3.12.13-windows-x86_64-none\Lib\platform.py for conda-forge compat
[03:32]   [comfy-env] Patched C:\Users\ContainerAdministrator\AppData\Roaming\uv\python\cpython-3.13-windows-x86_64-none\Lib\platform.py for conda-forge compat
[03:32]   [comfy-env] Patched C:\Users\ContainerAdministrator\AppData\Roaming\uv\python\cpython-3.13.13-windows-x86_64-none\Lib\platform.py for conda-forge compat
[03:32]   [comfy-env] Installing 1 environment(s):
[03:32]     - motioncapture-nodes (python=host, 40 pypi deps, 2 cuda wheels)
[03:32]   [comfy-env] Running `pixi install --all`...
[03:51]      WARN Skipped running the post-link scripts because `run-post-link-scripts` = `false`
[03:51]     	- Scripts/.librsvg-pre-unlink.bat
[03:51]     To enable them, run:
[03:51]     	pixi config set --local run-post-link-scripts insecure
[03:51]     More info:
[03:51]     	https://pixi.sh/latest/reference/pixi_configuration/#run-post-link-scripts
[03:58]      WARN Skipped running the post-link scripts because `run-post-link-scripts` = `false`
[03:59]     	- Scripts/.librsvg-pre-unlink.bat
[03:59]     To enable them, run:
[03:59]     	pixi config set --local run-post-link-scripts insecure
[03:59]     More info:
[03:59]     	https://pixi.sh/latest/reference/pixi_configuration/#run-post-link-scripts
[04:53]     The following environments have been installed: default, comfyui, motioncapture-nodes.
[04:53]   [comfy-env] Note: env `default` is on disk but no node declares it in this run. Leaving as-is. Remove via `pixi clean --environment default` if intended.
[04:53]   [comfy-env] motioncapture-nodes: installing cuda-wheels with --no-deps (dpvo_cuda, torch-scatter)
[04:53]     Using Python 3.13.13 environment at: .pixi\envs\motioncapture-nodes
[04:54]     Resolved 2 packages in 661ms
[04:54]     Downloading torch-scatter (5.0MiB)
[04:54]     Downloading dpvo-cuda (2.6MiB)
[04:54]      Downloaded dpvo-cuda
[04:54]      Downloaded torch-scatter
[04:54]     Prepared 2 packages in 208ms
[04:54]     Installed 2 packages in 19ms
[04:54]      + dpvo-cuda==0.0.0+cu130torch2.11 (from https://github.com/PozzettiAndrea/cuda-wheels/releases/download/dpvo_cuda-latest/dpvo_cuda-0.0.0%2Bcu130torch2.11-cp313-cp313-win_amd64.whl)
[04:54]      + torch-scatter==2.1.2+cu130torch2.11 (from https://github.com/PozzettiAndrea/cuda-wheels/releases/download/torch_scatter-latest/torch_scatter-2.1.2%2Bcu130torch2.11-cp313-cp313-win_amd64.whl)
[04:54]   [comfy-env] Install log: C:\workspaces\MotionCapture-1845\portable-comfyui\ComfyUI_windows_portable\ComfyUI\.ce\install.log
[04:54]   
[04:54]   Installation complete!
[04:55] Installing 3 node dependency(ies)...
[04:55]   ComfyUI-VideoHelperSuite from Kosinkadink/ComfyUI-VideoHelperSuite
[04:55]   ComfyUI-VideoHelperSuite already exists, skipping...
[04:55]   ComfyUI-CameraPack from PozzettiAndrea/ComfyUI-CameraPack
[04:55]   ComfyUI-CameraPack already exists, skipping...
[04:55]   ComfyUI-HyMotion from PozzettiAndrea/ComfyUI-HyMotion
[04:55]   ComfyUI-HyMotion already exists, skipping...
[04:55] Installing validation endpoint...
[04:55]   Cloning PozzettiAndrea/ComfyUI-validate-endpoint...
[04:55] Running: git clone --depth 1 https://github.com/PozzettiAndrea/ComfyUI-validate-endpoint.git C:\workspaces\MotionCapture-1845\portable-comfyui\ComfyUI_windows_portable\ComfyUI\custom_nodes\ComfyUI-validate-endpoint
[04:55] CUDA packages installed (no mock): dpvo_cuda, torch_scatter
[04:55] [INSTALL] PASSED
[04:55] 
[04:55] [3/5] REGISTRATION
[04:55] ----------------------------------------
[04:55] 
[DEBUG] server=None, server_url=None, api=None
[04:55] 
Starting ComfyUI server...
[04:55] Starting ComfyUI server on port 41887...
[04:55] Starting ComfyUI server on port 41887...
[04:55] Waiting for server to be ready (timeout: 600s)...
[04:56]   [ComfyUI] setup plugin alembic.autogenerate.schemas
[04:56]   [ComfyUI] setup plugin alembic.autogenerate.tables
[04:56]   [ComfyUI] setup plugin alembic.autogenerate.types
[04:56]   [ComfyUI] setup plugin alembic.autogenerate.constraints
[04:56]   [ComfyUI] setup plugin alembic.autogenerate.defaults
[04:56]   [ComfyUI] setup plugin alembic.autogenerate.comments
[04:57]   [ComfyUI] [comfy-env] ComfyUI-MotionCapture: 1 isolation env(s):
[04:57]   [ComfyUI] [comfy-env]   nodes -> C:\workspaces\MotionCapture-1845\portable-comfyui\ComfyUI_windows_portable\ComfyUI\custom_nodes\ComfyUI-MotionCapture\nodes
[04:57]   [ComfyUI] [comfy-env] prestartup complete
[04:57]   [ComfyUI] 
[04:57]   [ComfyUI] Prestartup times for custom nodes:
[04:57]   [ComfyUI]    0.4 seconds: C:\workspaces\MotionCapture-1845\portable-comfyui\ComfyUI_windows_portable\ComfyUI\custom_nodes\ComfyUI-MotionCapture
[04:57]   [ComfyUI] 
[05:02]   [ComfyUI] Found comfy_kitchen backend cuda: {'available': True, 'disabled': False, 'unavailable_reason': None, 'capabilities': ['apply_rope', 'apply_rope1', 'dequantize_nvfp4', 'dequantize_per_tensor_fp8', 'quantize_mxfp8', 'quantize_nvfp4', 'quantize_per_tensor_fp8', 'scaled_mm_nvfp4']}
[05:02]   [ComfyUI] Found comfy_kitchen backend triton: {'available': False, 'disabled': True, 'unavailable_reason': "ImportError: No module named 'triton'", 'capabilities': []}
[05:02]   [ComfyUI] Found comfy_kitchen backend eager: {'available': True, 'disabled': False, 'unavailable_reason': None, 'capabilities': ['apply_rope', 'apply_rope1', 'dequantize_mxfp8', 'dequantize_nvfp4', 'dequantize_per_tensor_fp8', 'quantize_mxfp8', 'quantize_nvfp4', 'quantize_per_tensor_fp8', 'scaled_mm_mxfp8', 'scaled_mm_nvfp4']}
[05:02]   [ComfyUI] Checkpoint files will always be loaded safely.
[05:02]   [ComfyUI] Total VRAM 12287 MB, total RAM 32648 MB
[05:02]   [ComfyUI] pytorch version: 2.11.0+cu130
[05:02]   [ComfyUI] Set vram state to: NORMAL_VRAM
[05:02]   [ComfyUI] Device: cuda:0 NVIDIA GeForce RTX 3060 : cudaMallocAsync
[05:02]   [ComfyUI] Using async weight offloading with 2 streams
[05:02]   [ComfyUI] Enabled pinned memory 13059.0
[05:03]   [ComfyUI] Using pytorch attention
[05:13]   [ComfyUI] aimdo: src-win/cuda-detour.c:77:INFO:aimdo_setup_hooks: found driver at 00007FFEDDEA0000, installing 4 hooks
[05:13]   [ComfyUI] aimdo: src-win/cuda-detour.c:61:DEBUG:install_hook_entrys: hooks successfully installed
[05:13]   [ComfyUI] aimdo: src/control.c:69:INFO:comfy-aimdo inited for GPU: NVIDIA GeForce RTX 3060 (VRAM: 12287 MB)
[05:13]   [ComfyUI] DynamicVRAM support detected and enabled
[05:13]   [ComfyUI] Python version: 3.13.12 (tags/v3.13.12:1cbe481, Feb  3 2026, 18:22:25) [MSC v.1944 64 bit (AMD64)]
[05:13]   [ComfyUI] ComfyUI version: 0.20.1
[05:13]   [ComfyUI] comfy-aimdo version: 0.2.14
[05:13]   [ComfyUI] comfy-kitchen version: 0.2.8
[05:13]   [ComfyUI] ****** User settings have been changed to be stored on the server instead of browser storage. ******
[05:13]   [ComfyUI] ****** For multi-user setups add the --multi-user CLI argument to enable multiple user profiles. ******
[05:13]   [ComfyUI] ComfyUI frontend version: 1.42.15
[05:13]   [ComfyUI] [Prompt Server] web root: C:\workspaces\MotionCapture-1845\portable-comfyui\ComfyUI_windows_portable\python_embeded\Lib\site-packages\comfyui_frontend_package\static
[05:13]   [ComfyUI] Asset seeder disabled
[05:18]   [ComfyUI] generated new fontManager
[05:19]   [ComfyUI] loading...
[05:19]   [ComfyUI] calling register_nodes
[05:19]   [ComfyUI] [comfy-env] Version: 0.3.78
[05:20]   [ComfyUI] [comfy-env] register_nodes: ComfyUI-MotionCapture
[05:20]   [ComfyUI] [comfy-env] ComfyUI source dir: C:\workspaces\MotionCapture-1845\portable-comfyui\ComfyUI_windows_portable\ComfyUI
[05:20]   [ComfyUI] [comfy-env] Found 1 isolation env(s)
[05:20]   [ComfyUI] [comfy-env] Scanning nodes metadata (isolation root)...
[05:20]   [ComfyUI] [comfy-env] motioncapture-nodes: Library/bin has 235 DLLs
[05:20]   [ComfyUI] [comfy-env] Metadata scan: C:\Users\ContainerAdministrator\.pixi\bin\pixi.exe run --as-is --manifest-path C:\workspaces\MotionCapture-1845\portable-comfyui\ComfyUI_windows_portable\ComfyUI\.ce\pixi.toml -e motioncapture-nodes python C:\Users\ContainerAdministrator\AppData\Local\Temp\comfy_meta_rowrzc61.py C:\workspaces\MotionCapture-1845\portable-comfyui\ComfyUI_windows_portable\ComfyUI\custom_nodes\ComfyUI-MotionCapture nodes
[05:20]   [ComfyUI] [comfy-env] Scan env PATH for nodes:
[05:20]   [ComfyUI] [comfy-env]   [0] C:\workspaces\MotionCapture-1845\portable-comfyui\ComfyUI_windows_portable\ComfyUI\.ce\.pixi\envs\motioncapture-nodes
[05:20]   [ComfyUI] [comfy-env]   [1] C:\workspaces\MotionCapture-1845\portable-comfyui\ComfyUI_windows_portable\ComfyUI\.ce\.pixi\envs\motioncapture-nodes\Library\bin
[05:20]   [ComfyUI] [comfy-env]   [2] C:\workspaces\MotionCapture-1845\portable-comfyui\ComfyUI_windows_portable\ComfyUI\.ce\.pixi\envs\motioncapture-nodes\Scripts
[05:20]   [ComfyUI] [comfy-env]   [3] C:\workspaces\MotionCapture-1845\portable-comfyui\ComfyUI_windows_portable\ComfyUI\.ce\.pixi\envs\motioncapture-nodes\Lib\site-packages\bpy
[05:20]   [ComfyUI] [comfy-env]   [4] C:\Windows\System32
[05:20]   [ComfyUI] [comfy-env]   [5] C:\Windows
[05:20]   [ComfyUI] [comfy-env]   [6] C:\Windows\System32\Wbem
[06:08]   [ComfyUI] [comfy-env] Metadata scan stderr for nodes:
[06:08]   [ComfyUI] [comfy-env]   [meta-scan] importing nodes from C:\workspaces\MotionCapture-1845\portable-comfyui\ComfyUI_windows_portable\ComfyUI\custom_nodes\ComfyUI-MotionCapture
[06:08]   [ComfyUI] [comfy-env]   [05/10 18:51:20][INFO] Found comfy_kitchen backend eager: {'available': True, 'disabled': False, 'unavailable_reason': None, 'capabilities': ['apply_rope', 'apply_rope1', 'dequantize_mxfp8', 'dequantize_nvfp4', 'dequantize_per_tensor_fp8', 'quantize_mxfp8', 'quantize_nvfp4', 'quantize_per_tensor_fp8', 'scaled_mm_mxfp8', 'scaled_mm_nvfp4']}
[06:08]   [ComfyUI] [comfy-env]   [05/10 18:51:20][INFO] Found comfy_kitchen backend triton: {'available': False, 'disabled': True, 'unavailable_reason': "ImportError: No module named 'triton'", 'capabilities': []}
[06:08]   [ComfyUI] [comfy-env]   [05/10 18:51:20][INFO] Found comfy_kitchen backend cuda: {'available': True, 'disabled': False, 'unavailable_reason': None, 'capabilities': ['apply_rope', 'apply_rope1', 'dequantize_nvfp4', 'dequantize_per_tensor_fp8', 'quantize_mxfp8', 'quantize_nvfp4', 'quantize_per_tensor_fp8', 'scaled_mm_nvfp4']}
[06:08]   [ComfyUI] [comfy-env]   [05/10 18:51:20][INFO] Checkpoint files will always be loaded safely.
[06:08]   [ComfyUI] [comfy-env]   C:\workspaces\MotionCapture-1845\portable-comfyui\ComfyUI_windows_portable\ComfyUI\custom_nodes\ComfyUI-MotionCapture\nodes\motion_utils\matrix.py:1064: SyntaxWarning: invalid escape sequence '\*'
[06:08]   [ComfyUI] [comfy-env]     Combine two set of 3D rotations together using \**\* operator. The shape needs to be
[06:08]   [ComfyUI] [comfy-env]   [05/10 18:51:24][INFO] [GVHMRInference] DPVO not installed - only SimpleVO will be available
[06:08]   [ComfyUI] [comfy-env]   [meta-scan] import OK
[06:08]   [ComfyUI] [comfy-env] Scanned nodes: 22 nodes (48.2s)
[06:08]   [ComfyUI] [comfy-env] Scanned nodes root: 22 nodes (48.2s)
[06:08]   [ComfyUI] [comfy-env] Imported nodes root: 22 nodes (isolation)
[06:08]   [ComfyUI] [comfy-env] Registered 22 total nodes
[06:11]   [ComfyUI] 
[06:11]   [ComfyUI] Import times for custom nodes:
[06:11]   [ComfyUI]    0.0 seconds: C:\workspaces\MotionCapture-1845\portable-comfyui\ComfyUI_windows_portable\ComfyUI\custom_nodes\websocket_image_save.py
[06:11]   [ComfyUI]    0.0 seconds: C:\workspaces\MotionCapture-1845\portable-comfyui\ComfyUI_windows_portable\ComfyUI\custom_nodes\ComfyUI-validate-endpoint
[06:11]   [ComfyUI]    0.0 seconds: C:\workspaces\MotionCapture-1845\portable-comfyui\ComfyUI_windows_portable\ComfyUI\custom_nodes\ComfyUI-CameraPack
[06:11]   [ComfyUI]    2.2 seconds: C:\workspaces\MotionCapture-1845\portable-comfyui\ComfyUI_windows_portable\ComfyUI\custom_nodes\ComfyUI-VideoHelperSuite
[06:11]   [ComfyUI]    3.4 seconds: C:\workspaces\MotionCapture-1845\portable-comfyui\ComfyUI_windows_portable\ComfyUI\custom_nodes\ComfyUI-HyMotion
[06:11]   [ComfyUI]   49.1 seconds: C:\workspaces\MotionCapture-1845\portable-comfyui\ComfyUI_windows_portable\ComfyUI\custom_nodes\ComfyUI-MotionCapture
[06:11]   [ComfyUI] 
[06:11]   [ComfyUI] Context impl SQLiteImpl.
[06:11]   [ComfyUI] Will assume non-transactional DDL.
[06:11]   [ComfyUI] Context impl SQLiteImpl.
[06:11]   [ComfyUI] Will assume non-transactional DDL.
[06:11]   [ComfyUI] Running upgrade  -> 0001_assets, Initial assets schema
[06:11]   [ComfyUI] Revision ID: 0001_assets
[06:11]   [ComfyUI] Revises: None
[06:11]   [ComfyUI] Create Date: 2025-12-10 00:00:00
[06:11]   [ComfyUI] Running upgrade 0001_assets -> 0002_merge_to_asset_references, Merge AssetInfo and AssetCacheState into unified asset_references table.
[06:11]   [ComfyUI] Running upgrade 0002_merge_to_asset_references -> 0003_add_metadata_job_id, Add system_metadata and job_id columns to asset_references.
[06:11]   [ComfyUI] Change preview_id FK from assets.id to asset_references.id.
[06:11]   [ComfyUI] Database upgraded from None to 0003_add_metadata_job_id
[06:11]   [ComfyUI] Starting server
[06:11]   [ComfyUI] 
[06:11]   [ComfyUI] To see the GUI go to: http://127.0.0.1:41887
[06:12] Server responding, waiting for nodes to load...
[06:32] Server is ready!
[06:32] Checking for import errors in server logs...
[06:32] No import errors detected
[06:32] Found 776 registered nodes
[06:32] [REGISTRATION] PASSED
[06:32] 
[06:32] [4/5] INSTANTIATION
[06:32] ----------------------------------------
[06:32] 
[DEBUG] server=<comfy_test.comfyui.server.ComfyUIServer object at 0x0000019D4E4D97F0>, server_url=None, api=<comfy_test.comfyui.api.ComfyUIAPI object at 0x0000019D4E4DA3C0>
[06:32] Testing node constructors...
[06:32] All 22 node(s) instantiated successfully!
[06:32] [INSTANTIATION] PASSED
[06:32] 
[06:32] [5/5] EXECUTION
[06:32] ----------------------------------------
[06:32] 
[DEBUG] server=<comfy_test.comfyui.server.ComfyUIServer object at 0x0000019D4E4D97F0>, server_url=None, api=<comfy_test.comfyui.api.ComfyUIAPI object at 0x0000019D4E4DA3C0>
[06:32] GPU runner - will execute 2 workflow(s)
[06:32] Running 5 workflow(s) (all with videos)...
[06:33] Installing screenshot dependencies (playwright, pillow)...
[06:34]   Packages installed, downloading chromium browser...
[06:53]   Screenshot dependencies installed successfully
[06:54] Starting headless browser...
[06:54]   Downloading Mesa llvmpipe for Windows...
[06:54]   Mesa download error: <urlopen error [SSL: CERTIFICATE_VERIFY_FAILED] certificate verify failed: unable to get local issuer certificate (_ssl.c:1032)>
[06:54]   Mesa unavailable -- falling back to SwiftShader
[06:59]   [1/5] SKIPPED (not in gpu list) apply_motion_on_character.json
[06:59] Capturing execution frames: GVHMR.json
[07:00]   [ComfyUI] [DEPRECATION WARNING] Detected import of deprecated legacy API: /extensions/core/widgetInputs.js. This is likely caused by a custom node extension using outdated APIs. Please update your extensions or contact the extension author for an updated version.
[07:07]   Frame 1 saved (frame_000.jpg, t=0.0s)
[07:07]   Validating workflow...
[07:07]   [ComfyUI] === /validate endpoint called ===
[07:07]   [ComfyUI] Received JSON with keys: ['prompt']
[07:07]   [ComfyUI] Prompt has 5 nodes
[07:07]   Queuing workflow for execution...
[07:07]   [ComfyUI]   Node 2: LoadGVHMRModels
[07:07]   [ComfyUI]     Inputs: {"model_path_override": "", "precision": "auto", "attention": "auto", "load_dpvo": false}
[07:07]   [ComfyUI]   Node 11: SMPLViewer
[07:07]   [ComfyUI]     Inputs: {"npz_path": ["16", 0], "frame_skip": 1, "mesh_color": "#4a9eff", "smpl_viewer": ""}
[07:07]   [ComfyUI]   Node 14: LoadVideo
[07:07]   [ComfyUI]     Inputs: {"file": "tennis.mp4", "video-preview": ""}
[07:07]   [ComfyUI]   Node 15: LoadVideo
[07:07]   [ComfyUI] [comfy-env] SubprocessWorker: C:\workspaces\MotionCapture-1845\portable-comfyui\ComfyUI_windows_portable\ComfyUI\.ce\.pixi\envs\motioncapture-nodes\python.exe
[07:07]   [ComfyUI]     Inputs: {"file": "tennis_mask.mp4", "video-preview": ""}
[07:07]   [ComfyUI] [comfy-env] env_vars: {'COMFYUI_BASE': 'C:\\workspaces\\MotionCapture-1845\\portable-comfyui\\ComfyUI_windows_portable\\ComfyUI'}
[07:07]   [ComfyUI]   Node 16: GVHMRInference
[07:07]   [ComfyUI] [ComfyUI-MotionCapture] python: C:\workspaces\MotionCapture-1845\portable-comfyui\ComfyUI_windows_portable\ComfyUI\.ce\.pixi\envs\motioncapture-nodes\python.exe
[07:07]   [ComfyUI]     Inputs: {"moving_camera": false, "focal_length_mm": 0, "bbox_scale": 1.2, "vo_method": "simple_vo", "vo_scale": 0.5, "vo_step": 8, "chunk_size": 32, "video": ["14", 0], "video_mask": ["15", 0], "config": ["2"
[07:07]   [ComfyUI] [ComfyUI-MotionCapture] sys_path sent to worker: ['C:\\workspaces\\MotionCapture-1845\\portable-comfyui\\ComfyUI_windows_portable\\ComfyUI', 'C:\\workspaces\\MotionCapture-1845\\portable-comfyui\\ComfyUI_windows_portable\\ComfyUI\\custom_nodes\\ComfyUI-MotionCapture', 'C:\\workspaces\\MotionCapture-1845\\portable-comfyui\\ComfyUI_windows_portable\\ComfyUI\\.ce\\.pixi\\envs\\motioncapture-nodes\\Lib\\site-packages', 'C:\\workspaces\\MotionCapture-1845\\portable-comfyui\\ComfyUI_windows_portable\\ComfyUI\\custom_nodes\\ComfyUI-MotionCapture']
[07:07]   [ComfyUI] Generated prompt_id: f3853a1d-3aa1-4e81-9609-aaccc74a8618
[07:07]   [ComfyUI] [SubprocessWorker] is_pixi=True, python=C:\workspaces\MotionCapture-1845\portable-comfyui\ComfyUI_windows_portable\ComfyUI\.ce\.pixi\envs\motioncapture-nodes\python.exe
[07:07]   [ComfyUI] Calling execution.validate_prompt()...
[07:07]   [ComfyUI] [SubprocessWorker] launching cmd=['C:\\Users\\ContainerAdministrator\\.pixi\\bin\\pixi.exe', 'run', '--as-is', '--manifest-path', 'C:\\workspaces\\MotionCapture-1845\\portable-comfyui\\ComfyUI_windows_portable\\ComfyUI\\.ce\\pixi.toml', '-e', 'motioncapture-nodes', 'python', 'C:\\Users\\ContainerAdministrator\\AppData\\Local\\Temp\\comfyui_pvenv_kqy_i883\\persistent_worker.py', 'tcp://127.0.0.1:50169']...
[07:07]   [ComfyUI] Validation result: valid=True
[07:07]   [ComfyUI] === Validation PASSED ===
[07:07]   [ComfyUI] got prompt
[07:07]   [ComfyUI] [comfy-env] Running LoadGVHMRModels: model_path_override: '', precision: 'auto', attention: 'auto', load_dpvo: False
[07:07]   [ComfyUI] [VRAM] Before LoadGVHMRModels: 1042 / 12287 MB
[07:07]   [ComfyUI] [SubprocessWorker] call_method: nodes.load_model.LoadGVHMRModels.EXECUTE_NORMALIZED
[07:07]   [ComfyUI] [SubprocessWorker] acquired lock, ensuring started...
[07:07]   [ComfyUI] [comfy-env] motioncapture-nodes: Library/bin has 235 DLLs
[07:09]   Frame 2 saved (frame_001.jpg, t=2.4s)
[07:09]   [capture-periodic] freeze=4ms shot=141ms unfreeze=4ms saved=True
[07:11]   Frame 3 saved (frame_002.jpg, t=4.6s)
[07:11]   [capture-periodic] freeze=4ms shot=134ms unfreeze=4ms saved=True
[07:13]   [ComfyUI] [SubprocessWorker] worker started/confirmed
[07:13]   [ComfyUI] [SubprocessWorker] serializing kwargs to shm...
[07:13]   [ComfyUI] [SubprocessWorker] created 0 shm blocks
[07:13]   [ComfyUI] [SubprocessWorker] sending request via socket...
[07:13]   [ComfyUI] [SubprocessWorker] call_id=1 sending call_method
[07:14]   [ComfyUI] [worker:ComfyUI-MotionCapture] INFO: [GVHMRInference] DPVO not installed - only SimpleVO will be available
[07:14]   [capture-loop] iter=50 t=6.4s state={'complete': False, 'error': None, 'executedCount': 0, 'wsState': 1} eval_ms=5 ram=8.7/31.9GB (27%) swap=1.2/10.5GB (12%) cpu=7% browser_rss=0.73GB
[07:14]   [ComfyUI] [05/10 18:52:31][INFO] [GVHMRInference] DPVO not installed - only SimpleVO will be available
[07:14]   [ComfyUI] [worker:ComfyUI-MotionCapture] INFO: [LoadGVHMRModels] Checking GVHMR models...
[07:14]   [ComfyUI] [05/10 18:52:32][INFO] [LoadGVHMRModels] Checking GVHMR models...
[07:15]   [ComfyUI] [worker:ComfyUI-MotionCapture] INFO: [LoadGVHMRModels] Downloading gvhmr from HuggingFace...
[07:15]   [ComfyUI] [05/10 18:52:33][INFO] [LoadGVHMRModels] Downloading gvhmr from HuggingFace...
[07:15]   [ComfyUI] [worker:ComfyUI-MotionCapture] INFO: [LoadGVHMRModels] Repository: apozz/motion-capture-safetensors
[07:15]   [ComfyUI] [05/10 18:52:33][INFO] [LoadGVHMRModels] Repository: apozz/motion-capture-safetensors
[07:15]   [ComfyUI] C:\workspaces\MotionCapture-1845\portable-comfyui\ComfyUI_windows_portable\ComfyUI\.ce\.pixi\envs\motioncapture-nodes\Lib\site-packages\huggingface_hub\utils\_validators.py:205: UserWarning: The `local_dir_use_symlinks` argument is deprecated and ignored in `hf_hub_download`. Downloading to a local directory does not use symlinks anymore.
[07:15]   [ComfyUI]   warnings.warn(
[07:15]   [ComfyUI] [worker:ComfyUI-MotionCapture] INFO: HTTP Request: HEAD https://huggingface.co/apozz/motion-capture-safetensors/resolve/main/gvhmr.safetensors "HTTP/1.1 302 Found"
[07:15]   [ComfyUI] [05/10 18:52:33][INFO] HTTP Request: HEAD https://huggingface.co/apozz/motion-capture-safetensors/resolve/main/gvhmr.safetensors "HTTP/1.1 302 Found"
[07:16]   [ComfyUI] [worker:ComfyUI-MotionCapture] INFO: HTTP Request: GET https://huggingface.co/api/models/apozz/motion-capture-safetensors/xet-read-token/4d1ff1105aad31ef01d2aa2c1151a0317d267925 "HTTP/1.1 200 OK"
[07:16]   [ComfyUI] [05/10 18:52:34][INFO] HTTP Request: GET https://huggingface.co/api/models/apozz/motion-capture-safetensors/xet-read-token/4d1ff1105aad31ef01d2aa2c1151a0317d267925 "HTTP/1.1 200 OK"
[07:16]   [ComfyUI] 
[07:18]   [ComfyUI] gvhmr.safetensors:   0%|          | 0.00/163M [00:00<?, ?B/s]
[07:18]   [ComfyUI] gvhmr.safetensors:  15%|█▌        | 25.1M/163M [00:02<00:13, 9.98MB/s][SubprocessWorker] callback 'report_progress' from call_id=1
[07:19]   [ComfyUI] 
[07:19]   [ComfyUI] gvhmr.safetensors:  41%|████      | 67.1M/163M [00:02<00:03, 29.6MB/s][SubprocessWorker] callback 'report_progress' from call_id=1
[07:19]   [ComfyUI] 
[07:19]   [ComfyUI] gvhmr.safetensors: 100%|██████████| 163M/163M [00:02<00:00, 85.6MB/s] [SubprocessWorker] callback 'report_progress' from call_id=1
[07:19]   [ComfyUI] 
[07:19]   [ComfyUI] gvhmr.safetensors: 100%|██████████| 163M/163M [00:02<00:00, 55.0MB/s]
[07:19]   [ComfyUI] [worker:ComfyUI-MotionCapture] INFO: [LoadGVHMRModels] Downloaded gvhmr to C:\workspaces\MotionCapture-1845\portable-comfyui\ComfyUI_windows_portable\ComfyUI\models\motion_capture\gvhmr.safetensors
[07:19]   [ComfyUI] [05/10 18:52:37][INFO] [LoadGVHMRModels] Downloaded gvhmr to C:\workspaces\MotionCapture-1845\portable-comfyui\ComfyUI_windows_portable\ComfyUI\models\motion_capture\gvhmr.safetensors
[07:19]   [ComfyUI] [worker:ComfyUI-MotionCapture] INFO: [LoadGVHMRModels] Downloading vitpose from HuggingFace...
[07:19]   [ComfyUI] [05/10 18:52:37][INFO] [LoadGVHMRModels] Downloading vitpose from HuggingFace...
[07:19]   [ComfyUI] [worker:ComfyUI-MotionCapture] INFO: [LoadGVHMRModels] Repository: apozz/motion-capture-safetensors
[07:19]   [ComfyUI] [05/10 18:52:37][INFO] [LoadGVHMRModels] Repository: apozz/motion-capture-safetensors
[07:19]   [ComfyUI] [worker:ComfyUI-MotionCapture] INFO: HTTP Request: HEAD https://huggingface.co/apozz/motion-capture-safetensors/resolve/main/vitpose.safetensors "HTTP/1.1 302 Found"
[07:19]   [ComfyUI] [05/10 18:52:37][INFO] HTTP Request: HEAD https://huggingface.co/apozz/motion-capture-safetensors/resolve/main/vitpose.safetensors "HTTP/1.1 302 Found"
[07:19]   [ComfyUI] 
[07:20]   [capture-loop] iter=100 t=13.2s state={'complete': False, 'error': None, 'executedCount': 0, 'wsState': 1} eval_ms=5 ram=8.9/31.9GB (28%) swap=1.2/10.5GB (12%) cpu=10% browser_rss=0.73GB
[07:20]   Frame 4 saved (frame_003.jpg, t=13.6s)
[07:20]   [capture-periodic] freeze=4ms shot=184ms unfreeze=6ms saved=True
[07:22]   [ComfyUI] vitpose.safetensors:   0%|          | 0.00/2.55G [00:00<?, ?B/s]
[07:22]   [ComfyUI] vitpose.safetensors:   3%|▎         | 67.0M/2.55G [00:02<01:42, 24.3MB/s][SubprocessWorker] callback 'report_progress' from call_id=1
[07:23]   [ComfyUI] 
[07:23]   [ComfyUI] vitpose.safetensors:   5%|▌         | 134M/2.55G [00:03<01:02, 38.9MB/s] [SubprocessWorker] callback 'report_progress' from call_id=1
[07:23]   Frame 5 saved (frame_004.jpg, t=15.9s)
[07:23]   [capture-periodic] freeze=5ms shot=183ms unfreeze=5ms saved=True
[07:23]   [ComfyUI] 
[07:23]   [ComfyUI] vitpose.safetensors:  11%|█         | 268M/2.55G [00:04<00:27, 83.9MB/s][SubprocessWorker] callback 'report_progress' from call_id=1
[07:25]   Frame 6 saved (frame_005.jpg, t=18.2s)
[07:25]   [capture-periodic] freeze=4ms shot=164ms unfreeze=7ms saved=True
[07:27]   [capture-loop] iter=150 t=20.0s state={'complete': False, 'error': None, 'executedCount': 0, 'wsState': 1} eval_ms=5 ram=9.4/31.9GB (30%) swap=1.2/10.5GB (12%) cpu=22% browser_rss=0.73GB
[07:29]   [ComfyUI] 
[07:29]   [ComfyUI] vitpose.safetensors:  16%|█▌        | 402M/2.55G [00:10<00:58, 36.5MB/s][SubprocessWorker] callback 'report_progress' from call_id=1
[07:29]   [ComfyUI] 
[07:29]   [ComfyUI] vitpose.safetensors:  21%|██        | 536M/2.55G [00:10<00:34, 58.4MB/s][SubprocessWorker] callback 'report_progress' from call_id=1
[07:30]   [ComfyUI] 
[07:30]   [ComfyUI] vitpose.safetensors:  24%|██▎       | 603M/2.55G [00:10<00:27, 70.8MB/s][SubprocessWorker] callback 'report_progress' from call_id=1
[07:30]   Frame 7 saved (frame_006.jpg, t=22.8s)
[07:30]   [capture-periodic] freeze=5ms shot=164ms unfreeze=5ms saved=True
[07:30]   [ComfyUI] 
[07:30]   [ComfyUI] vitpose.safetensors:  26%|██▋       | 670M/2.55G [00:11<00:25, 74.5MB/s][SubprocessWorker] callback 'report_progress' from call_id=1
[07:31]   [ComfyUI] 
[07:31]   [ComfyUI] vitpose.safetensors:  29%|██▉       | 738M/2.55G [00:11<00:19, 91.5MB/s][SubprocessWorker] callback 'report_progress' from call_id=1
[07:31]   [ComfyUI] 
[07:31]   [ComfyUI] vitpose.safetensors:  32%|███▏      | 805M/2.55G [00:12<00:15, 111MB/s] [SubprocessWorker] callback 'report_progress' from call_id=1
[07:32]   Frame 8 saved (frame_007.jpg, t=25.0s)
[07:32]   [capture-periodic] freeze=4ms shot=161ms unfreeze=5ms saved=True
[07:33]   [ComfyUI] 
[07:33]   [ComfyUI] vitpose.safetensors:  37%|███▋      | 939M/2.55G [00:13<00:17, 93.0MB/s][SubprocessWorker] callback 'report_progress' from call_id=1
[07:33]   [capture-loop] iter=200 t=26.7s state={'complete': False, 'error': None, 'executedCount': 0, 'wsState': 1} eval_ms=5 ram=9.7/31.9GB (30%) swap=1.2/10.5GB (12%) cpu=24% browser_rss=0.66GB
[07:34]   Frame 9 saved (frame_008.jpg, t=27.3s)
[07:34]   [capture-periodic] freeze=5ms shot=169ms unfreeze=9ms saved=True
[07:34]   [ComfyUI] 
[07:34]   [ComfyUI] vitpose.safetensors:  42%|████▏     | 1.07G/2.55G [00:15<00:17, 86.0MB/s][SubprocessWorker] callback 'report_progress' from call_id=1
[07:37]   Frame 10 saved (frame_009.jpg, t=29.6s)
[07:37]   [capture-periodic] freeze=5ms shot=174ms unfreeze=6ms saved=True
[07:37]   [ComfyUI] 
[07:37]   [ComfyUI] vitpose.safetensors:  45%|████▍     | 1.14G/2.55G [00:17<00:23, 61.2MB/s][SubprocessWorker] callback 'report_progress' from call_id=1
[07:39]   Frame 11 saved (frame_010.jpg, t=31.9s)
[07:39]   [capture-periodic] freeze=4ms shot=176ms unfreeze=5ms saved=True
[07:39]   [ComfyUI] 
[07:39]   [ComfyUI] vitpose.safetensors:  50%|████▉     | 1.27G/2.55G [00:20<00:21, 60.6MB/s][SubprocessWorker] callback 'report_progress' from call_id=1
[07:39]   [ComfyUI] 
[07:39]   [ComfyUI] vitpose.safetensors:  53%|█████▎    | 1.34G/2.55G [00:20<00:16, 72.6MB/s][SubprocessWorker] callback 'report_progress' from call_id=1
[07:39]   [ComfyUI] 
[07:39]   [ComfyUI] vitpose.safetensors:  61%|██████    | 1.54G/2.55G [00:20<00:07, 128MB/s] [SubprocessWorker] callback 'report_progress' from call_id=1
[07:40]   [ComfyUI] 
[07:40]   [ComfyUI] vitpose.safetensors:  66%|██████▌   | 1.68G/2.55G [00:20<00:05, 168MB/s][SubprocessWorker] callback 'report_progress' from call_id=1
[07:40]   [ComfyUI] 
[07:40]   [ComfyUI] vitpose.safetensors:  71%|███████   | 1.81G/2.55G [00:21<00:03, 214MB/s][SubprocessWorker] callback 'report_progress' from call_id=1
[07:40]   [ComfyUI] 
[07:40]   [ComfyUI] vitpose.safetensors:  79%|███████▉  | 2.01G/2.55G [00:21<00:01, 302MB/s][SubprocessWorker] callback 'report_progress' from call_id=1
[07:40]   [capture-loop] iter=250 t=33.5s state={'complete': False, 'error': None, 'executedCount': 0, 'wsState': 1} eval_ms=5 ram=9.7/31.9GB (30%) swap=1.2/10.5GB (12%) cpu=23% browser_rss=0.67GB
[07:40]   [ComfyUI] 
[07:40]   [ComfyUI] vitpose.safetensors:  84%|████████▍ | 2.15G/2.55G [00:21<00:01, 341MB/s][SubprocessWorker] callback 'report_progress' from call_id=1
[07:41]   [ComfyUI] 
[07:41]   [ComfyUI] vitpose.safetensors:  92%|█████████▏| 2.35G/2.55G [00:21<00:00, 436MB/s][SubprocessWorker] callback 'report_progress' from call_id=1
[07:41]   [ComfyUI] 
[07:41]   [ComfyUI] vitpose.safetensors:  99%|█████████▉| 2.52G/2.55G [00:22<00:00, 493MB/s][SubprocessWorker] callback 'report_progress' from call_id=1
[07:41]   [ComfyUI] [SubprocessWorker] callback 'report_progress' from call_id=1
[07:41]   [ComfyUI] 
[07:41]   [ComfyUI] vitpose.safetensors: 100%|██████████| 2.55G/2.55G [00:22<00:00, 116MB/s]
[07:41]   [ComfyUI] [worker:ComfyUI-MotionCapture] INFO: [LoadGVHMRModels] Downloaded vitpose to C:\workspaces\MotionCapture-1845\portable-comfyui\ComfyUI_windows_portable\ComfyUI\models\motion_capture\vitpose.safetensors
[07:41]   [ComfyUI] [05/10 18:52:59][INFO] [LoadGVHMRModels] Downloaded vitpose to C:\workspaces\MotionCapture-1845\portable-comfyui\ComfyUI_windows_portable\ComfyUI\models\motion_capture\vitpose.safetensors
[07:41]   [ComfyUI] [worker:ComfyUI-MotionCapture] INFO: [LoadGVHMRModels] Downloading hmr2 from HuggingFace...
[07:41]   [ComfyUI] [05/10 18:52:59][INFO] [LoadGVHMRModels] Downloading hmr2 from HuggingFace...
[07:41]   [ComfyUI] [worker:ComfyUI-MotionCapture] INFO: [LoadGVHMRModels] Repository: apozz/motion-capture-safetensors
[07:41]   [ComfyUI] [05/10 18:52:59][INFO] [LoadGVHMRModels] Repository: apozz/motion-capture-safetensors
[07:41]   Frame 12 saved (frame_011.jpg, t=34.2s)
[07:41]   [ComfyUI] [worker:ComfyUI-MotionCapture] INFO: HTTP Request: HEAD https://huggingface.co/apozz/motion-capture-safetensors/resolve/main/hmr2.safetensors "HTTP/1.1 302 Found"
[07:41]   [capture-periodic] freeze=4ms shot=156ms unfreeze=5ms saved=True
[07:41]   [ComfyUI] [05/10 18:52:59][INFO] HTTP Request: HEAD https://huggingface.co/apozz/motion-capture-safetensors/resolve/main/hmr2.safetensors "HTTP/1.1 302 Found"
[07:41]   [ComfyUI] 
[07:43]   [ComfyUI] hmr2.safetensors:   0%|          | 0.00/2.71G [00:00<?, ?B/s]
[07:43]   [ComfyUI] hmr2.safetensors:   2%|▏         | 50.3M/2.71G [00:02<01:46, 25.1MB/s][SubprocessWorker] callback 'report_progress' from call_id=1
[07:43]   Frame 13 saved (frame_012.jpg, t=36.5s)
[07:43]   [capture-periodic] freeze=5ms shot=161ms unfreeze=10ms saved=True
[07:44]   [ComfyUI] 
[07:44]   [ComfyUI] hmr2.safetensors:   2%|▏         | 67.4M/2.71G [00:02<01:36, 27.5MB/s][SubprocessWorker] callback 'report_progress' from call_id=1
[07:44]   [ComfyUI] 
[07:44]   [ComfyUI] hmr2.safetensors:   9%|▉         | 256M/2.71G [00:03<00:19, 123MB/s]  [SubprocessWorker] callback 'report_progress' from call_id=1
[07:46]   Frame 14 saved (frame_013.jpg, t=38.7s)
[07:46]   [capture-periodic] freeze=4ms shot=174ms unfreeze=7ms saved=True
[07:47]   [capture-loop] iter=300 t=40.1s state={'complete': False, 'error': None, 'executedCount': 0, 'wsState': 1} eval_ms=5 ram=9.6/31.9GB (30%) swap=1.2/10.5GB (12%) cpu=19% browser_rss=0.67GB
[07:49]   [ComfyUI] 
[07:49]   [ComfyUI] hmr2.safetensors:  12%|█▏        | 336M/2.71G [00:08<01:02, 37.8MB/s][SubprocessWorker] callback 'report_progress' from call_id=1
[07:50]   Frame 15 saved (frame_014.jpg, t=43.3s)
[07:50]   [capture-periodic] freeze=5ms shot=162ms unfreeze=6ms saved=True
[07:51]   [ComfyUI] 
[07:51]   [ComfyUI] hmr2.safetensors:  20%|█▉        | 537M/2.71G [00:10<00:37, 57.4MB/s][SubprocessWorker] callback 'report_progress' from call_id=1
[07:51]   [ComfyUI] 
[07:51]   [ComfyUI] hmr2.safetensors:  25%|██▍       | 671M/2.71G [00:10<00:24, 82.7MB/s][SubprocessWorker] callback 'report_progress' from call_id=1
[07:52]   [ComfyUI] 
[07:52]   [ComfyUI] hmr2.safetensors:  30%|██▉       | 805M/2.71G [00:10<00:16, 115MB/s] [SubprocessWorker] callback 'report_progress' from call_id=1
[07:52]   Frame 16 saved (frame_015.jpg, t=45.6s)
[07:52]   [capture-periodic] freeze=5ms shot=183ms unfreeze=5ms saved=True
[07:53]   [capture-loop] iter=350 t=46.8s state={'complete': False, 'error': None, 'executedCount': 0, 'wsState': 1} eval_ms=5 ram=9.9/31.9GB (31%) swap=1.2/10.5GB (12%) cpu=23% browser_rss=0.67GB
[07:55]   [ComfyUI] 
[07:55]   [ComfyUI] hmr2.safetensors:  35%|███▍      | 939M/2.71G [00:14<00:25, 70.0MB/s][SubprocessWorker] callback 'report_progress' from call_id=1
[07:55]   [ComfyUI] 
[07:55]   [ComfyUI] hmr2.safetensors:  40%|███▉      | 1.07G/2.71G [00:14<00:16, 96.3MB/s][SubprocessWorker] callback 'report_progress' from call_id=1
[07:57]   Frame 17 saved (frame_016.jpg, t=50.1s)
[07:57]   [capture-periodic] freeze=4ms shot=179ms unfreeze=6ms saved=True
[07:58]   [ComfyUI] 
[07:58]   [ComfyUI] hmr2.safetensors:  42%|████▏     | 1.14G/2.71G [00:16<00:22, 68.4MB/s][SubprocessWorker] callback 'report_progress' from call_id=1
[07:59]   [ComfyUI] 
[07:59]   [ComfyUI] hmr2.safetensors:  45%|████▍     | 1.21G/2.71G [00:18<00:24, 61.6MB/s][SubprocessWorker] callback 'report_progress' from call_id=1
[07:59]   Frame 18 saved (frame_017.jpg, t=52.4s)
[07:59]   [capture-periodic] freeze=4ms shot=168ms unfreeze=7ms saved=True
[08:00]   [capture-loop] iter=400 t=53.5s state={'complete': False, 'error': None, 'executedCount': 0, 'wsState': 1} eval_ms=4 ram=10.2/31.9GB (32%) swap=1.2/10.5GB (12%) cpu=24% browser_rss=0.66GB
[08:02]   [ComfyUI] 
[08:02]   [ComfyUI] hmr2.safetensors:  52%|█████▏    | 1.41G/2.71G [00:20<00:18, 69.3MB/s][SubprocessWorker] callback 'report_progress' from call_id=1
[08:02]   [ComfyUI] 
[08:02]   [ComfyUI] hmr2.safetensors:  57%|█████▋    | 1.54G/2.71G [00:20<00:12, 94.8MB/s][SubprocessWorker] callback 'report_progress' from call_id=1
[08:02]   [ComfyUI] 
[08:02]   [ComfyUI] hmr2.safetensors:  62%|██████▏   | 1.68G/2.71G [00:21<00:08, 127MB/s] [SubprocessWorker] callback 'report_progress' from call_id=1
[08:02]   [ComfyUI] 
[08:02]   [ComfyUI] hmr2.safetensors:  64%|██████▍   | 1.74G/2.71G [00:21<00:06, 140MB/s][SubprocessWorker] callback 'report_progress' from call_id=1
[08:03]   [ComfyUI] 
[08:03]   [ComfyUI] hmr2.safetensors:  69%|██████▉   | 1.88G/2.71G [00:21<00:04, 187MB/s][SubprocessWorker] callback 'report_progress' from call_id=1
[08:03]   [ComfyUI] 
[08:03]   [ComfyUI] hmr2.safetensors:  77%|███████▋  | 2.08G/2.71G [00:21<00:02, 276MB/s][SubprocessWorker] callback 'report_progress' from call_id=1
[08:03]   [ComfyUI] 
[08:03]   [ComfyUI] hmr2.safetensors:  84%|████████▍ | 2.28G/2.71G [00:22<00:01, 366MB/s][SubprocessWorker] callback 'report_progress' from call_id=1
[08:03]   [ComfyUI] 
[08:03]   [ComfyUI] hmr2.safetensors:  89%|████████▉ | 2.41G/2.71G [00:22<00:00, 397MB/s][SubprocessWorker] callback 'report_progress' from call_id=1
[08:04]   [ComfyUI] 
[08:04]   [ComfyUI] hmr2.safetensors:  98%|█████████▊| 2.64G/2.71G [00:22<00:00, 506MB/s][SubprocessWorker] callback 'report_progress' from call_id=1
[08:04]   [ComfyUI] [SubprocessWorker] callback 'report_progress' from call_id=1
[08:04]   [ComfyUI] 
[08:04]   [ComfyUI] hmr2.safetensors: 100%|██████████| 2.71G/2.71G [00:22<00:00, 120MB/s]
[08:04]   [ComfyUI] [worker:ComfyUI-MotionCapture] INFO: [LoadGVHMRModels] Downloaded hmr2 to C:\workspaces\MotionCapture-1845\portable-comfyui\ComfyUI_windows_portable\ComfyUI\models\motion_capture\hmr2.safetensors
[08:04]   [ComfyUI] [05/10 18:53:22][INFO] [LoadGVHMRModels] Downloaded hmr2 to C:\workspaces\MotionCapture-1845\portable-comfyui\ComfyUI_windows_portable\ComfyUI\models\motion_capture\hmr2.safetensors
[08:04]   [ComfyUI] [worker:ComfyUI-MotionCapture] INFO: [LoadGVHMRModels] SMPL_FEMALE.npz not found, downloading from HuggingFace...
[08:04]   [ComfyUI] [05/10 18:53:22][INFO] [LoadGVHMRModels] SMPL_FEMALE.npz not found, downloading from HuggingFace...
[08:04]   [ComfyUI] [worker:ComfyUI-MotionCapture] INFO: [LoadGVHMRModels] Downloading SMPL_FEMALE.npz from HuggingFace...
[08:04]   [ComfyUI] [05/10 18:53:22][INFO] [LoadGVHMRModels] Downloading SMPL_FEMALE.npz from HuggingFace...
[08:04]   Frame 19 saved (frame_018.jpg, t=56.9s)
[08:04]   [capture-periodic] freeze=7ms shot=165ms unfreeze=5ms saved=True
[08:04]   [ComfyUI] [worker:ComfyUI-MotionCapture] INFO: HTTP Request: HEAD https://huggingface.co/lithiumice/models_hub/resolve/main/4_SMPLhub/SMPL/X_model_npz/SMPL_F_model.npz "HTTP/1.1 302 Found"
[08:04]   [ComfyUI] [05/10 18:53:22][INFO] HTTP Request: HEAD https://huggingface.co/lithiumice/models_hub/resolve/main/4_SMPLhub/SMPL/X_model_npz/SMPL_F_model.npz "HTTP/1.1 302 Found"
[08:04]   [ComfyUI] [worker:ComfyUI-MotionCapture] INFO: HTTP Request: GET https://huggingface.co/api/models/lithiumice/models_hub/xet-read-token/363972831b553e4f5b62d11d509e98830d930c97 "HTTP/1.1 200 OK"
[08:04]   [ComfyUI] [05/10 18:53:22][INFO] HTTP Request: GET https://huggingface.co/api/models/lithiumice/models_hub/xet-read-token/363972831b553e4f5b62d11d509e98830d930c97 "HTTP/1.1 200 OK"
[08:04]   [ComfyUI] 
[08:06]   [ComfyUI] 4_SMPLhub/SMPL/X_model_npz/SMPL_F_model.(…):   0%|          | 0.00/88.3M [00:00<?, ?B/s]
[08:06]   [ComfyUI] 4_SMPLhub/SMPL/X_model_npz/SMPL_F_model.(…): 100%|██████████| 88.3M/88.3M [00:02<00:00, 42.6MB/s][SubprocessWorker] callback 'report_progress' from call_id=1
[08:06]   [ComfyUI] 
[08:06]   [ComfyUI] 4_SMPLhub/SMPL/X_model_npz/SMPL_F_model.(…): 100%|██████████| 88.3M/88.3M [00:02<00:00, 42.6MB/s]
[08:06]   [ComfyUI] [worker:ComfyUI-MotionCapture] INFO: [LoadGVHMRModels] Downloaded SMPL_FEMALE.npz
[08:06]   [ComfyUI] [05/10 18:53:24][INFO] [LoadGVHMRModels] Downloaded SMPL_FEMALE.npz
[08:06]   [ComfyUI] [worker:ComfyUI-MotionCapture] INFO: [LoadGVHMRModels] SMPL_MALE.npz not found, downloading from HuggingFace...
[08:06]   [ComfyUI] [05/10 18:53:24][INFO] [LoadGVHMRModels] SMPL_MALE.npz not found, downloading from HuggingFace...
[08:06]   [ComfyUI] [worker:ComfyUI-MotionCapture] INFO: [LoadGVHMRModels] Downloading SMPL_MALE.npz from HuggingFace...
[08:06]   [ComfyUI] [05/10 18:53:24][INFO] [LoadGVHMRModels] Downloading SMPL_MALE.npz from HuggingFace...
[08:06]   Frame 20 saved (frame_019.jpg, t=59.2s)
[08:06]   [capture-periodic] freeze=4ms shot=146ms unfreeze=5ms saved=True
[08:06]   [ComfyUI] [worker:ComfyUI-MotionCapture] INFO: HTTP Request: HEAD https://huggingface.co/lithiumice/models_hub/resolve/main/4_SMPLhub/SMPL/X_model_npz/SMPL_M_model.npz "HTTP/1.1 302 Found"
[08:06]   [ComfyUI] [05/10 18:53:24][INFO] HTTP Request: HEAD https://huggingface.co/lithiumice/models_hub/resolve/main/4_SMPLhub/SMPL/X_model_npz/SMPL_M_model.npz "HTTP/1.1 302 Found"
[08:06]   [ComfyUI] Warning: You are sending unauthenticated requests to the HF Hub. Please set a HF_TOKEN to enable higher rate limits and faster downloads.
[08:06]   [ComfyUI] [worker:ComfyUI-MotionCapture] WARNING: Warning: You are sending unauthenticated requests to the HF Hub. Please set a HF_TOKEN to enable higher rate limits and faster downloads.
[08:06]   [ComfyUI] [05/10 18:53:24][WARNING] Warning: You are sending unauthenticated requests to the HF Hub. Please set a HF_TOKEN to enable higher rate limits and faster downloads.
[08:06]   [ComfyUI] 
[08:07]   [capture-loop] iter=450 t=59.9s state={'complete': False, 'error': None, 'executedCount': 0, 'wsState': 1} eval_ms=4 ram=9.4/31.9GB (30%) swap=1.2/10.5GB (12%) cpu=16% browser_rss=0.65GB
[08:07]   [ComfyUI] 4_SMPLhub/SMPL/X_model_npz/SMPL_M_model.(…):   0%|          | 0.00/88.3M [00:00<?, ?B/s][worker:ComfyUI-MotionCapture]
[08:07]   [ComfyUI] === WATCHDOG TICK 1 ===
[08:07]   [ComfyUI] [worker:ComfyUI-MotionCapture] Thread 0x00004028 (most recent call first):
[08:07]   [ComfyUI]   File "C:\workspaces\MotionCapture-1845\portable-comfyui\ComfyUI_windows_portable\ComfyUI\.ce\.pixi\envs\motioncapture-nodes\Lib\threading.py", line 363 in wait
[08:07]   [ComfyUI]   File "C:\workspaces\MotionCapture-1845\portable-comfyui\ComfyUI_windows_portable\ComfyUI\.ce\.pixi\envs\motioncapture-nodes\Lib\threading.py", line 660 in wait
[08:07]   [ComfyUI]   File "C:\workspaces\MotionCapture-1845\portable-comfyui\ComfyUI_windows_portable\ComfyUI\.ce\.pixi\envs\motioncapture-nodes\Lib\site-packages\tqdm\_monitor.py", line 60 in run
[08:07]   [ComfyUI]   File "C:\workspaces\MotionCapture-1845\portable-comfyui\ComfyUI_windows_portable\ComfyUI\.ce\.pixi\envs\motioncapture-nodes\Lib\threading.py", line 1044 in _bootstrap_inner
[08:07]   [ComfyUI]   File "C:\workspaces\MotionCapture-1845\portable-comfyui\ComfyUI_windows_portable\ComfyUI\.ce\.pixi\envs\motioncapture-nodes\Lib\threading.py", line 1015 in _bootstrap
[08:07]   [ComfyUI] 
[08:07]   [ComfyUI] Thread 0x000020ac (most recent call first):
[08:07]   [ComfyUI]   File "C:\workspaces\MotionCapture-1845\portable-comfyui\ComfyUI_windows_portable\ComfyUI\.ce\.pixi\envs\motioncapture-nodes\Lib\threading.py", line 363 in wait
[08:07]   [ComfyUI]   File "C:\workspaces\MotionCapture-1845\portable-comfyui\ComfyUI_windows_portable\ComfyUI\.ce\.pixi\envs\motioncapture-nodes\Lib\threading.py", line 660 in wait
[08:07]   [ComfyUI]   File "C:\workspaces\MotionCapture-1845\portable-comfyui\ComfyUI_windows_portable\ComfyUI\.ce\.pixi\envs\motioncapture-nodes\Lib\site-packages\tqdm\_monitor.py", line 60 in run
[08:07]   [ComfyUI]   File "C:\workspaces\MotionCapture-1845\portable-comfyui\ComfyUI_windows_portable\ComfyUI\.ce\.pixi\envs\motioncapture-nodes\Lib\threading.py", line 1044 in _bootstrap_inner
[08:07]   [ComfyUI]   File "C:\workspaces\MotionCapture-1845\portable-comfyui\ComfyUI_windows_portable\ComfyUI\.ce\.pixi\envs\motioncapture-nodes\Lib\threading.py", line 1015 in _bootstrap
[08:07]   [ComfyUI] 
[08:07]   [ComfyUI] Thread 0x00001c04 (most recent call first):
[08:07]   [ComfyUI]   File "C:\workspaces\MotionCapture-1845\portable-comfyui\ComfyUI_windows_portable\ComfyUI\.ce\.pixi\envs\motioncapture-nodes\Lib\threading.py", line 363 in wait
[08:07]   [ComfyUI]   File "C:\workspaces\MotionCapture-1845\portable-comfyui\ComfyUI_windows_portable\ComfyUI\.ce\.pixi\envs\motioncapture-nodes\Lib\threading.py", line 660 in wait
[08:07]   [ComfyUI]   File "C:\workspaces\MotionCapture-1845\portable-comfyui\ComfyUI_windows_portable\ComfyUI\.ce\.pixi\envs\motioncapture-nodes\Lib\site-packages\tqdm\_monitor.py", line 60 in run
[08:07]   [ComfyUI]   File "C:\workspaces\MotionCapture-1845\portable-comfyui\ComfyUI_windows_portable\ComfyUI\.ce\.pixi\envs\motioncapture-nodes\Lib\threading.py", line 1044 in _bootstrap_inner
[08:07]   [ComfyUI]   File "C:\workspaces\MotionCapture-1845\portable-comfyui\ComfyUI_windows_portable\ComfyUI\.ce\.pixi\envs\motioncapture-nodes\Lib\threading.py", line 1015 in _bootstrap
[08:07]   [ComfyUI] 
[08:07]   [ComfyUI] Thread 0x000009f4 (most recent call first):
[08:07]   [ComfyUI]   File "C:\workspaces\MotionCapture-1845\portable-comfyui\ComfyUI_windows_portable\ComfyUI\.ce\.pixi\envs\motioncapture-nodes\Lib\threading.py", line 363 in wait
[08:07]   [ComfyUI]   File "C:\workspaces\MotionCapture-1845\portable-comfyui\ComfyUI_windows_portable\ComfyUI\.ce\.pixi\envs\motioncapture-nodes\Lib\threading.py", line 660 in wait
[08:07]   [ComfyUI]   File "C:\workspaces\MotionCapture-1845\portable-comfyui\ComfyUI_windows_portable\ComfyUI\.ce\.pixi\envs\motioncapture-nodes\Lib\site-packages\tqdm\_monitor.py", line 60 in run
[08:07]   [ComfyUI]   File "C:\workspaces\MotionCapture-1845\portable-comfyui\ComfyUI_windows_portable\ComfyUI\.ce\.pixi\envs\motioncapture-nodes\Lib\threading.py", line 1044 in _bootstrap_inner
[08:07]   [ComfyUI]   File "C:\workspaces\MotionCapture-1845\portable-comfyui\ComfyUI_windows_portable\ComfyUI\.ce\.pixi\envs\motioncapture-nodes\Lib\threading.py", line 1015 in _bootstrap
[08:07]   [ComfyUI] 
[08:07]   [ComfyUI] Thread 0x00003d28 (most recent call first):
[08:07]   [ComfyUI]   File "C:\workspaces\MotionCapture-1845\portable-comfyui\ComfyUI_windows_portable\ComfyUI\.ce\.pixi\envs\motioncapture-nodes\Lib\threading.py", line 363 in wait
[08:07]   [ComfyUI]   File "C:\workspaces\MotionCapture-1845\portable-comfyui\ComfyUI_windows_portable\ComfyUI\.ce\.pixi\envs\motioncapture-nodes\Lib\threading.py", line 660 in wait
[08:07]   [ComfyUI]   File "C:\workspaces\MotionCapture-1845\portable-comfyui\ComfyUI_windows_portable\ComfyUI\.ce\.pixi\envs\motioncapture-nodes\Lib\site-packages\tqdm\_monitor.py", line 60 in run
[08:07]   [ComfyUI]   File "C:\workspaces\MotionCapture-1845\portable-comfyui\ComfyUI_windows_portable\ComfyUI\.ce\.pixi\envs\motioncapture-nodes\Lib\threading.py", line 1044 in _bootstrap_inner
[08:07]   [ComfyUI]   File "C:\workspaces\MotionCapture-1845\portable-comfyui\ComfyUI_windows_portable\ComfyUI\.ce\.pixi\envs\motioncapture-nodes\Lib\threading.py", line 1015 in _bootstrap
[08:07]   [ComfyUI] 
[08:07]   [ComfyUI] Thread 0x000041c4 (most recent call first):
[08:07]   [ComfyUI]   File "C:\Users\ContainerAdministrator\AppData\Local\Temp\comfyui_pvenv_kqy_i883\persistent_worker.py", line 106 in _vram_poller
[08:07]   [ComfyUI]   File "C:\workspaces\MotionCapture-1845\portable-comfyui\ComfyUI_windows_portable\ComfyUI\.ce\.pixi\envs\motioncapture-nodes\Lib\threading.py", line 995 in run
[08:07]   [ComfyUI]   File "C:\workspaces\MotionCapture-1845\portable-comfyui\ComfyUI_windows_portable\ComfyUI\.ce\.pixi\envs\motioncapture-nodes\Lib\threading.py", line 1044 in _bootstrap_inner
[08:07]   [ComfyUI]   File "C:\workspaces\MotionCapture-1845\portable-comfyui\ComfyUI_windows_portable\ComfyUI\.ce\.pixi\envs\motioncapture-nodes\Lib\threading.py", line 1015 in _bootstrap
[08:07]   [ComfyUI] 
[08:07]   [ComfyUI] Current thread 0x00002f40 (most recent call first):
[08:07]   [ComfyUI]   File "C:\Users\ContainerAdministrator\AppData\Local\Temp\comfyui_pvenv_kqy_i883\persistent_worker.py", line 52 in _watchdog
[08:07]   [ComfyUI]   File "C:\workspaces\MotionCapture-1845\portable-comfyui\ComfyUI_windows_portable\ComfyUI\.ce\.pixi\envs\motioncapture-nodes\Lib\threading.py", line 995 in run
[08:07]   [ComfyUI]   File "C:\workspaces\MotionCapture-1845\portable-comfyui\ComfyUI_windows_portable\ComfyUI\.ce\.pixi\envs\motioncapture-nodes\Lib\threading.py", line 1044 in _bootstrap_inner
[08:07]   [ComfyUI]   File "C:\workspaces\MotionCapture-1845\portable-comfyui\ComfyUI_windows_portable\ComfyUI\.ce\.pixi\envs\motioncapture-nodes\Lib\threading.py", line 1015 in _bootstrap
[08:07]   [ComfyUI] 
[08:07]   [ComfyUI] Thread 0x00004678 (most recent call first):
[08:07]   [ComfyUI]   File "C:\workspaces\MotionCapture-1845\portable-comfyui\ComfyUI_windows_portable\ComfyUI\.ce\.pixi\envs\motioncapture-nodes\Lib\site-packages\huggingface_hub\file_download.py", line 558 in xet_get
[08:07]   [ComfyUI]   File "C:\workspaces\MotionCapture-1845\portable-comfyui\ComfyUI_windows_portable\ComfyUI\.ce\.pixi\envs\motioncapture-nodes\Lib\site-packages\huggingface_hub\file_download.py", line 1842 in _download_to_tmp_and_move
[08:07]   [ComfyUI]   File "C:\workspaces\MotionCapture-1845\portable-comfyui\ComfyUI_windows_portable\ComfyUI\.ce\.pixi\envs\motioncapture-nodes\Lib\site-packages\huggingface_hub\file_download.py", line 1427 in _hf_hub_download_to_local_dir
[08:07]   [ComfyUI]   File "C:\workspaces\MotionCapture-1845\portable-comfyui\ComfyUI_windows_portable\ComfyUI\.ce\.pixi\envs\motioncapture-nodes\Lib\site-packages\huggingface_hub\file_download.py", line 976 in hf_hub_download
[08:07]   [ComfyUI]   File "C:\workspaces\MotionCapture-1845\portable-comfyui\ComfyUI_windows_portable\ComfyUI\.ce\.pixi\envs\motioncapture-nodes\Lib\site-packages\huggingface_hub\utils\_validators.py", line 88 in _inner_fn
[08:07]   [ComfyUI]   File "C:\workspaces\MotionCapture-1845\portable-comfyui\ComfyUI_windows_portable\ComfyUI\custom_nodes\ComfyUI-MotionCapture\nodes\load_model.py", line 154 in download_smpl_from_hf
[08:07]   [ComfyUI]   File "C:\workspaces\MotionCapture-1845\portable-comfyui\ComfyUI_windows_portable\ComfyUI\custom_nodes\ComfyUI-MotionCapture\nodes\load_model.py", line 182 in check_smpl_models
[08:07]   [ComfyUI]   File "C:\workspaces\MotionCapture-1845\portable-comfyui\ComfyUI_windows_portable\ComfyUI\custom_nodes\ComfyUI-MotionCapture\nodes\load_model.py", line 269 in execute
[08:07]   [ComfyUI]   File "C:\workspaces\MotionCapture-1845\portable-comfyui\ComfyUI_windows_portable\ComfyUI\comfy_api\latest\_io.py", line 1826 in EXECUTE_NORMALIZED
[08:07]   [ComfyUI]   File "C:\Users\ContainerAdministrator\AppData\Local\Temp\comfyui_pvenv_kqy_i883\persistent_worker.py", line 1762 in main
[08:07]   [ComfyUI]   File "C:\Users\ContainerAdministrator\AppData\Local\Temp\comfyui_pvenv_kqy_i883\persistent_worker.py", line 1807 in <module>
[08:07]   [ComfyUI] 
[08:07]   [ComfyUI] [worker:ComfyUI-MotionCapture] === END ===
[08:07]   [ComfyUI] 
[08:08]   [ComfyUI] 
[08:08]   [ComfyUI] 4_SMPLhub/SMPL/X_model_npz/SMPL_M_model.(…): 100%|██████████| 88.3M/88.3M [00:01<00:00, 66.8MB/s][SubprocessWorker] callback 'report_progress' from call_id=1
[08:08]   [ComfyUI] 
[08:08]   [ComfyUI] 4_SMPLhub/SMPL/X_model_npz/SMPL_M_model.(…): 100%|██████████| 88.3M/88.3M [00:01<00:00, 66.7MB/s]
[08:08]   [ComfyUI] [worker:ComfyUI-MotionCapture] INFO: [LoadGVHMRModels] Downloaded SMPL_MALE.npz
[08:08]   [ComfyUI] [05/10 18:53:26][INFO] [LoadGVHMRModels] Downloaded SMPL_MALE.npz
[08:08]   [ComfyUI] [worker:ComfyUI-MotionCapture] INFO: [LoadGVHMRModels] SMPL_NEUTRAL.npz not found, downloading from HuggingFace...
[08:08]   [ComfyUI] [05/10 18:53:26][INFO] [LoadGVHMRModels] SMPL_NEUTRAL.npz not found, downloading from HuggingFace...
[08:08]   [ComfyUI] [worker:ComfyUI-MotionCapture] INFO: [LoadGVHMRModels] Downloading SMPL_NEUTRAL.npz from HuggingFace...
[08:08]   [ComfyUI] [05/10 18:53:26][INFO] [LoadGVHMRModels] Downloading SMPL_NEUTRAL.npz from HuggingFace...
[08:08]   [ComfyUI] [worker:ComfyUI-MotionCapture] INFO: HTTP Request: HEAD https://huggingface.co/lithiumice/models_hub/resolve/main/4_SMPLhub/SMPL/X_model_npz/SMPL_N_model.npz "HTTP/1.1 302 Found"
[08:08]   [ComfyUI] [05/10 18:53:26][INFO] HTTP Request: HEAD https://huggingface.co/lithiumice/models_hub/resolve/main/4_SMPLhub/SMPL/X_model_npz/SMPL_N_model.npz "HTTP/1.1 302 Found"
[08:08]   [ComfyUI] 
[08:09]   [ComfyUI] 4_SMPLhub/SMPL/X_model_npz/SMPL_N_model.(…):   0%|          | 0.00/88.3M [00:00<?, ?B/s]
[08:09]   [ComfyUI] 4_SMPLhub/SMPL/X_model_npz/SMPL_N_model.(…): 100%|██████████| 88.3M/88.3M [00:01<00:00, 70.8MB/s][SubprocessWorker] callback 'report_progress' from call_id=1
[08:09]   [ComfyUI] 
[08:09]   [ComfyUI] 4_SMPLhub/SMPL/X_model_npz/SMPL_N_model.(…): 100%|██████████| 88.3M/88.3M [00:01<00:00, 70.7MB/s]
[08:09]   [ComfyUI] [worker:ComfyUI-MotionCapture] INFO: [LoadGVHMRModels] Downloaded SMPL_NEUTRAL.npz
[08:09]   [ComfyUI] [05/10 18:53:27][INFO] [LoadGVHMRModels] Downloaded SMPL_NEUTRAL.npz
[08:09]   [ComfyUI] [worker:ComfyUI-MotionCapture] INFO: [LoadGVHMRModels] SMPLX_FEMALE.npz not found, downloading from HuggingFace...
[08:09]   [ComfyUI] [05/10 18:53:27][INFO] [LoadGVHMRModels] SMPLX_FEMALE.npz not found, downloading from HuggingFace...
[08:09]   [ComfyUI] [worker:ComfyUI-MotionCapture] INFO: [LoadGVHMRModels] Downloading SMPLX_FEMALE.npz from HuggingFace...
[08:09]   [ComfyUI] [05/10 18:53:27][INFO] [LoadGVHMRModels] Downloading SMPLX_FEMALE.npz from HuggingFace...
[08:09]   [ComfyUI] [worker:ComfyUI-MotionCapture] INFO: HTTP Request: HEAD https://huggingface.co/lithiumice/models_hub/resolve/main/4_SMPLhub/SMPLX/X_npz/SMPLX_FEMALE.npz "HTTP/1.1 302 Found"
[08:09]   [ComfyUI] [05/10 18:53:27][INFO] HTTP Request: HEAD https://huggingface.co/lithiumice/models_hub/resolve/main/4_SMPLhub/SMPLX/X_npz/SMPLX_FEMALE.npz "HTTP/1.1 302 Found"
[08:09]   [ComfyUI] 
[08:11]   [ComfyUI] 4_SMPLhub/SMPLX/X_npz/SMPLX_FEMALE.npz:   0%|          | 0.00/109M [00:00<?, ?B/s]
[08:11]   [ComfyUI] 4_SMPLhub/SMPLX/X_npz/SMPLX_FEMALE.npz:  62%|██████▏   | 67.0M/109M [00:02<00:01, 33.4MB/s][SubprocessWorker] callback 'report_progress' from call_id=1
[08:11]   [ComfyUI] [SubprocessWorker] callback 'report_progress' from call_id=1
[08:11]   [ComfyUI] 
[08:11]   [ComfyUI] 4_SMPLhub/SMPLX/X_npz/SMPLX_FEMALE.npz: 100%|██████████| 109M/109M [00:02<00:00, 53.4MB/s]
[08:11]   [ComfyUI] [worker:ComfyUI-MotionCapture] INFO: [LoadGVHMRModels] Downloaded SMPLX_FEMALE.npz
[08:11]   [ComfyUI] [05/10 18:53:29][INFO] [LoadGVHMRModels] Downloaded SMPLX_FEMALE.npz
[08:11]   [ComfyUI] [worker:ComfyUI-MotionCapture] INFO: [LoadGVHMRModels] SMPLX_MALE.npz not found, downloading from HuggingFace...
[08:11]   [ComfyUI] [05/10 18:53:29][INFO] [LoadGVHMRModels] SMPLX_MALE.npz not found, downloading from HuggingFace...
[08:11]   [ComfyUI] [worker:ComfyUI-MotionCapture] INFO: [LoadGVHMRModels] Downloading SMPLX_MALE.npz from HuggingFace...
[08:11]   [ComfyUI] [05/10 18:53:29][INFO] [LoadGVHMRModels] Downloading SMPLX_MALE.npz from HuggingFace...
[08:11]   [ComfyUI] [worker:ComfyUI-MotionCapture] INFO: HTTP Request: HEAD https://huggingface.co/lithiumice/models_hub/resolve/main/4_SMPLhub/SMPLX/X_npz/SMPLX_MALE.npz "HTTP/1.1 302 Found"
[08:11]   [ComfyUI] [05/10 18:53:29][INFO] HTTP Request: HEAD https://huggingface.co/lithiumice/models_hub/resolve/main/4_SMPLhub/SMPLX/X_npz/SMPLX_MALE.npz "HTTP/1.1 302 Found"
[08:11]   [ComfyUI] 
[08:13]   Frame 21 saved (frame_020.jpg, t=65.9s)
[08:13]   [capture-periodic] freeze=4ms shot=155ms unfreeze=8ms saved=True
[08:13]   [capture-loop] iter=500 t=66.2s state={'complete': False, 'error': None, 'executedCount': 0, 'wsState': 1} eval_ms=4 ram=9.4/31.9GB (30%) swap=1.2/10.5GB (12%) cpu=11% browser_rss=0.65GB
[08:13]   [ComfyUI] 4_SMPLhub/SMPLX/X_npz/SMPLX_MALE.npz:   0%|          | 0.00/109M [00:00<?, ?B/s]
[08:13]   [ComfyUI] 4_SMPLhub/SMPLX/X_npz/SMPLX_MALE.npz: 100%|██████████| 109M/109M [00:02<00:00, 52.1MB/s][SubprocessWorker] callback 'report_progress' from call_id=1
[08:13]   [ComfyUI] 
[08:13]   [ComfyUI] 4_SMPLhub/SMPLX/X_npz/SMPLX_MALE.npz: 100%|██████████| 109M/109M [00:02<00:00, 52.1MB/s]
[08:13]   [ComfyUI] [worker:ComfyUI-MotionCapture] INFO: [LoadGVHMRModels] Downloaded SMPLX_MALE.npz
[08:13]   [ComfyUI] [05/10 18:53:31][INFO] [LoadGVHMRModels] Downloaded SMPLX_MALE.npz
[08:13]   [ComfyUI] [worker:ComfyUI-MotionCapture] INFO: [LoadGVHMRModels] SMPLX_NEUTRAL.npz not found, downloading from HuggingFace...
[08:13]   [ComfyUI] [05/10 18:53:31][INFO] [LoadGVHMRModels] SMPLX_NEUTRAL.npz not found, downloading from HuggingFace...
[08:13]   [ComfyUI] [worker:ComfyUI-MotionCapture] INFO: [LoadGVHMRModels] Downloading SMPLX_NEUTRAL.npz from HuggingFace...
[08:13]   [ComfyUI] [05/10 18:53:31][INFO] [LoadGVHMRModels] Downloading SMPLX_NEUTRAL.npz from HuggingFace...
[08:14]   [ComfyUI] [worker:ComfyUI-MotionCapture] INFO: HTTP Request: HEAD https://huggingface.co/lithiumice/models_hub/resolve/main/4_SMPLhub/SMPLX/X_npz/SMPLX_NEUTRAL.npz "HTTP/1.1 302 Found"
[08:14]   [ComfyUI] [05/10 18:53:32][INFO] HTTP Request: HEAD https://huggingface.co/lithiumice/models_hub/resolve/main/4_SMPLhub/SMPLX/X_npz/SMPLX_NEUTRAL.npz "HTTP/1.1 302 Found"
[08:14]   [ComfyUI] 
[08:15]   [ComfyUI] 4_SMPLhub/SMPLX/X_npz/SMPLX_NEUTRAL.npz:   0%|          | 0.00/109M [00:00<?, ?B/s]
[08:15]   [ComfyUI] 4_SMPLhub/SMPLX/X_npz/SMPLX_NEUTRAL.npz:   0%|          | 80.4k/109M [00:01<39:49, 45.5kB/s][SubprocessWorker] callback 'report_progress' from call_id=1
[08:15]   [ComfyUI] 
[08:15]   [ComfyUI] 4_SMPLhub/SMPLX/X_npz/SMPLX_NEUTRAL.npz: 100%|██████████| 109M/109M [00:01<00:00, 80.9MB/s] [SubprocessWorker] callback 'report_progress' from call_id=1
[08:15]   [ComfyUI] 
[08:15]   [ComfyUI] 4_SMPLhub/SMPLX/X_npz/SMPLX_NEUTRAL.npz: 100%|██████████| 109M/109M [00:01<00:00, 58.0MB/s]
[08:15]   [ComfyUI] [worker:ComfyUI-MotionCapture] INFO: [LoadGVHMRModels] Downloaded SMPLX_NEUTRAL.npz
[08:15]   [ComfyUI] [05/10 18:53:33][INFO] [LoadGVHMRModels] Downloaded SMPLX_NEUTRAL.npz
[08:15]   [ComfyUI] [worker:ComfyUI-MotionCapture] INFO: [LoadGVHMRModels] SMPL body models found
[08:16]   [ComfyUI] [05/10 18:53:33][INFO] [LoadGVHMRModels] SMPL body models found
[08:16]   [ComfyUI] [worker:ComfyUI-MotionCapture] INFO: [LoadGVHMRModels] All models verified!
[08:16]   [ComfyUI] [05/10 18:53:33][INFO] [LoadGVHMRModels] All models verified!
[08:16]   [ComfyUI] [SubprocessWorker] got response: ok
[08:16]   [ComfyUI] [comfy-env] LoadGVHMRModels done (68.55s): result: NodeOutput
[08:16]   [ComfyUI] [VRAM] After LoadGVHMRModels: 1042 / 12287 MB
[08:16]   [ComfyUI] [comfy-env] Running GVHMRInference: moving_camera: False, focal_length_mm: 0, bbox_scale: 1.2, vo_method: 'simple_vo', vo_scale: 0.5, vo_step: 8, chunk_size: 32, video: VideoFromFile, video_mask: VideoFromFile, config: dict
[08:16]   [ComfyUI] [VRAM] Before GVHMRInference: 1042 / 12287 MB
[08:16]   [ComfyUI] [SubprocessWorker] call_method: nodes.inference_node.GVHMRInference.EXECUTE_NORMALIZED
[08:16]   [ComfyUI] [SubprocessWorker] acquired lock, ensuring started...
[08:16]   [ComfyUI] [ComfyUI-MotionCapture] Health check: ping (timeout=5.0s)...
[08:16]   [ComfyUI] [ComfyUI-MotionCapture] Health check: ok
[08:16]   [ComfyUI] [SubprocessWorker] worker started/confirmed
[08:16]   [ComfyUI] [SubprocessWorker] serializing kwargs to shm...
[08:16]   [ComfyUI] [SubprocessWorker] created 2 shm blocks
[08:16]   [ComfyUI] [SubprocessWorker] sending request via socket...
[08:16]   [ComfyUI] [SubprocessWorker] call_id=2 sending call_method
[08:16]   [ComfyUI] [worker:ComfyUI-MotionCapture] INFO: ============================================================
[08:16]   [ComfyUI] [05/10 18:53:34][INFO] ============================================================
[08:16]   [ComfyUI] [worker:ComfyUI-MotionCapture] INFO: [GVHMRInference] Starting GVHMR inference with parameters:
[08:16]   [ComfyUI] [05/10 18:53:34][INFO] [GVHMRInference] Starting GVHMR inference with parameters:
[08:16]   [ComfyUI] [worker:ComfyUI-MotionCapture] INFO:   video:           312 frames @ (812, 720)
[08:16]   [ComfyUI] [05/10 18:53:34][INFO]   video:           312 frames @ (812, 720)
[08:16]   [ComfyUI] [worker:ComfyUI-MotionCapture] INFO:   video_mask:      312 frames @ (816, 720)
[08:16]   [ComfyUI] [05/10 18:53:34][INFO]   video_mask:      312 frames @ (816, 720)
[08:16]   [ComfyUI] [worker:ComfyUI-MotionCapture] INFO:   moving_camera:   False
[08:16]   [ComfyUI] [05/10 18:53:34][INFO]   moving_camera:   False
[08:16]   [ComfyUI] [worker:ComfyUI-MotionCapture] INFO:   focal_length_mm: 0
[08:16]   [ComfyUI] [05/10 18:53:34][INFO]   focal_length_mm: 0
[08:16]   [ComfyUI] [worker:ComfyUI-MotionCapture] INFO:   bbox_scale:      1.2
[08:16]   [ComfyUI] [05/10 18:53:34][INFO]   bbox_scale:      1.2
[08:16]   [ComfyUI] [worker:ComfyUI-MotionCapture] INFO:   vo_method:       simple_vo
[08:16]   [ComfyUI] [05/10 18:53:34][INFO]   vo_method:       simple_vo
[08:16]   [ComfyUI] [worker:ComfyUI-MotionCapture] INFO:   vo_scale:        0.5
[08:16]   [ComfyUI] [05/10 18:53:34][INFO]   vo_scale:        0.5
[08:16]   [ComfyUI] [worker:ComfyUI-MotionCapture] INFO:   vo_step:         8
[08:16]   [ComfyUI] [05/10 18:53:34][INFO]   vo_step:         8
[08:16]   [ComfyUI] [worker:ComfyUI-MotionCapture] INFO:   intrinsics:      None
[08:16]   [ComfyUI] [05/10 18:53:34][INFO]   intrinsics:      None
[08:16]   [ComfyUI] [worker:ComfyUI-MotionCapture] INFO:   chunk_size:      32
[08:16]   [ComfyUI] [05/10 18:53:34][INFO]   chunk_size:      32
[08:16]   [ComfyUI] [worker:ComfyUI-MotionCapture] INFO:   config keys:     ['models_dir', 'gvhmr_path', 'vitpose_path', 'hmr2_path', 'body_models_path', 'precision', 'attention', 'dpvo_dir']
[08:16]   [ComfyUI] [05/10 18:53:34][INFO]   config keys:     ['models_dir', 'gvhmr_path', 'vitpose_path', 'hmr2_path', 'body_models_path', 'precision', 'attention', 'dpvo_dir']
[08:16]   [ComfyUI] [worker:ComfyUI-MotionCapture] INFO:   dpvo_dir:
[08:16]   [ComfyUI] [05/10 18:53:34][INFO]   dpvo_dir:
[08:16]   [ComfyUI] [worker:ComfyUI-MotionCapture] INFO: ============================================================
[08:16]   [ComfyUI] [05/10 18:53:34][INFO] ============================================================
[08:16]   [ComfyUI] [worker:ComfyUI-MotionCapture] INFO: [Memory] Start of run_inference: (unable to read /proc/self/status)
[08:16]   [ComfyUI] [05/10 18:53:34][INFO] [Memory] Start of run_inference: (unable to read /proc/self/status)
[08:16]   [ComfyUI] [worker:ComfyUI-MotionCapture] INFO: Using pytorch attention
[08:16]   [ComfyUI] [05/10 18:53:34][INFO] Using pytorch attention
[08:17]   Frame 22 saved (frame_021.jpg, t=70.5s)
[08:17]   [capture-periodic] freeze=4ms shot=142ms unfreeze=5ms saved=True
[08:17]   [ComfyUI] [worker:ComfyUI-MotionCapture] INFO: [GVHMRInference] Loading GVHMR models...
[08:17]   [ComfyUI] [05/10 18:53:35][INFO] [GVHMRInference] Loading GVHMR models...
[08:17]   [ComfyUI] [worker:ComfyUI-MotionCapture] INFO: [GVHMRInference] Precision: torch.bfloat16
[08:17]   [ComfyUI] [05/10 18:53:35][INFO] [GVHMRInference] Precision: torch.bfloat16
[08:17]   [ComfyUI] [worker:ComfyUI-MotionCapture] INFO: [GVHMRInference] Loading GVHMR from C:\workspaces\MotionCapture-1845\portable-comfyui\ComfyUI_windows_portable\ComfyUI\models\motion_capture\gvhmr.safetensors...
[08:17]   [ComfyUI] [05/10 18:53:35][INFO] [GVHMRInference] Loading GVHMR from C:\workspaces\MotionCapture-1845\portable-comfyui\ComfyUI_windows_portable\ComfyUI\models\motion_capture\gvhmr.safetensors...
[08:17]   [ComfyUI] [worker:ComfyUI-MotionCapture] INFO: [EnDecoder] Use MM_V1_AMASS_LOCAL_BEDLAM_CAM for statistics!
[08:17]   [ComfyUI] [05/10 18:53:35][INFO] [EnDecoder] Use MM_V1_AMASS_LOCAL_BEDLAM_CAM for statistics!
[08:18]   [ComfyUI] C:\workspaces\MotionCapture-1845\portable-comfyui\ComfyUI_windows_portable\ComfyUI\.ce\.pixi\envs\motioncapture-nodes\Lib\site-packages\numpy\lib\_format_impl.py:838: VisibleDeprecationWarning: dtype(): align should be passed as Python or NumPy boolean but got `align=0`. Did you mean to pass a tuple to create a subarray type? (Deprecated NumPy 2.4)
[08:18]   [ComfyUI]   array = pickle.load(fp, **pickle_kwargs)
[08:18]   [ComfyUI] C:\workspaces\MotionCapture-1845\portable-comfyui\ComfyUI_windows_portable\ComfyUI\.ce\.pixi\envs\motioncapture-nodes\Lib\site-packages\torch\utils\_device.py:116: UserWarning: Sparse invariant checks are implicitly disabled. Memory errors (e.g. SEGFAULT) will occur when operating on a sparse tensor which violates the invariants, but checks incur performance overhead. To silence this warning, explicitly opt in or out. See `torch.sparse.check_sparse_tensor_invariants.__doc__` for guidance.  (Triggered internally at C:\actions-runner\_work\pytorch\pytorch\pytorch\aten\src\ATen\Context.cpp:767.)
[08:18]   [ComfyUI]   return func(*args, **kwargs)
[08:19]   [ComfyUI] [worker:ComfyUI-MotionCapture] INFO: [PL-Trainer] Loading ckpt type: C:\workspaces\MotionCapture-1845\portable-comfyui\ComfyUI_windows_portable\ComfyUI\models\motion_capture\gvhmr.safetensors
[08:19]   [ComfyUI] [05/10 18:53:37][INFO] [PL-Trainer] Loading ckpt type: C:\workspaces\MotionCapture-1845\portable-comfyui\ComfyUI_windows_portable\ComfyUI\models\motion_capture\gvhmr.safetensors
[08:19]   [ComfyUI] [worker:ComfyUI-MotionCapture] INFO: [GVHMRInference] Initializing ViTPose extractor...
[08:19]   [ComfyUI] [05/10 18:53:37][INFO] [GVHMRInference] Initializing ViTPose extractor...
[08:19]   [capture-loop] iter=550 t=72.4s state={'complete': False, 'error': None, 'executedCount': 0, 'wsState': 1} eval_ms=7 ram=12.4/31.9GB (39%) swap=1.2/10.5GB (12%) cpu=17% browser_rss=0.65GB
[08:19]   [ComfyUI] [worker:ComfyUI-MotionCapture] INFO: [GVHMRInference] Initializing feature extractor...
[08:19]   [ComfyUI] [05/10 18:53:37][INFO] [GVHMRInference] Initializing feature extractor...
[08:20]   [ComfyUI] [worker:ComfyUI-MotionCapture] INFO: [Memory] After all models loaded: (unable to read /proc/self/status)
[08:20]   [ComfyUI] [05/10 18:53:38][INFO] [Memory] After all models loaded: (unable to read /proc/self/status)
[08:20]   [ComfyUI] [worker:ComfyUI-MotionCapture] INFO: [GVHMRInference] All models loaded successfully!
[08:20]   [ComfyUI] [05/10 18:53:38][INFO] [GVHMRInference] All models loaded successfully!
[08:20]   [ComfyUI] [worker:ComfyUI-MotionCapture] INFO: [GVHMRInference] Video: 312 frames @ 812x720
[08:20]   [ComfyUI] [05/10 18:53:38][INFO] [GVHMRInference] Video: 312 frames @ 812x720
[08:20]   [ComfyUI] [worker:ComfyUI-MotionCapture] INFO: [GVHMRInference] Mask: 312 frames @ 816x720
[08:20]   [ComfyUI] [05/10 18:53:38][INFO] [GVHMRInference] Mask: 312 frames @ 816x720
[08:20]   [ComfyUI] [worker:ComfyUI-MotionCapture] INFO: [GVHMRInference] Processing 312 frames, static_camera=True
[08:20]   [ComfyUI] [05/10 18:53:38][INFO] [GVHMRInference] Processing 312 frames, static_camera=True
[08:20]   [ComfyUI] [worker:ComfyUI-MotionCapture] INFO: [Memory] Start of prepare_data_from_videos: (unable to read /proc/self/status)
[08:21]   [ComfyUI] [05/10 18:53:38][INFO] [Memory] Start of prepare_data_from_videos: (unable to read /proc/self/status)
[08:21]   [ComfyUI] [worker:ComfyUI-MotionCapture] INFO: [GVHMRInference] Phase 1: Extracting bounding boxes from mask video...
[08:21]   [ComfyUI] [05/10 18:53:38][INFO] [GVHMRInference] Phase 1: Extracting bounding boxes from mask video...
[08:26]   [capture-loop] iter=600 t=78.9s state={'complete': False, 'error': None, 'executedCount': 0, 'wsState': 1} eval_ms=4 ram=14.1/31.9GB (44%) swap=1.2/10.5GB (12%) cpu=14% browser_rss=0.65GB
[08:26]   [ComfyUI] [worker:ComfyUI-MotionCapture] INFO: [GVHMRInference] Extracted 312 bounding boxes
[08:26]   [ComfyUI] [05/10 18:53:44][INFO] [GVHMRInference] Extracted 312 bounding boxes
[08:26]   [ComfyUI] [worker:ComfyUI-MotionCapture] INFO: [Memory] After bbox extraction from mask video: (unable to read /proc/self/status)
[08:26]   [ComfyUI] [05/10 18:53:44][INFO] [Memory] After bbox extraction from mask video: (unable to read /proc/self/status)
[08:26]   [ComfyUI] [worker:ComfyUI-MotionCapture] WARNING: [GVHMRInference] Mask resolution (816x720) != video resolution (812x720). Scaling bboxes.
[08:26]   [ComfyUI] [05/10 18:53:44][WARNING] [GVHMRInference] Mask resolution (816x720) != video resolution (812x720). Scaling bboxes.
[08:26]   [ComfyUI] [worker:ComfyUI-MotionCapture] INFO: [GVHMRInference] bboxes_xyxy: torch.Size([312, 4]), bbx_xys: torch.Size([312, 3])
[08:26]   [ComfyUI] [05/10 18:53:44][INFO] [GVHMRInference] bboxes_xyxy: torch.Size([312, 4]), bbx_xys: torch.Size([312, 3])
[08:26]   [ComfyUI] [SubprocessWorker] callback 'request_vram_budget' from call_id=2
[08:26]   [ComfyUI] [comfy-env] VRAM request: 1.27GB, free before eviction: 11.79GB
[08:26]   [ComfyUI] [comfy-env] VRAM after eviction: 11.79GB
[08:26]   [ComfyUI] [worker:ComfyUI-MotionCapture] INFO: Requested to load VitPoseModel
[08:26]   [ComfyUI] [05/10 18:53:44][INFO] Requested to load VitPoseModel
[08:26]   [ComfyUI] [worker:ComfyUI-MotionCapture] [VRAM] +312MB (now 312MB) reserved=320MB peak=312MB
[08:27]   [ComfyUI] [worker:ComfyUI-MotionCapture] INFO: loaded completely; 9825.80 MB usable, 1214.91 MB loaded, full load: True
[08:27]   [ComfyUI] [05/10 18:53:45][INFO] loaded completely; 9825.80 MB usable, 1214.91 MB loaded, full load: True
[08:27]   [ComfyUI] [worker:ComfyUI-MotionCapture] INFO: [Memory] ViTPose on GPU: (unable to read /proc/self/status)
[08:27]   [ComfyUI] [05/10 18:53:45][INFO] [Memory] ViTPose on GPU: (unable to read /proc/self/status)
[08:27]   [ComfyUI] [worker:ComfyUI-MotionCapture] INFO: [GVHMRInference] Pass 1/2 (ViTPose): 312 frames in chunks of 32...
[08:27]   [ComfyUI] [05/10 18:53:45][INFO] [GVHMRInference] Pass 1/2 (ViTPose): 312 frames in chunks of 32...
[08:27]   [ComfyUI] [worker:ComfyUI-MotionCapture] [VRAM] +902MB (now 1215MB) reserved=1216MB peak=1215MB
[08:27]   [ComfyUI] [worker:ComfyUI-MotionCapture] INFO: [GVHMRInference] ViTPose chunk [0:32] (32 frames)
[08:27]   [ComfyUI] [05/10 18:53:45][INFO] [GVHMRInference] ViTPose chunk [0:32] (32 frames)
[08:29]   [ComfyUI] [SubprocessWorker] callback 'report_progress' from call_id=2
[08:29]   [ComfyUI] [SubprocessWorker] callback 'report_progress' from call_id=2
[08:30]   [ComfyUI] [SubprocessWorker] callback 'report_progress' from call_id=2
[08:30]   [ComfyUI] [SubprocessWorker] callback 'report_progress' from call_id=2
[08:30]   [ComfyUI] [worker:ComfyUI-MotionCapture] INFO: [Memory] After ViTPose chunk [0:32]: (unable to read /proc/self/status)
[08:30]   [ComfyUI] [05/10 18:53:48][INFO] [Memory] After ViTPose chunk [0:32]: (unable to read /proc/self/status)
[08:31]   Frame 23 saved (frame_022.jpg, t=83.7s)
[08:31]   [capture-periodic] freeze=4ms shot=141ms unfreeze=5ms saved=True
[08:31]   [ComfyUI] [worker:ComfyUI-MotionCapture] INFO: [GVHMRInference] ViTPose chunk [32:64] (32 frames)
[08:31]   [ComfyUI] [05/10 18:53:49][INFO] [GVHMRInference] ViTPose chunk [32:64] (32 frames)
[08:31]   [ComfyUI] [SubprocessWorker] callback 'report_progress' from call_id=2
[08:31]   [ComfyUI] [SubprocessWorker] callback 'report_progress' from call_id=2
[08:31]   [ComfyUI] [SubprocessWorker] callback 'report_progress' from call_id=2
[08:32]   [ComfyUI] [SubprocessWorker] callback 'report_progress' from call_id=2
[08:32]   [ComfyUI] [worker:ComfyUI-MotionCapture] INFO: [Memory] After ViTPose chunk [32:64]: (unable to read /proc/self/status)
[08:32]   [ComfyUI] [05/10 18:53:50][INFO] [Memory] After ViTPose chunk [32:64]: (unable to read /proc/self/status)
[08:32]   [capture-loop] iter=650 t=85.4s state={'complete': False, 'error': None, 'executedCount': 0, 'wsState': 1} eval_ms=4 ram=11.0/31.9GB (34%) swap=1.2/10.5GB (12%) cpu=24% browser_rss=0.65GB
[08:32]   [ComfyUI] [worker:ComfyUI-MotionCapture] INFO: [GVHMRInference] ViTPose chunk [64:96] (32 frames)
[08:32]   [ComfyUI] [05/10 18:53:50][INFO] [GVHMRInference] ViTPose chunk [64:96] (32 frames)
[08:33]   [ComfyUI] [SubprocessWorker] callback 'report_progress' from call_id=2
[08:33]   Frame 24 saved (frame_023.jpg, t=86.0s)
[08:33]   [capture-periodic] freeze=5ms shot=156ms unfreeze=5ms saved=True
[08:33]   [ComfyUI] [SubprocessWorker] callback 'report_progress' from call_id=2
[08:33]   [ComfyUI] [SubprocessWorker] callback 'report_progress' from call_id=2
[08:33]   [ComfyUI] [SubprocessWorker] callback 'report_progress' from call_id=2
[08:34]   [ComfyUI] [worker:ComfyUI-MotionCapture] INFO: [Memory] After ViTPose chunk [64:96]: (unable to read /proc/self/status)
[08:34]   [ComfyUI] [05/10 18:53:52][INFO] [Memory] After ViTPose chunk [64:96]: (unable to read /proc/self/status)
[08:34]   [ComfyUI] [worker:ComfyUI-MotionCapture] INFO: [GVHMRInference] ViTPose chunk [96:128] (32 frames)
[08:34]   [ComfyUI] [05/10 18:53:52][INFO] [GVHMRInference] ViTPose chunk [96:128] (32 frames)
[08:34]   [ComfyUI] [SubprocessWorker] callback 'report_progress' from call_id=2
[08:35]   [ComfyUI] [SubprocessWorker] callback 'report_progress' from call_id=2
[08:35]   [ComfyUI] [SubprocessWorker] callback 'report_progress' from call_id=2
[08:35]   [ComfyUI] [SubprocessWorker] callback 'report_progress' from call_id=2
[08:35]   Frame 25 saved (frame_024.jpg, t=88.2s)
[08:35]   [capture-periodic] freeze=6ms shot=203ms unfreeze=9ms saved=True
[08:35]   [ComfyUI] [worker:ComfyUI-MotionCapture] INFO: [Memory] After ViTPose chunk [96:128]: (unable to read /proc/self/status)
[08:35]   [ComfyUI] [05/10 18:53:53][INFO] [Memory] After ViTPose chunk [96:128]: (unable to read /proc/self/status)
[08:36]   [ComfyUI] [worker:ComfyUI-MotionCapture] INFO: [GVHMRInference] ViTPose chunk [128:160] (32 frames)
[08:36]   [ComfyUI] [05/10 18:53:54][INFO] [GVHMRInference] ViTPose chunk [128:160] (32 frames)
[08:36]   [ComfyUI] [SubprocessWorker] callback 'report_progress' from call_id=2
[08:36]   [ComfyUI] [SubprocessWorker] callback 'report_progress' from call_id=2
[08:36]   [ComfyUI] [SubprocessWorker] callback 'report_progress' from call_id=2
[08:37]   [ComfyUI] [SubprocessWorker] callback 'report_progress' from call_id=2
[08:37]   [ComfyUI] [worker:ComfyUI-MotionCapture] INFO: [Memory] After ViTPose chunk [128:160]: (unable to read /proc/self/status)
[08:37]   [ComfyUI] [05/10 18:53:55][INFO] [Memory] After ViTPose chunk [128:160]: (unable to read /proc/self/status)
[08:37]   Frame 26 saved (frame_025.jpg, t=90.6s)
[08:37]   [capture-periodic] freeze=4ms shot=141ms unfreeze=5ms saved=True
[08:38]   [ComfyUI] [worker:ComfyUI-MotionCapture] INFO: [GVHMRInference] ViTPose chunk [160:192] (32 frames)
[08:38]   [ComfyUI] [05/10 18:53:55][INFO] [GVHMRInference] ViTPose chunk [160:192] (32 frames)
[08:38]   [ComfyUI] [SubprocessWorker] callback 'report_progress' from call_id=2
[08:38]   [ComfyUI] [SubprocessWorker] callback 'report_progress' from call_id=2
[08:38]   [ComfyUI] [SubprocessWorker] callback 'report_progress' from call_id=2
[08:38]   [ComfyUI] [SubprocessWorker] callback 'report_progress' from call_id=2
[08:39]   [capture-loop] iter=700 t=92.1s state={'complete': False, 'error': None, 'executedCount': 0, 'wsState': 1} eval_ms=5 ram=10.9/31.9GB (34%) swap=1.2/10.5GB (12%) cpu=36% browser_rss=0.65GB
[08:39]   [ComfyUI] [worker:ComfyUI-MotionCapture] INFO: [Memory] After ViTPose chunk [160:192]: (unable to read /proc/self/status)
[08:39]   [ComfyUI] [05/10 18:53:57][INFO] [Memory] After ViTPose chunk [160:192]: (unable to read /proc/self/status)
[08:39]   [ComfyUI] [worker:ComfyUI-MotionCapture] INFO: [GVHMRInference] ViTPose chunk [192:224] (32 frames)
[08:39]   [ComfyUI] [05/10 18:53:57][INFO] [GVHMRInference] ViTPose chunk [192:224] (32 frames)
[08:40]   [ComfyUI] [SubprocessWorker] callback 'report_progress' from call_id=2
[08:40]   Frame 27 saved (frame_026.jpg, t=92.8s)
[08:40]   [capture-periodic] freeze=5ms shot=169ms unfreeze=6ms saved=True
[08:40]   [ComfyUI] [SubprocessWorker] callback 'report_progress' from call_id=2
[08:40]   [ComfyUI] [SubprocessWorker] callback 'report_progress' from call_id=2
[08:40]   [ComfyUI] [SubprocessWorker] callback 'report_progress' from call_id=2
[08:40]   [ComfyUI] [worker:ComfyUI-MotionCapture] INFO: [Memory] After ViTPose chunk [192:224]: (unable to read /proc/self/status)
[08:41]   [ComfyUI] [05/10 18:53:58][INFO] [Memory] After ViTPose chunk [192:224]: (unable to read /proc/self/status)
[08:41]   [ComfyUI] [worker:ComfyUI-MotionCapture] INFO: [GVHMRInference] ViTPose chunk [224:256] (32 frames)
[08:41]   [ComfyUI] [05/10 18:53:59][INFO] [GVHMRInference] ViTPose chunk [224:256] (32 frames)
[08:41]   [ComfyUI] [SubprocessWorker] callback 'report_progress' from call_id=2
[08:41]   [ComfyUI] [SubprocessWorker] callback 'report_progress' from call_id=2
[08:42]   [ComfyUI] [SubprocessWorker] callback 'report_progress' from call_id=2
[08:42]   [ComfyUI] [SubprocessWorker] callback 'report_progress' from call_id=2
[08:42]   Frame 28 saved (frame_027.jpg, t=95.1s)
[08:42]   [capture-periodic] freeze=6ms shot=176ms unfreeze=11ms saved=True
[08:42]   [ComfyUI] [worker:ComfyUI-MotionCapture] INFO: [Memory] After ViTPose chunk [224:256]: (unable to read /proc/self/status)
[08:42]   [ComfyUI] [05/10 18:54:00][INFO] [Memory] After ViTPose chunk [224:256]: (unable to read /proc/self/status)
[08:43]   [ComfyUI] [worker:ComfyUI-MotionCapture] INFO: [GVHMRInference] ViTPose chunk [256:288] (32 frames)
[08:43]   [ComfyUI] [05/10 18:54:01][INFO] [GVHMRInference] ViTPose chunk [256:288] (32 frames)
[08:43]   [ComfyUI] [SubprocessWorker] callback 'report_progress' from call_id=2
[08:43]   [ComfyUI] [SubprocessWorker] callback 'report_progress' from call_id=2
[08:43]   [ComfyUI] [SubprocessWorker] callback 'report_progress' from call_id=2
[08:44]   [ComfyUI] [SubprocessWorker] callback 'report_progress' from call_id=2
[08:44]   [ComfyUI] [worker:ComfyUI-MotionCapture] INFO: [Memory] After ViTPose chunk [256:288]: (unable to read /proc/self/status)
[08:44]   [ComfyUI] [05/10 18:54:02][INFO] [Memory] After ViTPose chunk [256:288]: (unable to read /proc/self/status)
[08:44]   [ComfyUI] [worker:ComfyUI-MotionCapture] INFO: [GVHMRInference] ViTPose chunk [288:312] (24 frames)
[08:44]   [ComfyUI] [05/10 18:54:02][INFO] [GVHMRInference] ViTPose chunk [288:312] (24 frames)
[08:44]   Frame 29 saved (frame_028.jpg, t=97.4s)
[08:44]   [capture-periodic] freeze=4ms shot=144ms unfreeze=9ms saved=True
[08:44]   [ComfyUI] [SubprocessWorker] callback 'report_progress' from call_id=2
[08:45]   [ComfyUI] [SubprocessWorker] callback 'report_progress' from call_id=2
[08:45]   [ComfyUI] [SubprocessWorker] callback 'report_progress' from call_id=2
[08:45]   [ComfyUI] [worker:ComfyUI-MotionCapture] INFO: [Memory] After ViTPose chunk [288:312]: (unable to read /proc/self/status)
[08:45]   [ComfyUI] [05/10 18:54:03][INFO] [Memory] After ViTPose chunk [288:312]: (unable to read /proc/self/status)
[08:45]   [ComfyUI] [SubprocessWorker] callback 'request_vram_budget' from call_id=2
[08:45]   [ComfyUI] [comfy-env] VRAM request: 1.34GB, free before eviction: 11.79GB
[08:45]   [ComfyUI] [comfy-env] VRAM after eviction: 11.79GB
[08:45]   [ComfyUI] [worker:ComfyUI-MotionCapture] INFO: Requested to load HMR2
[08:45]   [ComfyUI] [05/10 18:54:03][INFO] Requested to load HMR2
[08:45]   [ComfyUI] [worker:ComfyUI-MotionCapture] [VRAM] +371MB (now 1587MB) reserved=1600MB peak=1587MB
[08:46]   [capture-loop] iter=750 t=98.8s state={'complete': False, 'error': None, 'executedCount': 0, 'wsState': 1} eval_ms=5 ram=10.4/31.9GB (33%) swap=1.2/10.5GB (12%) cpu=33% browser_rss=0.65GB
[08:46]   [ComfyUI] [worker:ComfyUI-MotionCapture] INFO: loaded completely; 8555.29 MB usable, 1278.33 MB loaded, full load: True
[08:46]   [ComfyUI] [05/10 18:54:04][INFO] loaded completely; 8555.29 MB usable, 1278.33 MB loaded, full load: True
[08:46]   [ComfyUI] [worker:ComfyUI-MotionCapture] INFO: [Memory] HMR2 on GPU: (unable to read /proc/self/status)
[08:46]   [ComfyUI] [05/10 18:54:04][INFO] [Memory] HMR2 on GPU: (unable to read /proc/self/status)
[08:46]   [ComfyUI] [worker:ComfyUI-MotionCapture] INFO: [GVHMRInference] Pass 2/2 (HMR2): 10 chunks...
[08:46]   [ComfyUI] [05/10 18:54:04][INFO] [GVHMRInference] Pass 2/2 (HMR2): 10 chunks...
[08:46]   [ComfyUI] [worker:ComfyUI-MotionCapture] INFO: [GVHMRInference] HMR2 chunk 1/10
[08:46]   [ComfyUI] [05/10 18:54:04][INFO] [GVHMRInference] HMR2 chunk 1/10
[08:46]   [ComfyUI] [SubprocessWorker] callback 'report_progress' from call_id=2
[08:46]   [ComfyUI] [SubprocessWorker] callback 'report_progress' from call_id=2
[08:46]   [ComfyUI] [SubprocessWorker] callback 'report_progress' from call_id=2
[08:46]   [ComfyUI] [SubprocessWorker] callback 'report_progress' from call_id=2
[08:47]   [ComfyUI] [worker:ComfyUI-MotionCapture] INFO: [GVHMRInference] HMR2 chunk 2/10
[08:47]   [ComfyUI] [worker:ComfyUI-MotionCapture] [VRAM] +916MB (now 2503MB) reserved=2592MB peak=2517MB
[08:47]   [ComfyUI] [05/10 18:54:05][INFO] [GVHMRInference] HMR2 chunk 2/10
[08:47]   Frame 30 saved (frame_029.jpg, t=99.7s)
[08:47]   [capture-periodic] freeze=6ms shot=172ms unfreeze=4ms saved=True
[08:47]   [ComfyUI] [SubprocessWorker] callback 'report_progress' from call_id=2
[08:47]   [ComfyUI] [SubprocessWorker] callback 'report_progress' from call_id=2
[08:47]   [ComfyUI] [SubprocessWorker] callback 'report_progress' from call_id=2
[08:47]   [ComfyUI] [SubprocessWorker] callback 'report_progress' from call_id=2
[08:47]   [ComfyUI] [worker:ComfyUI-MotionCapture] INFO: [GVHMRInference] HMR2 chunk 3/10
[08:47]   [ComfyUI] [05/10 18:54:05][INFO] [GVHMRInference] HMR2 chunk 3/10
[08:47]   [ComfyUI] [SubprocessWorker] callback 'report_progress' from call_id=2
[08:47]   [ComfyUI] [SubprocessWorker] callback 'report_progress' from call_id=2
[08:47]   [ComfyUI] [SubprocessWorker] callback 'report_progress' from call_id=2
[08:48]   [ComfyUI] [SubprocessWorker] callback 'report_progress' from call_id=2
[08:48]   [ComfyUI] [worker:ComfyUI-MotionCapture] INFO: [GVHMRInference] HMR2 chunk 4/10
[08:48]   [ComfyUI] [05/10 18:54:06][INFO] [GVHMRInference] HMR2 chunk 4/10
[08:48]   [ComfyUI] [SubprocessWorker] callback 'report_progress' from call_id=2
[08:48]   [ComfyUI] [SubprocessWorker] callback 'report_progress' from call_id=2
[08:48]   [ComfyUI] [SubprocessWorker] callback 'report_progress' from call_id=2
[08:48]   [ComfyUI] [SubprocessWorker] callback 'report_progress' from call_id=2
[08:48]   [ComfyUI] [worker:ComfyUI-MotionCapture] INFO: [GVHMRInference] HMR2 chunk 5/10
[08:48]   [ComfyUI] [05/10 18:54:06][INFO] [GVHMRInference] HMR2 chunk 5/10
[08:48]   [ComfyUI] [SubprocessWorker] callback 'report_progress' from call_id=2
[08:49]   [ComfyUI] [SubprocessWorker] callback 'report_progress' from call_id=2
[08:49]   [ComfyUI] [SubprocessWorker] callback 'report_progress' from call_id=2
[08:49]   [ComfyUI] [SubprocessWorker] callback 'report_progress' from call_id=2
[08:49]   Frame 31 saved (frame_030.jpg, t=102.0s)
[08:49]   [capture-periodic] freeze=9ms shot=218ms unfreeze=6ms saved=True
[08:49]   [ComfyUI] [worker:ComfyUI-MotionCapture] INFO: [GVHMRInference] HMR2 chunk 6/10
[08:49]   [ComfyUI] [05/10 18:54:07][INFO] [GVHMRInference] HMR2 chunk 6/10
[08:49]   [ComfyUI] [SubprocessWorker] callback 'report_progress' from call_id=2
[08:49]   [ComfyUI] [SubprocessWorker] callback 'report_progress' from call_id=2
[08:49]   [ComfyUI] [SubprocessWorker] callback 'report_progress' from call_id=2
[08:49]   [ComfyUI] [SubprocessWorker] callback 'report_progress' from call_id=2
[08:50]   [ComfyUI] [worker:ComfyUI-MotionCapture] INFO: [GVHMRInference] HMR2 chunk 7/10
[08:50]   [ComfyUI] [05/10 18:54:08][INFO] [GVHMRInference] HMR2 chunk 7/10
[08:50]   [ComfyUI] [SubprocessWorker] callback 'report_progress' from call_id=2
[08:50]   [ComfyUI] [SubprocessWorker] callback 'report_progress' from call_id=2
[08:50]   [ComfyUI] [SubprocessWorker] callback 'report_progress' from call_id=2
[08:50]   [ComfyUI] [SubprocessWorker] callback 'report_progress' from call_id=2
[08:50]   [ComfyUI] [worker:ComfyUI-MotionCapture] INFO: [GVHMRInference] HMR2 chunk 8/10
[08:50]   [ComfyUI] [05/10 18:54:08][INFO] [GVHMRInference] HMR2 chunk 8/10
[08:50]   [ComfyUI] [SubprocessWorker] callback 'report_progress' from call_id=2
[08:50]   [ComfyUI] [SubprocessWorker] callback 'report_progress' from call_id=2
[08:50]   [ComfyUI] [SubprocessWorker] callback 'report_progress' from call_id=2
[08:51]   [ComfyUI] [SubprocessWorker] callback 'report_progress' from call_id=2
[08:51]   [ComfyUI] [worker:ComfyUI-MotionCapture] INFO: [GVHMRInference] HMR2 chunk 9/10
[08:51]   [ComfyUI] [05/10 18:54:09][INFO] [GVHMRInference] HMR2 chunk 9/10
[08:51]   [ComfyUI] [SubprocessWorker] callback 'report_progress' from call_id=2
[08:51]   [ComfyUI] [SubprocessWorker] callback 'report_progress' from call_id=2
[08:51]   [ComfyUI] [SubprocessWorker] callback 'report_progress' from call_id=2
[08:51]   [ComfyUI] [SubprocessWorker] callback 'report_progress' from call_id=2
[08:51]   Frame 32 saved (frame_031.jpg, t=104.3s)
[08:51]   [capture-periodic] freeze=15ms shot=198ms unfreeze=6ms saved=True
[08:51]   [ComfyUI] [worker:ComfyUI-MotionCapture] INFO: [GVHMRInference] HMR2 chunk 10/10
[08:51]   [ComfyUI] [05/10 18:54:09][INFO] [GVHMRInference] HMR2 chunk 10/10
[08:51]   [ComfyUI] [SubprocessWorker] callback 'report_progress' from call_id=2
[08:52]   [ComfyUI] [SubprocessWorker] callback 'report_progress' from call_id=2
[08:52]   [ComfyUI] [SubprocessWorker] callback 'report_progress' from call_id=2
[08:52]   [ComfyUI] [worker:ComfyUI-MotionCapture] INFO: [Memory] After HMR2 pass: (unable to read /proc/self/status)
[08:52]   [ComfyUI] [05/10 18:54:10][INFO] [Memory] After HMR2 pass: (unable to read /proc/self/status)
[08:52]   [ComfyUI] [worker:ComfyUI-MotionCapture] INFO: [GVHMRInference] ViTPose complete: kp2d=torch.Size([312, 17, 3]) dtype=torch.float32
(30%) swap=1.2/10.5GB (12%) cpu=43% browser_rss=0.66GB
[08:52]   [ComfyUI] [05/10 18:54:10][INFO] [GVHMRInference] ViTPose complete: kp2d=torch.Size([312, 17, 3]) dtype=torch.float32
[08:52]   [ComfyUI] [worker:ComfyUI-MotionCapture] INFO: [GVHMRInference] HMR2 complete: f_imgseq=torch.Size([312, 1024]) dtype=torch.bfloat16
[08:52]   [ComfyUI] [05/10 18:54:10][INFO] [GVHMRInference] HMR2 complete: f_imgseq=torch.Size([312, 1024]) dtype=torch.bfloat16
[08:52]   [ComfyUI] [worker:ComfyUI-MotionCapture] INFO: [Memory] After all chunks processed: (unable to read /proc/self/status)
[08:52]   [ComfyUI] [05/10 18:54:10][INFO] [Memory] After all chunks processed: (unable to read /proc/self/status)
[08:52]   [ComfyUI] [worker:ComfyUI-MotionCapture] INFO: [GVHMRInference] Features offloaded to disk: C:\Users\ContainerAdministrator\AppData\Local\Temp\f_imgseq_8urd1e4z.safetensors
[08:52]   [ComfyUI] [05/10 18:54:10][INFO] [GVHMRInference] Features offloaded to disk: C:\Users\ContainerAdministrator\AppData\Local\Temp\f_imgseq_8urd1e4z.safetensors
[08:52]   [ComfyUI] [worker:ComfyUI-MotionCapture] INFO: [GVHMRInference] Auto-estimating camera intrinsics (53 deg FOV)
[08:52]   [ComfyUI] [05/10 18:54:10][INFO] [GVHMRInference] Auto-estimating camera intrinsics (53 deg FOV)
[08:52]   [ComfyUI] [worker:ComfyUI-MotionCapture] INFO: [GVHMRInference] Camera mode: STATIC (vo_method=simple_vo)
[08:53]   [ComfyUI] [05/10 18:54:10][INFO] [GVHMRInference] Camera mode: STATIC (vo_method=simple_vo)
[08:53]   [ComfyUI] [worker:ComfyUI-MotionCapture] INFO: [GVHMRInference] R_w2c: torch.Size([312, 3, 3]), t_w2c: None
[08:53]   [ComfyUI] [05/10 18:54:10][INFO] [GVHMRInference] R_w2c: torch.Size([312, 3, 3]), t_w2c: None
[08:53]   [ComfyUI] [worker:ComfyUI-MotionCapture] INFO: [GVHMRInference] cam_angvel: torch.Size([312, 6])
[08:53]   [ComfyUI] [05/10 18:54:10][INFO] [GVHMRInference] cam_angvel: torch.Size([312, 6])
[08:53]   [ComfyUI] [worker:ComfyUI-MotionCapture] INFO: [GVHMRInference] === Data dict summary ===
[08:53]   [ComfyUI] [05/10 18:54:10][INFO] [GVHMRInference] === Data dict summary ===
[08:53]   [ComfyUI] [worker:ComfyUI-MotionCapture] INFO: [GVHMRInference]   length: torch.Size([]) dtype=torch.int64
[08:53]   [ComfyUI] [05/10 18:54:11][INFO] [GVHMRInference]   length: torch.Size([]) dtype=torch.int64
[08:53]   [ComfyUI] [worker:ComfyUI-MotionCapture] INFO: [GVHMRInference]   bbx_xys: torch.Size([312, 3]) dtype=torch.float32
[08:53]   [ComfyUI] [05/10 18:54:11][INFO] [GVHMRInference]   bbx_xys: torch.Size([312, 3]) dtype=torch.float32
[08:53]   [ComfyUI] [worker:ComfyUI-MotionCapture] INFO: [GVHMRInference]   kp2d: torch.Size([312, 17, 3]) dtype=torch.float32
[08:53]   [ComfyUI] [05/10 18:54:11][INFO] [GVHMRInference]   kp2d: torch.Size([312, 17, 3]) dtype=torch.float32
[08:53]   [ComfyUI] [worker:ComfyUI-MotionCapture] INFO: [GVHMRInference]   K_fullimg: torch.Size([312, 3, 3]) dtype=torch.float32
[08:53]   [ComfyUI] [05/10 18:54:11][INFO] [GVHMRInference]   K_fullimg: torch.Size([312, 3, 3]) dtype=torch.float32
[08:53]   [ComfyUI] [worker:ComfyUI-MotionCapture] INFO: [GVHMRInference]   cam_angvel: torch.Size([312, 6]) dtype=torch.float32
[08:53]   [ComfyUI] [05/10 18:54:11][INFO] [GVHMRInference]   cam_angvel: torch.Size([312, 6]) dtype=torch.float32
[08:53]   [ComfyUI] [worker:ComfyUI-MotionCapture] INFO: [GVHMRInference]   f_imgseq: None
[08:53]   [ComfyUI] [05/10 18:54:11][INFO] [GVHMRInference]   f_imgseq: None
[08:53]   [ComfyUI] [worker:ComfyUI-MotionCapture] INFO: [GVHMRInference]   f_imgseq_path: str = C:\Users\ContainerAdministrator\AppData\Local\Temp\f_imgseq_8urd1e4z.safetensors
[08:53]   [ComfyUI] [05/10 18:54:11][INFO] [GVHMRInference]   f_imgseq_path: str = C:\Users\ContainerAdministrator\AppData\Local\Temp\f_imgseq_8urd1e4z.safetensors
[08:53]   [ComfyUI] [worker:ComfyUI-MotionCapture] INFO: [Memory] End of prepare_data_from_videos: (unable to read /proc/self/status)
[08:53]   [ComfyUI] [05/10 18:54:11][INFO] [Memory] End of prepare_data_from_videos: (unable to read /proc/self/status)
[08:53]   [ComfyUI] [worker:ComfyUI-MotionCapture] INFO: [GVHMRInference] Reloading features from disk...
[08:53]   [ComfyUI] [05/10 18:54:11][INFO] [GVHMRInference] Reloading features from disk...
[08:53]   [ComfyUI] [worker:ComfyUI-MotionCapture] INFO: [GVHMRInference] Features reloaded from disk
[08:53]   [ComfyUI] [05/10 18:54:11][INFO] [GVHMRInference] Features reloaded from disk
[08:53]   [ComfyUI] [SubprocessWorker] callback 'request_vram_budget' from call_id=2
[08:53]   [ComfyUI] [comfy-env] VRAM request: 0.08GB, free before eviction: 11.79GB
[08:53]   [ComfyUI] [comfy-env] VRAM after eviction: 11.79GB
[08:53]   [ComfyUI] [worker:ComfyUI-MotionCapture] INFO: Requested to load DemoPL
[08:53]   [ComfyUI] [05/10 18:54:11][INFO] Requested to load DemoPL
[08:53]   [ComfyUI] [worker:ComfyUI-MotionCapture] INFO: loaded completely; 7276.49 MB usable, 77.90 MB loaded, full load: True
[08:53]   [ComfyUI] [05/10 18:54:11][INFO] loaded completely; 7276.49 MB usable, 77.90 MB loaded, full load: True
[08:53]   [ComfyUI] [worker:ComfyUI-MotionCapture] INFO: [Memory] Before GVHMR predict: (unable to read /proc/self/status)
[08:53]   [ComfyUI] [05/10 18:54:11][INFO] [Memory] Before GVHMR predict: (unable to read /proc/self/status)
[08:53]   [ComfyUI] [worker:ComfyUI-MotionCapture] INFO: [GVHMRInference] Running GVHMR model (static_cam=True)...
[08:53]   [ComfyUI] [05/10 18:54:11][INFO] [GVHMRInference] Running GVHMR model (static_cam=True)...
[08:53]   [ComfyUI] [worker:ComfyUI-MotionCapture] INFO: [GVHMRInference] === Pre-predict data shapes ===
[08:53]   [ComfyUI] [05/10 18:54:11][INFO] [GVHMRInference] === Pre-predict data shapes ===
[08:53]   [ComfyUI] [worker:ComfyUI-MotionCapture] INFO: [GVHMRInference]   data[length]: torch.Size([]) dtype=torch.int64 device=cpu
[08:53]   [ComfyUI] [05/10 18:54:11][INFO] [GVHMRInference]   data[length]: torch.Size([]) dtype=torch.int64 device=cpu
[08:53]   [ComfyUI] [worker:ComfyUI-MotionCapture] INFO: [GVHMRInference]   data[bbx_xys]: torch.Size([312, 3]) dtype=torch.float32 device=cpu
[08:53]   [ComfyUI] [05/10 18:54:11][INFO] [GVHMRInference]   data[bbx_xys]: torch.Size([312, 3]) dtype=torch.float32 device=cpu
[08:53]   [ComfyUI] [worker:ComfyUI-MotionCapture] INFO: [GVHMRInference]   data[kp2d]: torch.Size([312, 17, 3]) dtype=torch.float32 device=cpu
[08:53]   [ComfyUI] [05/10 18:54:11][INFO] [GVHMRInference]   data[kp2d]: torch.Size([312, 17, 3]) dtype=torch.float32 device=cpu
[08:53]   [ComfyUI] [worker:ComfyUI-MotionCapture] INFO: [GVHMRInference]   data[K_fullimg]: torch.Size([312, 3, 3]) dtype=torch.float32 device=cpu
[08:53]   [ComfyUI] [05/10 18:54:11][INFO] [GVHMRInference]   data[K_fullimg]: torch.Size([312, 3, 3]) dtype=torch.float32 device=cpu
[08:53]   [ComfyUI] [worker:ComfyUI-MotionCapture] INFO: [GVHMRInference]   data[cam_angvel]: torch.Size([312, 6]) dtype=torch.float32 device=cpu
[08:53]   [ComfyUI] [05/10 18:54:11][INFO] [GVHMRInference]   data[cam_angvel]: torch.Size([312, 6]) dtype=torch.float32 device=cpu
[08:53]   [ComfyUI] [worker:ComfyUI-MotionCapture] INFO: [GVHMRInference]   data[f_imgseq]: torch.Size([312, 1024]) dtype=torch.bfloat16 device=cpu
[08:53]   [ComfyUI] [05/10 18:54:11][INFO] [GVHMRInference]   data[f_imgseq]: torch.Size([312, 1024]) dtype=torch.bfloat16 device=cpu
[08:53]   Frame 33 saved (frame_032.jpg, t=106.6s)
[08:53]   [capture-periodic] freeze=4ms shot=133ms unfreeze=5ms saved=True
[08:56]   [ComfyUI] [worker:ComfyUI-MotionCapture] INFO: [Memory] After GVHMR predict: (unable to read /proc/self/status)
[08:56]   [ComfyUI] [05/10 18:54:14][INFO] [Memory] After GVHMR predict: (unable to read /proc/self/status)
[08:56]   [ComfyUI] [worker:ComfyUI-MotionCapture] INFO: [GVHMRInference] Saved SMPL params to: C:\workspaces\MotionCapture-1845\portable-comfyui\ComfyUI_windows_portable\ComfyUI\output\smpl_params_0001.npz
[08:56]   [ComfyUI] [05/10 18:54:14][INFO] [GVHMRInference] Saved SMPL params to: C:\workspaces\MotionCapture-1845\portable-comfyui\ComfyUI_windows_portable\ComfyUI\output\smpl_params_0001.npz
[08:56]   [ComfyUI] [worker:ComfyUI-MotionCapture] INFO: [GVHMRInference] Inference complete!
[08:56]   [ComfyUI] [05/10 18:54:14][INFO] [GVHMRInference] Inference complete!
[08:56]   [ComfyUI] [worker:ComfyUI-MotionCapture] INFO: [Memory] Final (before return): (unable to read /proc/self/status)
[08:56]   [ComfyUI] [05/10 18:54:14][INFO] [Memory] Final (before return): (unable to read /proc/self/status)
[08:56]   [ComfyUI] [SubprocessWorker] got response: ok
[08:56]   [ComfyUI] [comfy-env] Created 3 model patchers: ['VitPoseModel_1', 'HMR2_2', 'DemoPL_3']
[08:56]   [ComfyUI] [comfy-env] GVHMRInference done (40.53s): result: NodeOutput
[08:56]   [ComfyUI] [VRAM] After GVHMRInference: 1042 / 12287 MB
[08:56]   [ComfyUI] [VRAM] Loaded: SubprocessModel (89 MB), SubprocessModel (1278 MB), SubprocessModel (1215 MB)
[08:56]   [ComfyUI] [comfy-env] Running SMPLViewer: npz_path: 'C:\\workspaces\\MotionCapture-1845\\portable-comfyui\\Co..., frame_skip: 1, mesh_color: '#4a9eff'
[08:56]   [ComfyUI] [VRAM] Before SMPLViewer: 1042 / 12287 MB
[08:56]   [ComfyUI] [VRAM] Loaded: SubprocessModel (89 MB), SubprocessModel (1278 MB), SubprocessModel (1215 MB)
[08:56]   [ComfyUI] [SubprocessWorker] call_method: nodes.viewer_node.SMPLViewer.EXECUTE_NORMALIZED
[08:56]   [ComfyUI] [SubprocessWorker] acquired lock, ensuring started...
[08:56]   [ComfyUI] [ComfyUI-MotionCapture] Health check: ping (timeout=5.0s)...
[08:56]   [ComfyUI] [ComfyUI-MotionCapture] Health check: ok
[08:56]   [ComfyUI] [SubprocessWorker] worker started/confirmed
[08:56]   [ComfyUI] [SubprocessWorker] serializing kwargs to shm...
[08:56]   [ComfyUI] [SubprocessWorker] created 0 shm blocks
[08:56]   [ComfyUI] [SubprocessWorker] sending request via socket...
[08:56]   [ComfyUI] [SubprocessWorker] call_id=3 sending call_method
[08:56]   [ComfyUI] [worker:ComfyUI-MotionCapture] INFO: [SMPLViewer] Generating 3D mesh data for visualization...
[08:56]   [ComfyUI] [05/10 18:54:14][INFO] [SMPLViewer] Generating 3D mesh data for visualization...
[08:56]   [ComfyUI] [worker:ComfyUI-MotionCapture] INFO: [SMPLViewer] Loading SMPL parameters from: C:\workspaces\MotionCapture-1845\portable-comfyui\ComfyUI_windows_portable\ComfyUI\output\smpl_params_0001.npz
[08:56]   [ComfyUI] [05/10 18:54:14][INFO] [SMPLViewer] Loading SMPL parameters from: C:\workspaces\MotionCapture-1845\portable-comfyui\ComfyUI_windows_portable\ComfyUI\output\smpl_params_0001.npz
[08:56]   [ComfyUI] [worker:ComfyUI-MotionCapture] INFO: [SMPLViewer] Processing 312 frames (skip=1)
[08:56]   [ComfyUI] [05/10 18:54:14][INFO] [SMPLViewer] Processing 312 frames (skip=1)
[08:58]   Frame 34 saved (frame_033.jpg, t=111.1s)
[08:58]   [capture-periodic] freeze=4ms shot=142ms unfreeze=5ms saved=True
[08:59]   [capture-loop] iter=850 t=111.9s state={'complete': False, 'error': None, 'executedCount': 0, 'wsState': 1} eval_ms=4 ram=10.0/31.9GB (31%) swap=1.2/10.5GB (12%) cpu=7% browser_rss=0.66GB
[09:02]   [ComfyUI] [worker:ComfyUI-MotionCapture] INFO: [SMPLViewer] Generated mesh: 312 frames, 6890 vertices, 13776 faces
[09:02]   [ComfyUI] [05/10 18:54:20][INFO] [SMPLViewer] Generated mesh: 312 frames, 6890 vertices, 13776 faces
[09:02]   [ComfyUI] [worker:ComfyUI-MotionCapture] INFO: [SMPLViewer] Wrote smpl_mesh_0001.bin (24.8 MB)
[09:02]   [ComfyUI] [05/10 18:54:20][INFO] [SMPLViewer] Wrote smpl_mesh_0001.bin (24.8 MB)
[09:02]   [ComfyUI] [SubprocessWorker] got response: ok
[09:02]   [ComfyUI] [comfy-env] Created 1 model patchers: ['SMPLX_4']
[09:02]   [ComfyUI] [comfy-env] SMPLViewer done (5.77s): result: NodeOutput
[09:02]   [ComfyUI] [VRAM] After SMPLViewer: 1042 / 12287 MB
[09:02]   [ComfyUI] [VRAM] Loaded: SubprocessModel (65 MB), SubprocessModel (89 MB), SubprocessModel (1278 MB), SubprocessModel (1215 MB)
[09:02]   [ComfyUI] Prompt executed in 114.87 seconds
[09:02]   Node executed (1 total), capturing...
[09:02]   Frame 35 saved (frame_034.jpg, t=115.4s)
[09:02]   [capture-node] freeze=4ms shot=138ms unfreeze=0ms saved=True
[09:02]   Execution complete (t=115.4s)
[09:03]   Captured 35 unique frames over 115.82s
[09:03]   [debug] iframes: 0
[09:03]   [timing] trigger_3d_previews: 0.0s
[09:05]   Saved high-quality screenshot: GVHMR_executed.png
[09:05]   [timing] final_screenshot: 0.4s
[09:05]   [ComfyUI] [comfy-env] [VRAM] Before offload 'SMPLX_4' (65 MB) -> cpu: 1042 / 12287 MB
[09:05] Capturing execution frames: GVHMR_cameramotion.json
g (timeout=5.0s)...
[09:05]   [ComfyUI] [ComfyUI-MotionCapture] Health check: ok
[09:05]   [ComfyUI] [SubprocessWorker] call_id=4 sending model_to_device
[09:05]   [ComfyUI] [comfy-env] [VRAM] After offload 'SMPLX_4' (65 MB): 1042 / 12287 MB
[09:05]   [ComfyUI] [comfy-env] [VRAM] Before offload 'DemoPL_3' (89 MB) -> cpu: 1042 / 12287 MB
[09:05]   [ComfyUI] [ComfyUI-MotionCapture] Health check: ping (timeout=5.0s)...
[09:05]   [ComfyUI] [ComfyUI-MotionCapture] Health check: ok
[09:05]   [ComfyUI] [SubprocessWorker] call_id=5 sending model_to_device
[09:05]   [ComfyUI] [comfy-env] [VRAM] After offload 'DemoPL_3' (89 MB): 1042 / 12287 MB
[09:05]   [ComfyUI] [comfy-env] [VRAM] Before offload 'VitPoseModel_1' (1215 MB) -> cpu: 1042 / 12287 MB
[09:05]   [ComfyUI] [ComfyUI-MotionCapture] Health check: ping (timeout=5.0s)...
[09:05]   [ComfyUI] [ComfyUI-MotionCapture] Health check: ok
[09:05]   [ComfyUI] [SubprocessWorker] call_id=6 sending model_to_device
[09:05]   [ComfyUI] [worker:ComfyUI-MotionCapture] [VRAM] -315MB (now 2188MB) reserved=2528MB peak=2661MB
[09:06]   [ComfyUI] [comfy-env] [VRAM] After offload 'VitPoseModel_1' (1215 MB): 1042 / 12287 MB
[09:06]   [ComfyUI] [comfy-env] [VRAM] Before offload 'HMR2_2' (1278 MB) -> cpu: 1042 / 12287 MB
[09:06]   [ComfyUI] [ComfyUI-MotionCapture] Health check: ping (timeout=5.0s)...
[09:06]   [ComfyUI] [ComfyUI-MotionCapture] Health check: ok
[09:06]   [ComfyUI] [SubprocessWorker] call_id=7 sending model_to_device
[09:06]   [ComfyUI] [worker:ComfyUI-MotionCapture] [VRAM] -1916MB (now 272MB) reserved=1344MB peak=2661MB
[09:06]   [ComfyUI] [comfy-env] [VRAM] After offload 'HMR2_2' (1278 MB): 1042 / 12287 MB
[09:11]   Frame 1 saved (frame_000.jpg, t=0.0s)
[09:11]   Validating workflow...
[09:11]   [ComfyUI] === /validate endpoint called ===
[09:11]   [ComfyUI] Received JSON with keys: ['prompt']
[09:11]   Queuing workflow for execution...
[09:11]   [ComfyUI] Prompt has 6 nodes
[09:11]   [ComfyUI]   Node 20: SMPLViewer
[09:11]   [ComfyUI]     Inputs: {"npz_path": ["34", 0], "frame_skip": 1, "mesh_color": "#4a9eff", "smpl_viewer": ""}
[09:11]   [ComfyUI]   Node 24: CameraIntrinsics
[09:11]   [ComfyUI]     Inputs: {"matrix": "[[[3.2782e+03, 0.0000e+00, 9.6000e+02],\n[0.0000e+00, 2.4555e+03, 5.4000e+02],\n[0.0000e+00, 0.0000e+00, 1.0000e+00]]]"}
[09:11]   [ComfyUI]   Node 26: LoadGVHMRModels
[09:11]   [ComfyUI]     Inputs: {"model_path_override": "", "precision": "auto", "attention": "auto", "load_dpvo": true}
[09:11]   [ComfyUI]   Node 32: LoadVideo
[09:11]   [ComfyUI]     Inputs: {"file": "dancing.mp4", "video-preview": ""}
[09:11]   [ComfyUI]   Node 33: LoadVideo
[09:11]   [ComfyUI]     Inputs: {"file": "dancing_mask.mp4", "video-preview": ""}
[09:11]   [ComfyUI]   Node 34: GVHMRInference
[09:11]   [ComfyUI] [ComfyUI-MotionCapture] python: C:\workspaces\MotionCapture-1845\portable-comfyui\ComfyUI_windows_portable\ComfyUI\.ce\.pixi\envs\motioncapture-nodes\python.exe
[09:11]   [ComfyUI]     Inputs: {"moving_camera": true, "focal_length_mm": 0, "bbox_scale": 1.2, "vo_method": "simple_vo", "vo_scale": 0.5, "vo_step": 8, "chunk_size": 32, "video": ["32", 0], "video_mask": ["33", 0], "config": ["26"
[09:11]   [ComfyUI] [ComfyUI-MotionCapture] sys_path sent to worker: ['C:\\workspaces\\MotionCapture-1845\\portable-comfyui\\ComfyUI_windows_portable\\ComfyUI', 'C:\\workspaces\\MotionCapture-1845\\portable-comfyui\\ComfyUI_windows_portable\\ComfyUI\\custom_nodes\\ComfyUI-MotionCapture', 'C:\\workspaces\\MotionCapture-1845\\portable-comfyui\\ComfyUI_windows_portable\\ComfyUI\\.ce\\.pixi\\envs\\motioncapture-nodes\\Lib\\site-packages', 'C:\\workspaces\\MotionCapture-1845\\portable-comfyui\\ComfyUI_windows_portable\\ComfyUI\\custom_nodes\\ComfyUI-MotionCapture']
[09:11]   [ComfyUI] Generated prompt_id: 77e59f04-7dbc-4a9e-bd75-e8007f676dc5
[09:11]   [ComfyUI] [SubprocessWorker] is_pixi=True, python=C:\workspaces\MotionCapture-1845\portable-comfyui\ComfyUI_windows_portable\ComfyUI\.ce\.pixi\envs\motioncapture-nodes\python.exe
[09:11]   [ComfyUI] Calling execution.validate_prompt()...
[09:11]   [ComfyUI] [SubprocessWorker] launching cmd=['C:\\Users\\ContainerAdministrator\\.pixi\\bin\\pixi.exe', 'run', '--as-is', '--manifest-path', 'C:\\workspaces\\MotionCapture-1845\\portable-comfyui\\ComfyUI_windows_portable\\ComfyUI\\.ce\\pixi.toml', '-e', 'motioncapture-nodes', 'python', 'C:\\Users\\ContainerAdministrator\\AppData\\Local\\Temp\\comfyui_pvenv_kqy_i883\\persistent_worker.py', 'tcp://127.0.0.1:54250']...
[09:11]   [ComfyUI] Validation result: valid=True
[09:11]   [ComfyUI] === Validation PASSED ===
[09:11]   [ComfyUI] got prompt
[09:11]   [ComfyUI] [comfy-env] Running LoadGVHMRModels: model_path_override: '', precision: 'auto', attention: 'auto', load_dpvo: True
[09:11]   [ComfyUI] [VRAM] Before LoadGVHMRModels: 1042 / 12287 MB
[09:11]   [ComfyUI] [SubprocessWorker] call_method: nodes.load_model.LoadGVHMRModels.EXECUTE_NORMALIZED
[09:11]   [ComfyUI] [SubprocessWorker] acquired lock, ensuring started...
[09:11]   [ComfyUI] [ComfyUI-MotionCapture] Health check: ping (timeout=5.0s)...
[09:11]   [ComfyUI] [ComfyUI-MotionCapture] Health check: failed
[09:11]   [ComfyUI] [ComfyUI-MotionCapture] Socket unhealthy, restarting worker...
[09:11]   [ComfyUI] [comfy-env] Invalidated 4 stale model patchers (will be cleaned up during next unload)
[09:11]   [ComfyUI] [comfy-env] motioncapture-nodes: Library/bin has 235 DLLs
[09:13]   Frame 2 saved (frame_001.jpg, t=2.3s)
[09:13]   [capture-periodic] freeze=4ms shot=122ms unfreeze=5ms saved=True
[09:16]   Frame 3 saved (frame_002.jpg, t=4.6s)
[09:16]   [capture-periodic] freeze=4ms shot=119ms unfreeze=5ms saved=True
[09:16]   [ComfyUI] [SubprocessWorker] worker started/confirmed
[09:16]   [ComfyUI] [SubprocessWorker] serializing kwargs to shm...
[09:16]   [ComfyUI] [SubprocessWorker] created 0 shm blocks
[09:16]   [ComfyUI] [SubprocessWorker] sending request via socket...
[09:16]   [ComfyUI] [SubprocessWorker] call_id=8 sending call_method
[09:17]   [ComfyUI] [worker:ComfyUI-MotionCapture] INFO: [GVHMRInference] DPVO not installed - only SimpleVO will be available
[09:17]   [ComfyUI] [05/10 18:54:35][INFO] [GVHMRInference] DPVO not installed - only SimpleVO will be available
[09:17]   [capture-loop] iter=50 t=6.1s state={'complete': False, 'error': None, 'executedCount': 0, 'wsState': 1} eval_ms=5 ram=9.0/31.9GB (28%) swap=1.2/10.5GB (12%) cpu=5% browser_rss=1.05GB
[09:17]   [ComfyUI] [worker:ComfyUI-MotionCapture] INFO: [LoadGVHMRModels] Checking GVHMR models...
[09:17]   [ComfyUI] [05/10 18:54:35][INFO] [LoadGVHMRModels] Checking GVHMR models...
[09:17]   [ComfyUI] [worker:ComfyUI-MotionCapture] INFO: [LoadGVHMRModels] gvhmr found at C:\workspaces\MotionCapture-1845\portable-comfyui\ComfyUI_windows_portable\ComfyUI\models\motion_capture\gvhmr.safetensors
[09:17]   [ComfyUI] [05/10 18:54:35][INFO] [LoadGVHMRModels] gvhmr found at C:\workspaces\MotionCapture-1845\portable-comfyui\ComfyUI_windows_portable\ComfyUI\models\motion_capture\gvhmr.safetensors
[09:17]   [ComfyUI] [worker:ComfyUI-MotionCapture] INFO: [LoadGVHMRModels] vitpose found at C:\workspaces\MotionCapture-1845\portable-comfyui\ComfyUI_windows_portable\ComfyUI\models\motion_capture\vitpose.safetensors
[09:17]   [ComfyUI] [05/10 18:54:35][INFO] [LoadGVHMRModels] vitpose found at C:\workspaces\MotionCapture-1845\portable-comfyui\ComfyUI_windows_portable\ComfyUI\models\motion_capture\vitpose.safetensors
[09:17]   [ComfyUI] [worker:ComfyUI-MotionCapture] INFO: [LoadGVHMRModels] hmr2 found at C:\workspaces\MotionCapture-1845\portable-comfyui\ComfyUI_windows_portable\ComfyUI\models\motion_capture\hmr2.safetensors
[09:17]   [ComfyUI] [05/10 18:54:35][INFO] [LoadGVHMRModels] hmr2 found at C:\workspaces\MotionCapture-1845\portable-comfyui\ComfyUI_windows_portable\ComfyUI\models\motion_capture\hmr2.safetensors
[09:17]   [ComfyUI] [worker:ComfyUI-MotionCapture] INFO: [LoadGVHMRModels] SMPL body models found
[09:17]   [ComfyUI] [05/10 18:54:35][INFO] [LoadGVHMRModels] SMPL body models found
[09:17]   [ComfyUI] [worker:ComfyUI-MotionCapture] INFO: [LoadGVHMRModels] All models verified!
[09:17]   [ComfyUI] [05/10 18:54:35][INFO] [LoadGVHMRModels] All models verified!
[09:17]   [ComfyUI] [worker:ComfyUI-MotionCapture] INFO: [LoadGVHMRModels] Downloading DPVO model from HuggingFace...
[09:17]   [ComfyUI] [05/10 18:54:35][INFO] [LoadGVHMRModels] Downloading DPVO model from HuggingFace...
[09:17]   [ComfyUI] C:\workspaces\MotionCapture-1845\portable-comfyui\ComfyUI_windows_portable\ComfyUI\.ce\.pixi\envs\motioncapture-nodes\Lib\site-packages\huggingface_hub\utils\_validators.py:205: UserWarning: The `local_dir_use_symlinks` argument is deprecated and ignored in `hf_hub_download`. Downloading to a local directory does not use symlinks anymore.
[09:17]   [ComfyUI]   warnings.warn(
[09:18]   [ComfyUI] [worker:ComfyUI-MotionCapture] INFO: HTTP Request: HEAD https://huggingface.co/apozz/motion-capture-safetensors/resolve/main/dpvo.pth "HTTP/1.1 302 Found"
[09:18]   [ComfyUI] [05/10 18:54:36][INFO] HTTP Request: HEAD https://huggingface.co/apozz/motion-capture-safetensors/resolve/main/dpvo.pth "HTTP/1.1 302 Found"
[09:18]   [ComfyUI] [worker:ComfyUI-MotionCapture] INFO: HTTP Request: GET https://huggingface.co/api/models/apozz/motion-capture-safetensors/xet-read-token/4d1ff1105aad31ef01d2aa2c1151a0317d267925 "HTTP/1.1 200 OK"
[09:18]   [ComfyUI] [05/10 18:54:36][INFO] HTTP Request: GET https://huggingface.co/api/models/apozz/motion-capture-safetensors/xet-read-token/4d1ff1105aad31ef01d2aa2c1151a0317d267925 "HTTP/1.1 200 OK"
[09:18]   [ComfyUI] 
[09:19]   [ComfyUI] dpvo.pth:   0%|          | 0.00/14.2M [00:00<?, ?B/s]
[09:19]   [ComfyUI] dpvo.pth: 100%|██████████| 14.2M/14.2M [00:01<00:00, 9.94MB/s][SubprocessWorker] callback 'report_progress' from call_id=8
[09:19]   [ComfyUI] 
[09:19]   [ComfyUI] dpvo.pth: 100%|██████████| 14.2M/14.2M [00:01<00:00, 9.93MB/s]
[09:19]   [ComfyUI] [worker:ComfyUI-MotionCapture] INFO: [LoadGVHMRModels] DPVO downloaded to C:\workspaces\MotionCapture-1845\portable-comfyui\ComfyUI_windows_portable\ComfyUI\models\motion_capture\dpvo
[09:19]   [ComfyUI] [05/10 18:54:37][INFO] [LoadGVHMRModels] DPVO downloaded to C:\workspaces\MotionCapture-1845\portable-comfyui\ComfyUI_windows_portable\ComfyUI\models\motion_capture\dpvo
[09:19]   [ComfyUI] [worker:ComfyUI-MotionCapture] INFO: [LoadGVHMRModels] DPVO dir: C:\workspaces\MotionCapture-1845\portable-comfyui\ComfyUI_windows_portable\ComfyUI\models\motion_capture\dpvo
[09:19]   [ComfyUI] [05/10 18:54:37][INFO] [LoadGVHMRModels] DPVO dir: C:\workspaces\MotionCapture-1845\portable-comfyui\ComfyUI_windows_portable\ComfyUI\models\motion_capture\dpvo
[09:19]   [ComfyUI] [SubprocessWorker] got response: ok
[09:19]   [ComfyUI] [comfy-env] [VRAM] Before offload 'SMPLX_4' (65 MB) -> cpu: 1042 / 12287 MB
[09:19]   [ComfyUI] [ComfyUI-MotionCapture] Health check: ping (timeout=5.0s)...
[09:19]   [ComfyUI] [ComfyUI-MotionCapture] Health check: ok
[09:19]   [ComfyUI] [SubprocessWorker] call_id=9 sending model_to_device
[09:19]   [ComfyUI] Model 'SMPLX_4' gone from worker (restarted?), treating as offloaded
[09:19]   [ComfyUI] [comfy-env] [VRAM] After offload 'SMPLX_4' (65 MB): 1042 / 12287 MB
[09:19]   [ComfyUI] [comfy-env] [VRAM] Before offload 'DemoPL_3' (89 MB) -> cpu: 1042 / 12287 MB
[09:19]   [ComfyUI] [ComfyUI-MotionCapture] Health check: ping (timeout=5.0s)...
[09:19]   [ComfyUI] [ComfyUI-MotionCapture] Health check: ok
[09:19]   [ComfyUI] [SubprocessWorker] call_id=10 sending model_to_device
[09:19]   [ComfyUI] Model 'DemoPL_3' gone from worker (restarted?), treating as offloaded
[09:19]   [ComfyUI] [comfy-env] [VRAM] After offload 'DemoPL_3' (89 MB): 1042 / 12287 MB
[09:19]   [ComfyUI] [comfy-env] [VRAM] Before offload 'HMR2_2' (1278 MB) -> cpu: 1042 / 12287 MB
[09:19]   [ComfyUI] [ComfyUI-MotionCapture] Health check: ping (timeout=5.0s)...
[09:19]   [ComfyUI] [ComfyUI-MotionCapture] Health check: ok
[09:19]   [ComfyUI] [SubprocessWorker] call_id=11 sending model_to_device
[09:19]   [ComfyUI] Model 'HMR2_2' gone from worker (restarted?), treating as offloaded
[09:19]   [ComfyUI] [comfy-env] [VRAM] After offload 'HMR2_2' (1278 MB): 1042 / 12287 MB
[09:19]   [ComfyUI] [comfy-env] [VRAM] Before offload 'VitPoseModel_1' (1215 MB) -> cpu: 1042 / 12287 MB
[09:19]   [ComfyUI] [ComfyUI-MotionCapture] Health check: ping (timeout=5.0s)...
[09:19]   [ComfyUI] [ComfyUI-MotionCapture] Health check: ok
[09:19]   [ComfyUI] [SubprocessWorker] call_id=12 sending model_to_device
[09:19]   [ComfyUI] Model 'VitPoseModel_1' gone from worker (restarted?), treating as offloaded
[09:19]   [ComfyUI] [comfy-env] [VRAM] After offload 'VitPoseModel_1' (1215 MB): 1042 / 12287 MB
[09:19]   [ComfyUI] [comfy-env] LoadGVHMRModels done (8.32s): result: NodeOutput
[09:19]   [ComfyUI] [VRAM] After LoadGVHMRModels: 1042 / 12287 MB
[09:19]   [ComfyUI] [comfy-env] Running GVHMRInference: moving_camera: True, focal_length_mm: 0, bbox_scale: 1.2, vo_method: 'simple_vo', vo_scale: 0.5, vo_step: 8, chunk_size: 32, video: VideoFromFile, video_mask: VideoFromFile, config: dict, intrinsics: torch.float32 [1,3,3] cpu
[09:19]   [ComfyUI] [VRAM] Before GVHMRInference: 1042 / 12287 MB
[09:19]   [ComfyUI] [SubprocessWorker] call_method: nodes.inference_node.GVHMRInference.EXECUTE_NORMALIZED
[09:19]   [ComfyUI] [SubprocessWorker] acquired lock, ensuring started...
[09:19]   [ComfyUI] [ComfyUI-MotionCapture] Health check: ping (timeout=5.0s)...
[09:19]   [ComfyUI] [ComfyUI-MotionCapture] Health check: ok
[09:19]   [ComfyUI] [SubprocessWorker] worker started/confirmed
[09:19]   [ComfyUI] [comfy-env] PRE-SERIALIZE 'intrinsics' shape: torch.Size([1, 3, 3])
[09:19]   [ComfyUI] [SubprocessWorker] serializing kwargs to shm...
[09:19]   [ComfyUI] [SubprocessWorker] created 2 shm blocks
[09:19]   [ComfyUI] [SubprocessWorker] sending request via socket...
[09:19]   [ComfyUI] [SubprocessWorker] call_id=13 sending call_method
[09:19]   [ComfyUI] [worker:ComfyUI-MotionCapture] [comfy-env] _from_shm got dict with keys: ['__type__', 'strategy', 'manager_path', 'storage_key', 'storage_size']
[09:19]   [ComfyUI] [worker:ComfyUI-MotionCapture] [comfy-env] DESERIALIZE TensorRef: tensor_size=[1, 3, 3]
[09:19]   [ComfyUI] [worker:ComfyUI-MotionCapture] [comfy-env] DESERIALIZED tensor shape: torch.Size([1, 3, 3])
[09:19]   [ComfyUI] [worker:ComfyUI-MotionCapture] INFO: ============================================================
[09:19]   [ComfyUI] [05/10 18:54:37][INFO] ============================================================
[09:19]   [ComfyUI] [worker:ComfyUI-MotionCapture] INFO: [GVHMRInference] Starting GVHMR inference with parameters:
[09:19]   [ComfyUI] [05/10 18:54:37][INFO] [GVHMRInference] Starting GVHMR inference with parameters:
[09:19]   [ComfyUI] [worker:ComfyUI-MotionCapture] INFO:   video:           575 frames @ (1920, 1080)
[09:19]   [ComfyUI] [05/10 18:54:37][INFO]   video:           575 frames @ (1920, 1080)
[09:19]   [ComfyUI] [worker:ComfyUI-MotionCapture] INFO:   video_mask:      551 frames @ (1920, 1080)
[09:19]   [ComfyUI] [05/10 18:54:37][INFO]   video_mask:      551 frames @ (1920, 1080)
[09:19]   [ComfyUI] [worker:ComfyUI-MotionCapture] INFO:   moving_camera:   True
[09:20]   [ComfyUI] [05/10 18:54:37][INFO]   moving_camera:   True
[09:20]   [ComfyUI] [worker:ComfyUI-MotionCapture] INFO:   focal_length_mm: 0
[09:20]   [ComfyUI] [05/10 18:54:37][INFO]   focal_length_mm: 0
[09:20]   [ComfyUI] [worker:ComfyUI-MotionCapture] INFO:   bbox_scale:      1.2
[09:20]   [ComfyUI] [05/10 18:54:37][INFO]   bbox_scale:      1.2
[09:20]   [ComfyUI] [worker:ComfyUI-MotionCapture] INFO:   vo_method:       simple_vo
[09:20]   [ComfyUI] [05/10 18:54:37][INFO]   vo_method:       simple_vo
[09:20]   [ComfyUI] [worker:ComfyUI-MotionCapture] INFO:   vo_scale:        0.5
[09:20]   [ComfyUI] [05/10 18:54:38][INFO]   vo_scale:        0.5
[09:20]   [ComfyUI] [worker:ComfyUI-MotionCapture] INFO:   vo_step:         8
[09:20]   [ComfyUI] [05/10 18:54:38][INFO]   vo_step:         8
[09:20]   [ComfyUI] [worker:ComfyUI-MotionCapture] INFO:   intrinsics:      torch.Size([1, 3, 3])
[09:20]   [ComfyUI] [05/10 18:54:38][INFO]   intrinsics:      torch.Size([1, 3, 3])
[09:20]   [ComfyUI] [worker:ComfyUI-MotionCapture] INFO:   chunk_size:      32
[09:20]   [ComfyUI] [05/10 18:54:38][INFO]   chunk_size:      32
[09:20]   [ComfyUI] [worker:ComfyUI-MotionCapture] INFO:   config keys:     ['models_dir', 'gvhmr_path', 'vitpose_path', 'hmr2_path', 'body_models_path', 'precision', 'attention', 'dpvo_dir']
[09:20]   [ComfyUI] [05/10 18:54:38][INFO]   config keys:     ['models_dir', 'gvhmr_path', 'vitpose_path', 'hmr2_path', 'body_models_path', 'precision', 'attention', 'dpvo_dir']
[09:20]   [ComfyUI] [worker:ComfyUI-MotionCapture] INFO:   dpvo_dir:        C:\workspaces\MotionCapture-1845\portable-comfyui\ComfyUI_windows_portable\ComfyUI\models\motion_capture\dpvo
[09:20]   [ComfyUI] [05/10 18:54:38][INFO]   dpvo_dir:        C:\workspaces\MotionCapture-1845\portable-comfyui\ComfyUI_windows_portable\ComfyUI\models\motion_capture\dpvo
[09:20]   [ComfyUI] [worker:ComfyUI-MotionCapture] INFO: ============================================================
[09:20]   [ComfyUI] [05/10 18:54:38][INFO] ============================================================
[09:20]   [ComfyUI] [worker:ComfyUI-MotionCapture] INFO: [Memory] Start of run_inference: (unable to read /proc/self/status)
[09:20]   [ComfyUI] [05/10 18:54:38][INFO] [Memory] Start of run_inference: (unable to read /proc/self/status)
[09:20]   [ComfyUI] [worker:ComfyUI-MotionCapture] INFO: Using pytorch attention
[09:20]   [ComfyUI] [05/10 18:54:38][INFO] Using pytorch attention
[09:20]   Frame 4 saved (frame_003.jpg, t=9.1s)
[09:20]   [capture-periodic] freeze=4ms shot=128ms unfreeze=5ms saved=True
[09:20]   [ComfyUI] [worker:ComfyUI-MotionCapture] INFO: [GVHMRInference] Loading GVHMR models...
[09:20]   [ComfyUI] [05/10 18:54:38][INFO] [GVHMRInference] Loading GVHMR models...
[09:20]   [ComfyUI] [worker:ComfyUI-MotionCapture] INFO: [GVHMRInference] Precision: torch.bfloat16
[09:20]   [ComfyUI] [05/10 18:54:38][INFO] [GVHMRInference] Precision: torch.bfloat16
[09:20]   [ComfyUI] [worker:ComfyUI-MotionCapture] INFO: [GVHMRInference] Loading GVHMR from C:\workspaces\MotionCapture-1845\portable-comfyui\ComfyUI_windows_portable\ComfyUI\models\motion_capture\gvhmr.safetensors...
[09:20]   [ComfyUI] [05/10 18:54:38][INFO] [GVHMRInference] Loading GVHMR from C:\workspaces\MotionCapture-1845\portable-comfyui\ComfyUI_windows_portable\ComfyUI\models\motion_capture\gvhmr.safetensors...
[09:20]   [ComfyUI] [worker:ComfyUI-MotionCapture] INFO: [EnDecoder] Use MM_V1_AMASS_LOCAL_BEDLAM_CAM for statistics!
[09:20]   [ComfyUI] [05/10 18:54:38][INFO] [EnDecoder] Use MM_V1_AMASS_LOCAL_BEDLAM_CAM for statistics!
[09:21]   [ComfyUI] C:\workspaces\MotionCapture-1845\portable-comfyui\ComfyUI_windows_portable\ComfyUI\.ce\.pixi\envs\motioncapture-nodes\Lib\site-packages\numpy\lib\_format_impl.py:838: VisibleDeprecationWarning: dtype(): align should be passed as Python or NumPy boolean but got `align=0`. Did you mean to pass a tuple to create a subarray type? (Deprecated NumPy 2.4)
[09:21]   [ComfyUI]   array = pickle.load(fp, **pickle_kwargs)
[09:21]   [ComfyUI] C:\workspaces\MotionCapture-1845\portable-comfyui\ComfyUI_windows_portable\ComfyUI\.ce\.pixi\envs\motioncapture-nodes\Lib\site-packages\torch\utils\_device.py:116: UserWarning: Sparse invariant checks are implicitly disabled. Memory errors (e.g. SEGFAULT) will occur when operating on a sparse tensor which violates the invariants, but checks incur performance overhead. To silence this warning, explicitly opt in or out. See `torch.sparse.check_sparse_tensor_invariants.__doc__` for guidance.  (Triggered internally at C:\actions-runner\_work\pytorch\pytorch\pytorch\aten\src\ATen\Context.cpp:767.)
[09:21]   [ComfyUI]   return func(*args, **kwargs)
[09:21]   [ComfyUI] [worker:ComfyUI-MotionCapture] INFO: [PL-Trainer] Loading ckpt type: C:\workspaces\MotionCapture-1845\portable-comfyui\ComfyUI_windows_portable\ComfyUI\models\motion_capture\gvhmr.safetensors
[09:21]   [ComfyUI] [05/10 18:54:39][INFO] [PL-Trainer] Loading ckpt type: C:\workspaces\MotionCapture-1845\portable-comfyui\ComfyUI_windows_portable\ComfyUI\models\motion_capture\gvhmr.safetensors
[09:21]   [ComfyUI] [worker:ComfyUI-MotionCapture] INFO: [GVHMRInference] Initializing ViTPose extractor...
[09:21]   [ComfyUI] [05/10 18:54:39][INFO] [GVHMRInference] Initializing ViTPose extractor...
[09:22]   [ComfyUI] [worker:ComfyUI-MotionCapture] INFO: [GVHMRInference] Initializing feature extractor...
[09:22]   [ComfyUI] [05/10 18:54:40][INFO] [GVHMRInference] Initializing feature extractor...
[09:23]   [ComfyUI] [worker:ComfyUI-MotionCapture] INFO: [Memory] After all models loaded: (unable to read /proc/self/status)
[09:23]   [ComfyUI] [05/10 18:54:41][INFO] [Memory] After all models loaded: (unable to read /proc/self/status)
[09:23]   [ComfyUI] [worker:ComfyUI-MotionCapture] INFO: [GVHMRInference] All models loaded successfully!
[09:23]   [ComfyUI] [05/10 18:54:41][INFO] [GVHMRInference] All models loaded successfully!
[09:23]   [ComfyUI] [worker:ComfyUI-MotionCapture] WARNING: [GVHMRInference] Video frames (575) != mask frames (551). Using minimum.
[09:23]   [ComfyUI] [05/10 18:54:41][WARNING] [GVHMRInference] Video frames (575) != mask frames (551). Using minimum.
[09:23]   [ComfyUI] [worker:ComfyUI-MotionCapture] INFO: [GVHMRInference] Video: 575 frames @ 1920x1080
[09:23]   [ComfyUI] [05/10 18:54:41][INFO] [GVHMRInference] Video: 575 frames @ 1920x1080
[09:23]   [ComfyUI] [worker:ComfyUI-MotionCapture] INFO: [GVHMRInference] Mask: 551 frames @ 1920x1080
[09:23]   [ComfyUI] [05/10 18:54:41][INFO] [GVHMRInference] Mask: 551 frames @ 1920x1080
[09:23]   [ComfyUI] [worker:ComfyUI-MotionCapture] INFO: [GVHMRInference] Processing 551 frames, static_camera=False
[09:23]   [ComfyUI] [05/10 18:54:41][INFO] [GVHMRInference] Processing 551 frames, static_camera=False
[09:23]   [ComfyUI] [worker:ComfyUI-MotionCapture] INFO: [Memory] Start of prepare_data_from_videos: (unable to read /proc/self/status)
[09:23]   [ComfyUI] [05/10 18:54:41][INFO] [Memory] Start of prepare_data_from_videos: (unable to read /proc/self/status)
[09:23]   [ComfyUI] [worker:ComfyUI-MotionCapture] INFO: [GVHMRInference] Phase 1: Extracting bounding boxes from mask video...
[09:23]   [ComfyUI] [05/10 18:54:41][INFO] [GVHMRInference] Phase 1: Extracting bounding boxes from mask video...
[09:23]   [capture-loop] iter=100 t=12.5s state={'complete': False, 'error': None, 'executedCount': 0, 'wsState': 1} eval_ms=5 ram=13.9/31.9GB (44%) swap=1.2/10.5GB (12%) cpu=17% browser_rss=0.97GB
[09:30]   [capture-loop] iter=150 t=19.0s state={'complete': False, 'error': None, 'executedCount': 0, 'wsState': 1} eval_ms=6 ram=13.7/31.9GB (43%) swap=1.2/10.5GB (12%) cpu=14% browser_rss=0.74GB
[09:36]   [capture-loop] iter=200 t=25.4s state={'complete': False, 'error': None, 'executedCount': 0, 'wsState': 1} eval_ms=5 ram=13.7/31.9GB (43%) swap=1.2/10.5GB (12%) cpu=13% browser_rss=0.74GB
[09:37]   [ComfyUI] [worker:ComfyUI-MotionCapture] INFO: [GVHMRInference] Extracted 551 bounding boxes
[09:37]   [ComfyUI] [05/10 18:54:55][INFO] [GVHMRInference] Extracted 551 bounding boxes
[09:37]   [ComfyUI] [worker:ComfyUI-MotionCapture] INFO: [Memory] After bbox extraction from mask video: (unable to read /proc/self/status)
[09:37]   [ComfyUI] [05/10 18:54:55][INFO] [Memory] After bbox extraction from mask video: (unable to read /proc/self/status)
[09:37]   [ComfyUI] [worker:ComfyUI-MotionCapture] INFO: [GVHMRInference] bboxes_xyxy: torch.Size([551, 4]), bbx_xys: torch.Size([551, 3])
[09:37]   [ComfyUI] [05/10 18:54:55][INFO] [GVHMRInference] bboxes_xyxy: torch.Size([551, 4]), bbx_xys: torch.Size([551, 3])
[09:37]   [ComfyUI] [SubprocessWorker] callback 'request_vram_budget' from call_id=13
[09:37]   [ComfyUI] [comfy-env] VRAM request: 1.27GB, free before eviction: 11.79GB
[09:37]   [ComfyUI] [comfy-env] VRAM after eviction: 11.79GB
[09:37]   [ComfyUI] [worker:ComfyUI-MotionCapture] INFO: Requested to load VitPoseModel
[09:37]   [ComfyUI] [05/10 18:54:55][INFO] Requested to load VitPoseModel
[09:37]   [ComfyUI] [worker:ComfyUI-MotionCapture] [VRAM] +300MB (now 300MB) reserved=320MB peak=300MB
[09:38]   [ComfyUI] [worker:ComfyUI-MotionCapture] INFO: loaded completely; 9825.80 MB usable, 1214.91 MB loaded, full load: True
[09:38]   [ComfyUI] [worker:ComfyUI-MotionCapture] [VRAM] +914MB (now 1214MB) reserved=1216MB peak=1214MB
[09:38]   [ComfyUI] [05/10 18:54:56][INFO] loaded completely; 9825.80 MB usable, 1214.91 MB loaded, full load: True
[09:38]   [ComfyUI] [worker:ComfyUI-MotionCapture] INFO: [Memory] ViTPose on GPU: (unable to read /proc/self/status)
[09:38]   [ComfyUI] [05/10 18:54:56][INFO] [Memory] ViTPose on GPU: (unable to read /proc/self/status)
[09:39]   [ComfyUI] [worker:ComfyUI-MotionCapture] INFO: [GVHMRInference] Pass 1/2 (ViTPose): 551 frames in chunks of 32...
[09:39]   [ComfyUI] [05/10 18:54:57][INFO] [GVHMRInference] Pass 1/2 (ViTPose): 551 frames in chunks of 32...
[09:40]   [ComfyUI] [worker:ComfyUI-MotionCapture] INFO: [GVHMRInference] ViTPose chunk [0:32] (32 frames)
[09:40]   [ComfyUI] [05/10 18:54:58][INFO] [GVHMRInference] ViTPose chunk [0:32] (32 frames)
[09:41]   [ComfyUI] [SubprocessWorker] callback 'report_progress' from call_id=13
[09:42]   [ComfyUI] [SubprocessWorker] callback 'report_progress' from call_id=13
[09:42]   [ComfyUI] [SubprocessWorker] callback 'report_progress' from call_id=13
[09:42]   [ComfyUI] [SubprocessWorker] callback 'report_progress' from call_id=13
[09:42]   Frame 5 saved (frame_004.jpg, t=31.1s)
[09:42]   [capture-periodic] freeze=6ms shot=185ms unfreeze=7ms saved=True
[09:42]   [ComfyUI] [worker:ComfyUI-MotionCapture] INFO: [Memory] After ViTPose chunk [0:32]: (unable to read /proc/self/status)
[09:42]   [ComfyUI] [05/10 18:55:00][INFO] [Memory] After ViTPose chunk [0:32]: (unable to read /proc/self/status)
[09:43]   [capture-loop] iter=250 t=31.8s state={'complete': False, 'error': None, 'executedCount': 0, 'wsState': 1} eval_ms=5 ram=10.9/31.9GB (34%) swap=1.2/10.5GB (12%) cpu=16% browser_rss=0.74GB
[09:43]   [ComfyUI] [worker:ComfyUI-MotionCapture] INFO: [GVHMRInference] ViTPose chunk [32:64] (32 frames)
[09:43]   [ComfyUI] [05/10 18:55:01][INFO] [GVHMRInference] ViTPose chunk [32:64] (32 frames)
[09:44]   [ComfyUI] [SubprocessWorker] callback 'report_progress' from call_id=13
[09:44]   [ComfyUI] [SubprocessWorker] callback 'report_progress' from call_id=13
[09:44]   Frame 6 saved (frame_005.jpg, t=33.4s)
[09:44]   [capture-periodic] freeze=9ms shot=177ms unfreeze=9ms saved=True
[09:45]   [ComfyUI] [SubprocessWorker] callback 'report_progress' from call_id=13
[09:45]   [ComfyUI] [SubprocessWorker] callback 'report_progress' from call_id=13
[09:45]   [ComfyUI] [worker:ComfyUI-MotionCapture] INFO: [Memory] After ViTPose chunk [32:64]: (unable to read /proc/self/status)
[09:45]   [ComfyUI] [05/10 18:55:03][INFO] [Memory] After ViTPose chunk [32:64]: (unable to read /proc/self/status)
[09:46]   [ComfyUI] [worker:ComfyUI-MotionCapture] INFO: [GVHMRInference] ViTPose chunk [64:96] (32 frames)
[09:46]   [ComfyUI] [05/10 18:55:04][INFO] [GVHMRInference] ViTPose chunk [64:96] (32 frames)
[09:47]   Frame 7 saved (frame_006.jpg, t=35.6s)
[09:47]   [capture-periodic] freeze=5ms shot=198ms unfreeze=4ms saved=True
[09:47]   [ComfyUI] [SubprocessWorker] callback 'report_progress' from call_id=13
[09:47]   [ComfyUI] [SubprocessWorker] callback 'report_progress' from call_id=13
[09:47]   [ComfyUI] [SubprocessWorker] callback 'report_progress' from call_id=13
[09:47]   [ComfyUI] [SubprocessWorker] callback 'report_progress' from call_id=13
[09:48]   [ComfyUI] [worker:ComfyUI-MotionCapture] INFO: [Memory] After ViTPose chunk [64:96]: (unable to read /proc/self/status)
[09:48]   [ComfyUI] [05/10 18:55:06][INFO] [Memory] After ViTPose chunk [64:96]: (unable to read /proc/self/status)
[09:48]   [ComfyUI] [worker:ComfyUI-MotionCapture] INFO: [GVHMRInference] ViTPose chunk [96:128] (32 frames)
[09:48]   [ComfyUI] [05/10 18:55:06][INFO] [GVHMRInference] ViTPose chunk [96:128] (32 frames)
[09:49]   [capture-loop] iter=300 t=38.4s state={'complete': False, 'error': None, 'executedCount': 0, 'wsState': 1} eval_ms=6 ram=11.0/31.9GB (35%) swap=1.2/10.5GB (12%) cpu=24% browser_rss=0.74GB
[09:49]   [ComfyUI] [SubprocessWorker] callback 'report_progress' from call_id=13
[09:50]   [ComfyUI] [SubprocessWorker] callback 'report_progress' from call_id=13
[09:50]   [ComfyUI] [SubprocessWorker] callback 'report_progress' from call_id=13
[09:50]   [ComfyUI] [SubprocessWorker] callback 'report_progress' from call_id=13
[09:50]   [ComfyUI] [worker:ComfyUI-MotionCapture] INFO: [Memory] After ViTPose chunk [96:128]: (unable to read /proc/self/status)
[09:50]   [ComfyUI] [05/10 18:55:08][INFO] [Memory] After ViTPose chunk [96:128]: (unable to read /proc/self/status)
[09:51]   [ComfyUI] [worker:ComfyUI-MotionCapture] INFO: [GVHMRInference] ViTPose chunk [128:160] (32 frames)
[09:51]   [ComfyUI] [05/10 18:55:09][INFO] [GVHMRInference] ViTPose chunk [128:160] (32 frames)
[09:52]   [ComfyUI] [SubprocessWorker] callback 'report_progress' from call_id=13
[09:52]   [ComfyUI] [SubprocessWorker] callback 'report_progress' from call_id=13
[09:53]   [ComfyUI] [SubprocessWorker] callback 'report_progress' from call_id=13
[09:53]   [ComfyUI] [SubprocessWorker] callback 'report_progress' from call_id=13
[09:53]   [ComfyUI] [worker:ComfyUI-MotionCapture] INFO: [Memory] After ViTPose chunk [128:160]: (unable to read /proc/self/status)
[09:53]   [ComfyUI] [05/10 18:55:11][INFO] [Memory] After ViTPose chunk [128:160]: (unable to read /proc/self/status)
[09:54]   [ComfyUI] [worker:ComfyUI-MotionCapture] INFO: [GVHMRInference] ViTPose chunk [160:192] (32 frames)
[09:54]   [ComfyUI] [05/10 18:55:12][INFO] [GVHMRInference] ViTPose chunk [160:192] (32 frames)
[09:55]   [ComfyUI] [SubprocessWorker] callback 'report_progress' from call_id=13
[09:55]   [ComfyUI] [SubprocessWorker] callback 'report_progress' from call_id=13
[09:55]   [ComfyUI] [SubprocessWorker] callback 'report_progress' from call_id=13
[09:55]   [ComfyUI] [SubprocessWorker] callback 'report_progress' from call_id=13
[09:55]   Frame 8 saved (frame_007.jpg, t=44.4s)
[09:56]   [capture-periodic] freeze=6ms shot=151ms unfreeze=7ms saved=True
[09:56]   [capture-loop] iter=350 t=44.9s state={'complete': False, 'error': None, 'executedCount': 0, 'wsState': 1} eval_ms=4 ram=10.9/31.9GB (34%) swap=1.2/10.5GB (12%) cpu=31% browser_rss=0.75GB
[09:56]   [ComfyUI] [worker:ComfyUI-MotionCapture] INFO: [Memory] After ViTPose chunk [160:192]: (unable to read /proc/self/status)
[09:56]   [ComfyUI] [05/10 18:55:14][INFO] [Memory] After ViTPose chunk [160:192]: (unable to read /proc/self/status)
[09:56]   [ComfyUI] [worker:ComfyUI-MotionCapture] INFO: [GVHMRInference] ViTPose chunk [192:224] (32 frames)
[09:56]   [ComfyUI] [05/10 18:55:14][INFO] [GVHMRInference] ViTPose chunk [192:224] (32 frames)
[09:57]   [ComfyUI] [SubprocessWorker] callback 'report_progress' from call_id=13
[09:58]   [ComfyUI] [SubprocessWorker] callback 'report_progress' from call_id=13
[09:58]   Frame 9 saved (frame_008.jpg, t=46.7s)
[09:58]   [capture-periodic] freeze=6ms shot=201ms unfreeze=6ms saved=True
[09:58]   [ComfyUI] [SubprocessWorker] callback 'report_progress' from call_id=13
[09:58]   [ComfyUI] [SubprocessWorker] callback 'report_progress' from call_id=13
[09:58]   [ComfyUI] [worker:ComfyUI-MotionCapture] INFO: [Memory] After ViTPose chunk [192:224]: (unable to read /proc/self/status)
[09:58]   [ComfyUI] [05/10 18:55:16][INFO] [Memory] After ViTPose chunk [192:224]: (unable to read /proc/self/status)
[09:59]   [ComfyUI] [worker:ComfyUI-MotionCapture] INFO: [GVHMRInference] ViTPose chunk [224:256] (32 frames)
[09:59]   [ComfyUI] [05/10 18:55:17][INFO] [GVHMRInference] ViTPose chunk [224:256] (32 frames)
[10:00]   [ComfyUI] [SubprocessWorker] callback 'report_progress' from call_id=13
[10:00]   Frame 10 saved (frame_009.jpg, t=49.0s)
[10:00]   [capture-periodic] freeze=5ms shot=142ms unfreeze=4ms saved=True
[10:00]   [ComfyUI] [SubprocessWorker] callback 'report_progress' from call_id=13
[10:00]   [ComfyUI] [SubprocessWorker] callback 'report_progress' from call_id=13
[10:01]   [ComfyUI] [SubprocessWorker] callback 'report_progress' from call_id=13
[10:01]   [ComfyUI] [worker:ComfyUI-MotionCapture] INFO: [Memory] After ViTPose chunk [224:256]: (unable to read /proc/self/status)
[10:01]   [ComfyUI] [05/10 18:55:19][INFO] [Memory] After ViTPose chunk [224:256]: (unable to read /proc/self/status)
[10:02]   [ComfyUI] [worker:ComfyUI-MotionCapture] INFO: [GVHMRInference] ViTPose chunk [256:288] (32 frames)
[10:02]   [ComfyUI] [05/10 18:55:20][INFO] [GVHMRInference] ViTPose chunk [256:288] (32 frames)
[10:02]   [capture-loop] iter=400 t=51.5s state={'complete': False, 'error': None, 'executedCount': 0, 'wsState': 1} eval_ms=4 ram=11.5/31.9GB (36%) swap=1.2/10.5GB (12%) cpu=23% browser_rss=0.74GB
[10:03]   [ComfyUI] [SubprocessWorker] callback 'report_progress' from call_id=13
[10:03]   [ComfyUI] [SubprocessWorker] callback 'report_progress' from call_id=13
[10:03]   [ComfyUI] [SubprocessWorker] callback 'report_progress' from call_id=13
[10:03]   [ComfyUI] [SubprocessWorker] callback 'report_progress' from call_id=13
[10:04]   [ComfyUI] [worker:ComfyUI-MotionCapture] INFO: [Memory] After ViTPose chunk [256:288]: (unable to read /proc/self/status)
[10:04]   [ComfyUI] [05/10 18:55:22][INFO] [Memory] After ViTPose chunk [256:288]: (unable to read /proc/self/status)
[10:04]   [ComfyUI] [worker:ComfyUI-MotionCapture] INFO: [GVHMRInference] ViTPose chunk [288:320] (32 frames)
[10:04]   [ComfyUI] [05/10 18:55:22][INFO] [GVHMRInference] ViTPose chunk [288:320] (32 frames)
[10:05]   [ComfyUI] [SubprocessWorker] callback 'report_progress' from call_id=13
[10:05]   [ComfyUI] [SubprocessWorker] callback 'report_progress' from call_id=13
[10:06]   [ComfyUI] [SubprocessWorker] callback 'report_progress' from call_id=13
[10:06]   [ComfyUI] [SubprocessWorker] callback 'report_progress' from call_id=13
[10:06]   [ComfyUI] [worker:ComfyUI-MotionCapture] INFO: [Memory] After ViTPose chunk [288:320]: (unable to read /proc/self/status)
[10:06]   [ComfyUI] [05/10 18:55:24][INFO] [Memory] After ViTPose chunk [288:320]: (unable to read /proc/self/status)
[10:07]   [ComfyUI] [worker:ComfyUI-MotionCapture] INFO: [GVHMRInference] ViTPose chunk [320:352] (32 frames)
[10:07]   [ComfyUI] [05/10 18:55:25][INFO] [GVHMRInference] ViTPose chunk [320:352] (32 frames)
[10:08]   [ComfyUI] [SubprocessWorker] callback 'report_progress' from call_id=13
[10:08]   [ComfyUI] [SubprocessWorker] callback 'report_progress' from call_id=13
[10:08]   [ComfyUI] [SubprocessWorker] callback 'report_progress' from call_id=13
[10:08]   [ComfyUI] [SubprocessWorker] callback 'report_progress' from call_id=13
[10:09]   [capture-loop] iter=450 t=57.8s state={'complete': False, 'error': None, 'executedCount': 0, 'wsState': 1} eval_ms=6 ram=11.0/31.9GB (35%) swap=1.2/10.5GB (12%) cpu=31% browser_rss=0.74GB
[10:09]   [ComfyUI] [worker:ComfyUI-MotionCapture] INFO: [Memory] After ViTPose chunk [320:352]: (unable to read /proc/self/status)
[10:09]   [ComfyUI] [05/10 18:55:27][INFO] [Memory] After ViTPose chunk [320:352]: (unable to read /proc/self/status)
[10:09]   [ComfyUI] [worker:ComfyUI-MotionCapture] INFO: [GVHMRInference] ViTPose chunk [352:384] (32 frames)
[10:09]   [ComfyUI] [05/10 18:55:27][INFO] [GVHMRInference] ViTPose chunk [352:384] (32 frames)
[10:10]   [ComfyUI] [SubprocessWorker] callback 'report_progress' from call_id=13
[10:11]   [ComfyUI] [SubprocessWorker] callback 'report_progress' from call_id=13
[10:11]   [ComfyUI] [SubprocessWorker] callback 'report_progress' from call_id=13
[10:11]   Frame 11 saved (frame_010.jpg, t=60.0s)
[10:11]   [capture-periodic] freeze=7ms shot=191ms unfreeze=12ms saved=True
[10:11]   [ComfyUI] [SubprocessWorker] callback 'report_progress' from call_id=13
[10:11]   [ComfyUI] [worker:ComfyUI-MotionCapture] INFO: [Memory] After ViTPose chunk [352:384]: (unable to read /proc/self/status)
[10:11]   [ComfyUI] [worker:ComfyUI-MotionCapture]
[10:11]   [ComfyUI] === WATCHDOG TICK 1 ===
[10:11]   [ComfyUI] [05/10 18:55:29][INFO] [Memory] After ViTPose chunk [352:384]: (unable to read /proc/self/status)
[10:11]   [ComfyUI] [worker:ComfyUI-MotionCapture] Thread 0x0000473c (most recent call first):
[10:11]   [ComfyUI]   File "C:\workspaces\MotionCapture-1845\portable-comfyui\ComfyUI_windows_portable\ComfyUI\.ce\.pixi\envs\motioncapture-nodes\Lib\threading.py", line 363 in wait
[10:11]   [ComfyUI]   File "C:\workspaces\MotionCapture-1845\portable-comfyui\ComfyUI_windows_portable\ComfyUI\.ce\.pixi\envs\motioncapture-nodes\Lib\threading.py", line 660 in wait
[10:11]   [ComfyUI]   File "C:\workspaces\MotionCapture-1845\portable-comfyui\ComfyUI_windows_portable\ComfyUI\.ce\.pixi\envs\motioncapture-nodes\Lib\site-packages\tqdm\_monitor.py", line 60 in run
[10:11]   [ComfyUI]   File "C:\workspaces\MotionCapture-1845\portable-comfyui\ComfyUI_windows_portable\ComfyUI\.ce\.pixi\envs\motioncapture-nodes\Lib\threading.py", line 1044 in _bootstrap_inner
[10:11]   [ComfyUI]   File "C:\workspaces\MotionCapture-1845\portable-comfyui\ComfyUI_windows_portable\ComfyUI\.ce\.pixi\envs\motioncapture-nodes\Lib\threading.py", line 1015 in _bootstrap
[10:11]   [ComfyUI] 
[10:11]   [ComfyUI] Thread 0x000015e0 (most recent call first):
[10:11]   [ComfyUI]   File "C:\Users\ContainerAdministrator\AppData\Local\Temp\comfyui_pvenv_kqy_i883\persistent_worker.py", line 106 in _vram_poller
[10:11]   [ComfyUI]   File "C:\workspaces\MotionCapture-1845\portable-comfyui\ComfyUI_windows_portable\ComfyUI\.ce\.pixi\envs\motioncapture-nodes\Lib\threading.py", line 995 in run
[10:11]   [ComfyUI]   File "C:\workspaces\MotionCapture-1845\portable-comfyui\ComfyUI_windows_portable\ComfyUI\.ce\.pixi\envs\motioncapture-nodes\Lib\threading.py", line 1044 in _bootstrap_inner
[10:12]   [ComfyUI]   File "C:\workspaces\MotionCapture-1845\portable-comfyui\ComfyUI_windows_portable\ComfyUI\.ce\.pixi\envs\motioncapture-nodes\Lib\threading.py", line 1015 in _bootstrap
[10:12]   [ComfyUI] 
[10:12]   [ComfyUI] Current thread 0x00001cf4 (most recent call first):
[10:12]   [ComfyUI]   File "C:\Users\ContainerAdministrator\AppData\Local\Temp\comfyui_pvenv_kqy_i883\persistent_worker.py", line 52 in _watchdog
[10:12]   [ComfyUI]   File "C:\workspaces\MotionCapture-1845\portable-comfyui\ComfyUI_windows_portable\ComfyUI\.ce\.pixi\envs\motioncapture-nodes\Lib\threading.py", line 995 in run
[10:12]   [ComfyUI]   File "C:\workspaces\MotionCapture-1845\portable-comfyui\ComfyUI_windows_portable\ComfyUI\.ce\.pixi\envs\motioncapture-nodes\Lib\threading.py", line 1044 in _bootstrap_inner
[10:12]   [ComfyUI]   File "C:\workspaces\MotionCapture-1845\portable-comfyui\ComfyUI_windows_portable\ComfyUI\.ce\.pixi\envs\motioncapture-nodes\Lib\threading.py", line 1015 in _bootstrap
[10:12]   [ComfyUI] 
[10:12]   [ComfyUI] Thread 0x000008f4 (most recent call first):
[10:12]   [ComfyUI]   File "C:\workspaces\MotionCapture-1845\portable-comfyui\ComfyUI_windows_portable\ComfyUI\.ce\.pixi\envs\motioncapture-nodes\Lib\site-packages\torch\cuda\memory.py", line 224 in empty_cache
[10:12]   [ComfyUI]   File "C:\workspaces\MotionCapture-1845\portable-comfyui\ComfyUI_windows_portable\ComfyUI\comfy\model_management.py", line 1793 in soft_empty_cache
[10:12]   [ComfyUI]   File "C:\workspaces\MotionCapture-1845\portable-comfyui\ComfyUI_windows_portable\ComfyUI\custom_nodes\ComfyUI-MotionCapture\nodes\inference_node.py", line 53 in _clear_cuda_memory
[10:12]   [ComfyUI]   File "C:\workspaces\MotionCapture-1845\portable-comfyui\ComfyUI_windows_portable\ComfyUI\custom_nodes\ComfyUI-MotionCapture\nodes\inference_node.py", line 557 in prepare_data_from_videos
[10:12]   [ComfyUI]   File "C:\workspaces\MotionCapture-1845\portable-comfyui\ComfyUI_windows_portable\ComfyUI\custom_nodes\ComfyUI-MotionCapture\nodes\inference_node.py", line 775 in execute
[10:12]   [ComfyUI]   File "C:\workspaces\MotionCapture-1845\portable-comfyui\ComfyUI_windows_portable\ComfyUI\comfy_api\latest\_io.py", line 1826 in EXECUTE_NORMALIZED
[10:12]   [ComfyUI]   File "C:\Users\ContainerAdministrator\AppData\Local\Temp\comfyui_pvenv_kqy_i883\persistent_worker.py", line 1762 in main
[10:12]   [ComfyUI]   File "C:\Users\ContainerAdministrator\AppData\Local\Temp\comfyui_pvenv_kqy_i883\persistent_worker.py", line 1807 in <module>
[10:12]   [ComfyUI] 
[10:12]   [ComfyUI] [worker:ComfyUI-MotionCapture] === END ===
[10:12]   [ComfyUI] 
[10:12]   [ComfyUI] [worker:ComfyUI-MotionCapture] INFO: [GVHMRInference] ViTPose chunk [384:416] (32 frames)
[10:12]   [ComfyUI] [05/10 18:55:30][INFO] [GVHMRInference] ViTPose chunk [384:416] (32 frames)
[10:13]   [ComfyUI] [SubprocessWorker] callback 'report_progress' from call_id=13
[10:13]   Frame 12 saved (frame_011.jpg, t=62.2s)
[10:13]   [capture-periodic] freeze=3ms shot=124ms unfreeze=11ms saved=True
[10:13]   [ComfyUI] [SubprocessWorker] callback 'report_progress' from call_id=13
[10:14]   [ComfyUI] [SubprocessWorker] callback 'report_progress' from call_id=13
[10:14]   [ComfyUI] [SubprocessWorker] callback 'report_progress' from call_id=13
[10:14]   [ComfyUI] [worker:ComfyUI-MotionCapture] INFO: [Memory] After ViTPose chunk [384:416]: (unable to read /proc/self/status)
[10:14]   [ComfyUI] [05/10 18:55:32][INFO] [Memory] After ViTPose chunk [384:416]: (unable to read /proc/self/status)
[10:15]   [ComfyUI] [worker:ComfyUI-MotionCapture] INFO: [GVHMRInference] ViTPose chunk [416:448] (32 frames)
[10:15]   [ComfyUI] [05/10 18:55:33][INFO] [GVHMRInference] ViTPose chunk [416:448] (32 frames)
[10:15]   [capture-loop] iter=500 t=64.3s state={'complete': False, 'error': None, 'executedCount': 0, 'wsState': 1} eval_ms=5 ram=11.2/31.9GB (35%) swap=1.2/10.5GB (12%) cpu=23% browser_rss=0.74GB
[10:16]   [ComfyUI] [SubprocessWorker] callback 'report_progress' from call_id=13
[10:16]   [ComfyUI] [SubprocessWorker] callback 'report_progress' from call_id=13
[10:16]   [ComfyUI] [SubprocessWorker] callback 'report_progress' from call_id=13
[10:17]   [ComfyUI] [SubprocessWorker] callback 'report_progress' from call_id=13
[10:17]   [ComfyUI] [worker:ComfyUI-MotionCapture] INFO: [Memory] After ViTPose chunk [416:448]: (unable to read /proc/self/status)
[10:17]   [ComfyUI] [05/10 18:55:35][INFO] [Memory] After ViTPose chunk [416:448]: (unable to read /proc/self/status)
[10:18]   [ComfyUI] [worker:ComfyUI-MotionCapture] INFO: [GVHMRInference] ViTPose chunk [448:480] (32 frames)
[10:18]   [ComfyUI] [05/10 18:55:36][INFO] [GVHMRInference] ViTPose chunk [448:480] (32 frames)
[10:19]   [ComfyUI] [SubprocessWorker] callback 'report_progress' from call_id=13
[10:19]   [ComfyUI] [SubprocessWorker] callback 'report_progress' from call_id=13
[10:19]   [ComfyUI] [SubprocessWorker] callback 'report_progress' from call_id=13
[10:19]   [ComfyUI] [SubprocessWorker] callback 'report_progress' from call_id=13
[10:20]   [ComfyUI] [worker:ComfyUI-MotionCapture] INFO: [Memory] After ViTPose chunk [448:480]: (unable to read /proc/self/status)
[10:20]   [ComfyUI] [05/10 18:55:38][INFO] [Memory] After ViTPose chunk [448:480]: (unable to read /proc/self/status)
[10:20]   [ComfyUI] [worker:ComfyUI-MotionCapture] INFO: [GVHMRInference] ViTPose chunk [480:512] (32 frames)
[10:20]   [ComfyUI] [05/10 18:55:38][INFO] [GVHMRInference] ViTPose chunk [480:512] (32 frames)
[10:21]   [ComfyUI] [SubprocessWorker] callback 'report_progress' from call_id=13
[10:21]   [ComfyUI] [SubprocessWorker] callback 'report_progress' from call_id=13
[10:22]   [ComfyUI] [SubprocessWorker] callback 'report_progress' from call_id=13
[10:22]   [capture-loop] iter=550 t=70.8s state={'complete': False, 'error': None, 'executedCount': 0, 'wsState': 1} eval_ms=10 ram=11.3/31.9GB (36%) swap=1.2/10.5GB (12%) cpu=30% browser_rss=0.74GB
[10:22]   [ComfyUI] [SubprocessWorker] callback 'report_progress' from call_id=13
[10:22]   [ComfyUI] [worker:ComfyUI-MotionCapture] INFO: [Memory] After ViTPose chunk [480:512]: (unable to read /proc/self/status)
[10:22]   [ComfyUI] [05/10 18:55:40][INFO] [Memory] After ViTPose chunk [480:512]: (unable to read /proc/self/status)
[10:23]   [ComfyUI] [worker:ComfyUI-MotionCapture] INFO: [GVHMRInference] ViTPose chunk [512:544] (32 frames)
[10:23]   [ComfyUI] [05/10 18:55:41][INFO] [GVHMRInference] ViTPose chunk [512:544] (32 frames)
[10:24]   [ComfyUI] [SubprocessWorker] callback 'report_progress' from call_id=13
[10:24]   [ComfyUI] [SubprocessWorker] callback 'report_progress' from call_id=13
[10:24]   [ComfyUI] [SubprocessWorker] callback 'report_progress' from call_id=13
[10:24]   [ComfyUI] [SubprocessWorker] callback 'report_progress' from call_id=13
[10:24]   Frame 13 saved (frame_012.jpg, t=73.3s)
[10:24]   [capture-periodic] freeze=6ms shot=164ms unfreeze=8ms saved=True
[10:24]   [ComfyUI] [worker:ComfyUI-MotionCapture] INFO: [Memory] After ViTPose chunk [512:544]: (unable to read /proc/self/status)
[10:24]   [ComfyUI] [05/10 18:55:42][INFO] [Memory] After ViTPose chunk [512:544]: (unable to read /proc/self/status)
[10:25]   [ComfyUI] [worker:ComfyUI-MotionCapture] INFO: [GVHMRInference] ViTPose chunk [544:551] (7 frames)
[10:25]   [ComfyUI] [05/10 18:55:43][INFO] [GVHMRInference] ViTPose chunk [544:551] (7 frames)
[10:25]   [ComfyUI] [SubprocessWorker] callback 'report_progress' from call_id=13
[10:25]   [ComfyUI] [worker:ComfyUI-MotionCapture] INFO: [Memory] After ViTPose chunk [544:551]: (unable to read /proc/self/status)
[10:25]   [ComfyUI] [05/10 18:55:43][INFO] [Memory] After ViTPose chunk [544:551]: (unable to read /proc/self/status)
[10:25]   [ComfyUI] [SubprocessWorker] callback 'request_vram_budget' from call_id=13
[10:25]   [ComfyUI] [comfy-env] VRAM request: 1.34GB, free before eviction: 11.79GB
[10:25]   [ComfyUI] [comfy-env] VRAM after eviction: 11.79GB
[10:25]   [ComfyUI] [worker:ComfyUI-MotionCapture] INFO: Requested to load HMR2
[10:25]   [ComfyUI] [05/10 18:55:43][INFO] Requested to load HMR2
[10:26]   [ComfyUI] [worker:ComfyUI-MotionCapture] [VRAM] +359MB (now 1574MB) reserved=1600MB peak=1574MB
[10:26]   [ComfyUI] [worker:ComfyUI-MotionCapture] INFO: loaded completely; 8555.29 MB usable, 1278.33 MB loaded, full load: True
[10:26]   [ComfyUI] [05/10 18:55:44][INFO] loaded completely; 8555.29 MB usable, 1278.33 MB loaded, full load: True
[10:26]   [ComfyUI] [worker:ComfyUI-MotionCapture] INFO: [Memory] HMR2 on GPU: (unable to read /proc/self/status)
[10:26]   [ComfyUI] [05/10 18:55:44][INFO] [Memory] HMR2 on GPU: (unable to read /proc/self/status)
[10:26]   [ComfyUI] [worker:ComfyUI-MotionCapture] INFO: [GVHMRInference] Pass 2/2 (HMR2): 18 chunks...
[10:26]   [ComfyUI] [05/10 18:55:44][INFO] [GVHMRInference] Pass 2/2 (HMR2): 18 chunks...
[10:26]   [ComfyUI] [worker:ComfyUI-MotionCapture] INFO: [GVHMRInference] HMR2 chunk 1/18
[10:26]   [ComfyUI] [05/10 18:55:44][INFO] [GVHMRInference] HMR2 chunk 1/18
[10:26]   [ComfyUI] [SubprocessWorker] callback 'report_progress' from call_id=13
[10:26]   [ComfyUI] [SubprocessWorker] callback 'report_progress' from call_id=13
[10:26]   [ComfyUI] [SubprocessWorker] callback 'report_progress' from call_id=13
[10:26]   [ComfyUI] [SubprocessWorker] callback 'report_progress' from call_id=13
[10:27]   [ComfyUI] [worker:ComfyUI-MotionCapture] INFO: [GVHMRInference] HMR2 chunk 2/18
[10:27]   [ComfyUI] [worker:ComfyUI-MotionCapture] [VRAM] +928MB (now 2503MB) reserved=2592MB peak=2528MB
[10:27]   [ComfyUI] [05/10 18:55:45][INFO] [GVHMRInference] HMR2 chunk 2/18
[10:27]   [ComfyUI] [SubprocessWorker] callback 'report_progress' from call_id=13
[10:27]   Frame 14 saved (frame_013.jpg, t=75.6s)
[10:27]   [capture-periodic] freeze=8ms shot=156ms unfreeze=5ms saved=True
[10:27]   [ComfyUI] [SubprocessWorker] callback 'report_progress' from call_id=13
[10:27]   [ComfyUI] [SubprocessWorker] callback 'report_progress' from call_id=13
[10:27]   [ComfyUI] [SubprocessWorker] callback 'report_progress' from call_id=13
[10:27]   [ComfyUI] [worker:ComfyUI-MotionCapture] INFO: [GVHMRInference] HMR2 chunk 3/18
[10:27]   [ComfyUI] [05/10 18:55:45][INFO] [GVHMRInference] HMR2 chunk 3/18
[10:27]   [ComfyUI] [SubprocessWorker] callback 'report_progress' from call_id=13
[10:27]   [ComfyUI] [SubprocessWorker] callback 'report_progress' from call_id=13
[10:28]   [ComfyUI] [SubprocessWorker] callback 'report_progress' from call_id=13
[10:28]   [ComfyUI] [SubprocessWorker] callback 'report_progress' from call_id=13
[10:28]   [ComfyUI] [worker:ComfyUI-MotionCapture] INFO: [GVHMRInference] HMR2 chunk 4/18
[10:28]   [ComfyUI] [05/10 18:55:46][INFO] [GVHMRInference] HMR2 chunk 4/18
[10:28]   [ComfyUI] [SubprocessWorker] callback 'report_progress' from call_id=13
[10:28]   [ComfyUI] [SubprocessWorker] callback 'report_progress' from call_id=13
[10:28]   [ComfyUI] [SubprocessWorker] callback 'report_progress' from call_id=13
[10:28]   [ComfyUI] [SubprocessWorker] callback 'report_progress' from call_id=13
[10:28]   [capture-loop] iter=600 t=77.4s state={'complete': False, 'error': None, 'executedCount': 0, 'wsState': 1} eval_ms=5 ram=9.7/31.9GB (30%) swap=1.2/10.5GB (12%) cpu=35% browser_rss=0.74GB
[10:28]   [ComfyUI] [worker:ComfyUI-MotionCapture] INFO: [GVHMRInference] HMR2 chunk 5/18
[10:28]   [ComfyUI] [05/10 18:55:46][INFO] [GVHMRInference] HMR2 chunk 5/18
[10:29]   [ComfyUI] [SubprocessWorker] callback 'report_progress' from call_id=13
[10:29]   [ComfyUI] [SubprocessWorker] callback 'report_progress' from call_id=13
[10:29]   [ComfyUI] [SubprocessWorker] callback 'report_progress' from call_id=13
[10:29]   [ComfyUI] [SubprocessWorker] callback 'report_progress' from call_id=13
[10:29]   Frame 15 saved (frame_014.jpg, t=77.9s)
[10:29]   [capture-periodic] freeze=10ms shot=184ms unfreeze=4ms saved=True
[10:29]   [ComfyUI] [worker:ComfyUI-MotionCapture] INFO: [GVHMRInference] HMR2 chunk 6/18
[10:29]   [ComfyUI] [05/10 18:55:47][INFO] [GVHMRInference] HMR2 chunk 6/18
[10:29]   [ComfyUI] [SubprocessWorker] callback 'report_progress' from call_id=13
[10:29]   [ComfyUI] [SubprocessWorker] callback 'report_progress' from call_id=13
[10:29]   [ComfyUI] [SubprocessWorker] callback 'report_progress' from call_id=13
[10:29]   [ComfyUI] [SubprocessWorker] callback 'report_progress' from call_id=13
[10:30]   [ComfyUI] [worker:ComfyUI-MotionCapture] INFO: [GVHMRInference] HMR2 chunk 7/18
[10:30]   [ComfyUI] [05/10 18:55:48][INFO] [GVHMRInference] HMR2 chunk 7/18
[10:30]   [ComfyUI] [SubprocessWorker] callback 'report_progress' from call_id=13
[10:30]   [ComfyUI] [SubprocessWorker] callback 'report_progress' from call_id=13
[10:30]   [ComfyUI] [SubprocessWorker] callback 'report_progress' from call_id=13
[10:30]   [ComfyUI] [SubprocessWorker] callback 'report_progress' from call_id=13
[10:30]   [ComfyUI] [worker:ComfyUI-MotionCapture] INFO: [GVHMRInference] HMR2 chunk 8/18
[10:30]   [ComfyUI] [05/10 18:55:48][INFO] [GVHMRInference] HMR2 chunk 8/18
[10:30]   [ComfyUI] [SubprocessWorker] callback 'report_progress' from call_id=13
[10:30]   [ComfyUI] [SubprocessWorker] callback 'report_progress' from call_id=13
[10:31]   [ComfyUI] [SubprocessWorker] callback 'report_progress' from call_id=13
[10:31]   [ComfyUI] [SubprocessWorker] callback 'report_progress' from call_id=13
[10:31]   [ComfyUI] [worker:ComfyUI-MotionCapture] INFO: [GVHMRInference] HMR2 chunk 9/18
[10:31]   [ComfyUI] [05/10 18:55:49][INFO] [GVHMRInference] HMR2 chunk 9/18
[10:31]   [ComfyUI] [SubprocessWorker] callback 'report_progress' from call_id=13
[10:31]   [ComfyUI] [SubprocessWorker] callback 'report_progress' from call_id=13
[10:31]   [ComfyUI] [SubprocessWorker] callback 'report_progress' from call_id=13
[10:31]   [ComfyUI] [SubprocessWorker] callback 'report_progress' from call_id=13
[10:31]   Frame 16 saved (frame_015.jpg, t=80.2s)
[10:31]   [capture-periodic] freeze=10ms shot=166ms unfreeze=6ms saved=True
[10:31]   [ComfyUI] [worker:ComfyUI-MotionCapture] INFO: [GVHMRInference] HMR2 chunk 10/18
[10:31]   [ComfyUI] [05/10 18:55:49][INFO] [GVHMRInference] HMR2 chunk 10/18
[10:32]   [ComfyUI] [SubprocessWorker] callback 'report_progress' from call_id=13
[10:32]   [ComfyUI] [SubprocessWorker] callback 'report_progress' from call_id=13
[10:32]   [ComfyUI] [SubprocessWorker] callback 'report_progress' from call_id=13
[10:32]   [ComfyUI] [SubprocessWorker] callback 'report_progress' from call_id=13
[10:32]   [ComfyUI] [worker:ComfyUI-MotionCapture] INFO: [GVHMRInference] HMR2 chunk 11/18
[10:32]   [ComfyUI] [05/10 18:55:50][INFO] [GVHMRInference] HMR2 chunk 11/18
[10:32]   [ComfyUI] [SubprocessWorker] callback 'report_progress' from call_id=13
[10:32]   [ComfyUI] [SubprocessWorker] callback 'report_progress' from call_id=13
[10:32]   [ComfyUI] [SubprocessWorker] callback 'report_progress' from call_id=13
[10:32]   [ComfyUI] [SubprocessWorker] callback 'report_progress' from call_id=13
[10:33]   [ComfyUI] [worker:ComfyUI-MotionCapture] INFO: [GVHMRInference] HMR2 chunk 12/18
[10:33]   [ComfyUI] [05/10 18:55:51][INFO] [GVHMRInference] HMR2 chunk 12/18
[10:33]   [ComfyUI] [SubprocessWorker] callback 'report_progress' from call_id=13
[10:33]   [ComfyUI] [SubprocessWorker] callback 'report_progress' from call_id=13
[10:33]   [ComfyUI] [SubprocessWorker] callback 'report_progress' from call_id=13
[10:33]   [ComfyUI] [SubprocessWorker] callback 'report_progress' from call_id=13
[10:33]   [ComfyUI] [worker:ComfyUI-MotionCapture] INFO: [GVHMRInference] HMR2 chunk 13/18
[10:33]   [ComfyUI] [05/10 18:55:51][INFO] [GVHMRInference] HMR2 chunk 13/18
[10:33]   [ComfyUI] [SubprocessWorker] callback 'report_progress' from call_id=13
[10:33]   [ComfyUI] [SubprocessWorker] callback 'report_progress' from call_id=13
[10:34]   Frame 17 saved (frame_016.jpg, t=82.5s)
[10:34]   [capture-periodic] freeze=6ms shot=178ms unfreeze=4ms saved=True
[10:34]   [ComfyUI] [SubprocessWorker] callback 'report_progress' from call_id=13
[10:34]   [ComfyUI] [SubprocessWorker] callback 'report_progress' from call_id=13
[10:34]   [ComfyUI] [worker:ComfyUI-MotionCapture] INFO: [GVHMRInference] HMR2 chunk 14/18
[10:34]   [ComfyUI] [05/10 18:55:52][INFO] [GVHMRInference] HMR2 chunk 14/18
[10:34]   [ComfyUI] [SubprocessWorker] callback 'report_progress' from call_id=13
[10:34]   [ComfyUI] [SubprocessWorker] callback 'report_progress' from call_id=13
[10:34]   [ComfyUI] [SubprocessWorker] callback 'report_progress' from call_id=13
[10:34]   [ComfyUI] [SubprocessWorker] callback 'report_progress' from call_id=13
[10:34]   [ComfyUI] [worker:ComfyUI-MotionCapture] INFO: [GVHMRInference] HMR2 chunk 15/18
[10:34]   [ComfyUI] [05/10 18:55:52][INFO] [GVHMRInference] HMR2 chunk 15/18
[10:35]   [ComfyUI] [SubprocessWorker] callback 'report_progress' from call_id=13
[10:35]   [ComfyUI] [SubprocessWorker] callback 'report_progress' from call_id=13
[10:35]   [ComfyUI] [SubprocessWorker] callback 'report_progress' from call_id=13
[10:35]   [ComfyUI] [SubprocessWorker] callback 'report_progress' from call_id=13
[10:35]   [capture-loop] iter=650 t=84.1s state={'complete': False, 'error': None, 'executedCount': 0, 'wsState': 1} eval_ms=4 ram=9.7/31.9GB (30%) swap=1.2/10.5GB (12%) cpu=48% browser_rss=0.75GB
[10:35]   [ComfyUI] [worker:ComfyUI-MotionCapture] INFO: [GVHMRInference] HMR2 chunk 16/18
[10:35]   [ComfyUI] [05/10 18:55:53][INFO] [GVHMRInference] HMR2 chunk 16/18
[10:35]   [ComfyUI] [SubprocessWorker] callback 'report_progress' from call_id=13
[10:35]   [ComfyUI] [SubprocessWorker] callback 'report_progress' from call_id=13
[10:35]   [ComfyUI] [SubprocessWorker] callback 'report_progress' from call_id=13
[10:35]   [ComfyUI] [SubprocessWorker] callback 'report_progress' from call_id=13
[10:36]   [ComfyUI] [worker:ComfyUI-MotionCapture] INFO: [GVHMRInference] HMR2 chunk 17/18
[10:36]   [ComfyUI] [05/10 18:55:54][INFO] [GVHMRInference] HMR2 chunk 17/18
[10:36]   [ComfyUI] [SubprocessWorker] callback 'report_progress' from call_id=13
[10:36]   Frame 18 saved (frame_017.jpg, t=84.7s)
[10:36]   [capture-periodic] freeze=3ms shot=147ms unfreeze=12ms saved=True
[10:36]   [ComfyUI] [SubprocessWorker] callback 'report_progress' from call_id=13
[10:36]   [ComfyUI] [SubprocessWorker] callback 'report_progress' from call_id=13
[10:36]   [ComfyUI] [SubprocessWorker] callback 'report_progress' from call_id=13
[10:36]   [ComfyUI] [worker:ComfyUI-MotionCapture] INFO: [GVHMRInference] HMR2 chunk 18/18
[10:36]   [ComfyUI] [05/10 18:55:54][INFO] [GVHMRInference] HMR2 chunk 18/18
[10:36]   [ComfyUI] [SubprocessWorker] callback 'report_progress' from call_id=13
[10:37]   [ComfyUI] [worker:ComfyUI-MotionCapture] INFO: [Memory] After HMR2 pass: (unable to read /proc/self/status)
[10:37]   [ComfyUI] [05/10 18:55:55][INFO] [Memory] After HMR2 pass: (unable to read /proc/self/status)
[10:37]   [ComfyUI] [worker:ComfyUI-MotionCapture] INFO: [GVHMRInference] ViTPose complete: kp2d=torch.Size([551, 17, 3]) dtype=torch.float32
[10:37]   [ComfyUI] [05/10 18:55:55][INFO] [GVHMRInference] ViTPose complete: kp2d=torch.Size([551, 17, 3]) dtype=torch.float32
[10:37]   [ComfyUI] [worker:ComfyUI-MotionCapture] INFO: [GVHMRInference] HMR2 complete: f_imgseq=torch.Size([551, 1024]) dtype=torch.bfloat16
[10:37]   [ComfyUI] [05/10 18:55:55][INFO] [GVHMRInference] HMR2 complete: f_imgseq=torch.Size([551, 1024]) dtype=torch.bfloat16
[10:37]   [ComfyUI] [worker:ComfyUI-MotionCapture] INFO: [Memory] After all chunks processed: (unable to read /proc/self/status)
[10:37]   [ComfyUI] [05/10 18:55:55][INFO] [Memory] After all chunks processed: (unable to read /proc/self/status)
[10:37]   [ComfyUI] [worker:ComfyUI-MotionCapture] INFO: [GVHMRInference] Features offloaded to disk: C:\Users\ContainerAdministrator\AppData\Local\Temp\f_imgseq_510w5kqo.safetensors
[10:37]   [ComfyUI] [05/10 18:55:55][INFO] [GVHMRInference] Features offloaded to disk: C:\Users\ContainerAdministrator\AppData\Local\Temp\f_imgseq_510w5kqo.safetensors
[10:37]   [ComfyUI] [worker:ComfyUI-MotionCapture] INFO: [GVHMRInference] Using provided camera intrinsics, input shape: torch.Size([1, 3, 3])
[10:37]   [ComfyUI] [05/10 18:55:55][INFO] [GVHMRInference] Using provided camera intrinsics, input shape: torch.Size([1, 3, 3])
[10:37]   [ComfyUI] [worker:ComfyUI-MotionCapture] INFO: [GVHMRInference] Intrinsics fx=3278.2, fy=2455.5, cx=960.0, cy=540.0
[10:37]   [ComfyUI] [05/10 18:55:55][INFO] [GVHMRInference] Intrinsics fx=3278.2, fy=2455.5, cx=960.0, cy=540.0
[10:37]   [ComfyUI] [worker:ComfyUI-MotionCapture] INFO: [GVHMRInference] Camera mode: MOVING (vo_method=simple_vo)
[10:37]   [ComfyUI] [05/10 18:55:55][INFO] [GVHMRInference] Camera mode: MOVING (vo_method=simple_vo)
[10:37]   [ComfyUI] [worker:ComfyUI-MotionCapture] INFO: [GVHMRInference] Running SimpleVO for moving camera (scale=0.5, step=8)...
[10:37]   [ComfyUI] [05/10 18:55:55][INFO] [GVHMRInference] Running SimpleVO for moving camera (scale=0.5, step=8)...
[10:37]   [ComfyUI] [worker:ComfyUI-MotionCapture] INFO: [GVHMRInference] Using temp video: C:\Users\ContainerAdministrator\AppData\Local\Temp\tmp1gmvvo5v.mp4 (551 frames)
[10:37]   [ComfyUI] [05/10 18:55:55][INFO] [GVHMRInference] Using temp video: C:\Users\ContainerAdministrator\AppData\Local\Temp\tmp1gmvvo5v.mp4 (551 frames)
[10:37]   [ComfyUI] [worker:ComfyUI-MotionCapture] INFO: [GVHMRInference] SimpleVO params: f_mm=24, scale=0.5, step=8, method=sift
[10:37]   [ComfyUI] [05/10 18:55:55][INFO] [GVHMRInference] SimpleVO params: f_mm=24, scale=0.5, step=8, method=sift
[10:41]   [capture-loop] iter=700 t=90.6s state={'complete': False, 'error': None, 'executedCount': 0, 'wsState': 1} eval_ms=4 ram=10.0/31.9GB (31%) swap=1.2/10.5GB (12%) cpu=17% browser_rss=0.75GB
[10:44]   [ComfyUI] [worker:ComfyUI-MotionCapture] INFO: Choosen frames shape: (70, 540, 960, 3)
[10:44]   [ComfyUI] [05/10 18:56:02][INFO] Choosen frames shape: (70, 540, 960, 3)
[10:44]   [ComfyUI] [SubprocessWorker] callback 'report_progress' from call_id=13
[10:45]   [ComfyUI] [SubprocessWorker] callback 'report_progress' from call_id=13
[10:45]   [ComfyUI] [SubprocessWorker] callback 'report_progress' from call_id=13
[10:45]   [ComfyUI] [SubprocessWorker] callback 'report_progress' from call_id=13
[10:45]   [ComfyUI] [worker:ComfyUI-MotionCapture] Traceback (most recent call last):
[10:45]   [ComfyUI] 
[10:45]   [ComfyUI] [worker:ComfyUI-MotionCapture]   File "C:\workspaces\MotionCapture-1845\portable-comfyui\ComfyUI_windows_portable\ComfyUI\custom_nodes\ComfyUI-MotionCapture\nodes\inference_node.py", line 667, in prepare_data_from_videos
[10:45]   [ComfyUI]     T_w2c_list = vo.compute()
[10:45]   [ComfyUI] 
[10:45]   [ComfyUI] [worker:ComfyUI-MotionCapture]   File "C:\workspaces\MotionCapture-1845\portable-comfyui\ComfyUI_windows_portable\ComfyUI\custom_nodes\ComfyUI-MotionCapture\nodes\motion_utils\simple_vo.py", line 44, in compute
[10:45]   [ComfyUI]     T_w2c_list = self.process_video_T_w2c_list_np(frames, matcher, solver)
[10:45]   [ComfyUI] 
[10:45]   [ComfyUI] [worker:ComfyUI-MotionCapture]   File "C:\workspaces\MotionCapture-1845\portable-comfyui\ComfyUI_windows_portable\ComfyUI\custom_nodes\ComfyUI-MotionCapture\nodes\motion_utils\simple_vo.py", line 62, in process_video_T_w2c_list_np
[10:45]   [ComfyUI]     T_delta = solver.solve(pts0, pts1)  # T_delta = T_curr @ T_last^-1
[10:45]   [ComfyUI] 
[10:45]   [ComfyUI] [worker:ComfyUI-MotionCapture]   File "C:\workspaces\MotionCapture-1845\portable-comfyui\ComfyUI_windows_portable\ComfyUI\custom_nodes\ComfyUI-MotionCapture\nodes\motion_utils\solver_two_view.py", line 140, in solve
[10:45]   [ComfyUI]     return self.solver.solve(pts0, pts1)
[10:45]   [ComfyUI]            ~~~~~~~~~~~~~~~~~^^^^^^^^^^^^
[10:45]   [ComfyUI] 
[10:45]   [ComfyUI] [worker:ComfyUI-MotionCapture]   File "C:\workspaces\MotionCapture-1845\portable-comfyui\ComfyUI_windows_portable\ComfyUI\custom_nodes\ComfyUI-MotionCapture\nodes\motion_utils\solver_two_view.py", line 109, in solve
[10:45]   [ComfyUI]     Rt = answer.cam2_from_cam1.matrix().astype(np.float32)  # shape (3, 4)
[10:45]   [ComfyUI]          ^^^^^^^^^^^^^^^^^^^^^^^^^^^^
[10:46]   [ComfyUI] 
[10:46]   [ComfyUI] [worker:ComfyUI-MotionCapture] AttributeError: 'NoneType' object has no attribute 'matrix'
[10:46]   [ComfyUI] 
[10:46]   [ComfyUI] [worker:ComfyUI-MotionCapture] ERROR: [GVHMRInference] Visual odometry failed: 'NoneType' object has no attribute 'matrix'
[10:46]   [ComfyUI] [worker:ComfyUI-MotionCapture] Traceback (most recent call last):
[10:46]   [ComfyUI] 
[10:46]   [ComfyUI] [worker:ComfyUI-MotionCapture]   File "C:\workspaces\MotionCapture-1845\portable-comfyui\ComfyUI_windows_portable\ComfyUI\custom_nodes\ComfyUI-MotionCapture\nodes\inference_node.py", line 667, in prepare_data_from_videos
[10:46]   [ComfyUI]     T_w2c_list = vo.compute()
[10:46]   [ComfyUI] 
[10:46]   [ComfyUI] [worker:ComfyUI-MotionCapture]   File "C:\workspaces\MotionCapture-1845\portable-comfyui\ComfyUI_windows_portable\ComfyUI\custom_nodes\ComfyUI-MotionCapture\nodes\motion_utils\simple_vo.py", line 44, in compute
[10:46]   [ComfyUI]     T_w2c_list = self.process_video_T_w2c_list_np(frames, matcher, solver)
[10:46]   [ComfyUI] 
[10:46]   [ComfyUI] [worker:ComfyUI-MotionCapture]   File "C:\workspaces\MotionCapture-1845\portable-comfyui\ComfyUI_windows_portable\ComfyUI\custom_nodes\ComfyUI-MotionCapture\nodes\motion_utils\simple_vo.py", line 62, in process_video_T_w2c_list_np
[10:46]   [ComfyUI]     T_delta = solver.solve(pts0, pts1)  # T_delta = T_curr @ T_last^-1
[10:46]   [ComfyUI] 
[10:46]   [ComfyUI] [worker:ComfyUI-MotionCapture]   File "C:\workspaces\MotionCapture-1845\portable-comfyui\ComfyUI_windows_portable\ComfyUI\custom_nodes\ComfyUI-MotionCapture\nodes\motion_utils\solver_two_view.py", line 140, in solve
[10:46]   [ComfyUI]     return self.solver.solve(pts0, pts1)
[10:46]   [ComfyUI]            ~~~~~~~~~~~~~~~~~^^^^^^^^^^^^
[10:46]   [ComfyUI] 
[10:46]   [ComfyUI] [worker:ComfyUI-MotionCapture]   File "C:\workspaces\MotionCapture-1845\portable-comfyui\ComfyUI_windows_portable\ComfyUI\custom_nodes\ComfyUI-MotionCapture\nodes\motion_utils\solver_two_view.py", line 109, in solve
[10:46]   [ComfyUI]     Rt = answer.cam2_from_cam1.matrix().astype(np.float32)  # shape (3, 4)
[10:46]   [ComfyUI]          ^^^^^^^^^^^^^^^^^^^^^^^^^^^^
[10:46]   [ComfyUI] 
[10:46]   [ComfyUI] [worker:ComfyUI-MotionCapture] AttributeError: 'NoneType' object has no attribute 'matrix'
[10:46]   [ComfyUI] 
[10:46]   [ComfyUI] [05/10 18:56:03][ERROR] [GVHMRInference] Visual odometry failed: 'NoneType' object has no attribute 'matrix'
[10:46]   [ComfyUI] [worker:ComfyUI-MotionCapture] WARNING: [GVHMRInference] Falling back to static camera
[10:46]   [ComfyUI] [05/10 18:56:03][WARNING] [GVHMRInference] Falling back to static camera
[10:46]   [ComfyUI] [worker:ComfyUI-MotionCapture] INFO: [GVHMRInference] R_w2c: torch.Size([551, 3, 3]), t_w2c: None
[10:46]   [ComfyUI] [05/10 18:56:04][INFO] [GVHMRInference] R_w2c: torch.Size([551, 3, 3]), t_w2c: None
[10:46]   [ComfyUI] [worker:ComfyUI-MotionCapture] INFO: [GVHMRInference] cam_angvel: torch.Size([551, 6])
[10:46]   [ComfyUI] [05/10 18:56:04][INFO] [GVHMRInference] cam_angvel: torch.Size([551, 6])
[10:46]   [ComfyUI] [worker:ComfyUI-MotionCapture] INFO: [GVHMRInference] === Data dict summary ===
[10:46]   [ComfyUI] [05/10 18:56:04][INFO] [GVHMRInference] === Data dict summary ===
[10:46]   [ComfyUI] [worker:ComfyUI-MotionCapture] INFO: [GVHMRInference]   length: torch.Size([]) dtype=torch.int64
[10:46]   [ComfyUI] [05/10 18:56:04][INFO] [GVHMRInference]   length: torch.Size([]) dtype=torch.int64
[10:46]   [ComfyUI] [worker:ComfyUI-MotionCapture] INFO: [GVHMRInference]   bbx_xys: torch.Size([551, 3]) dtype=torch.float32
[10:46]   [ComfyUI] [05/10 18:56:04][INFO] [GVHMRInference]   bbx_xys: torch.Size([551, 3]) dtype=torch.float32
[10:46]   [ComfyUI] [worker:ComfyUI-MotionCapture] INFO: [GVHMRInference]   kp2d: torch.Size([551, 17, 3]) dtype=torch.float32
[10:46]   [ComfyUI] [05/10 18:56:04][INFO] [GVHMRInference]   kp2d: torch.Size([551, 17, 3]) dtype=torch.float32
[10:46]   [ComfyUI] [worker:ComfyUI-MotionCapture] INFO: [GVHMRInference]   K_fullimg: torch.Size([551, 3, 3]) dtype=torch.float32
[10:46]   [ComfyUI] [05/10 18:56:04][INFO] [GVHMRInference]   K_fullimg: torch.Size([551, 3, 3]) dtype=torch.float32
[10:46]   [ComfyUI] [worker:ComfyUI-MotionCapture] INFO: [GVHMRInference]   cam_angvel: torch.Size([551, 6]) dtype=torch.float32
[10:46]   [ComfyUI] [05/10 18:56:04][INFO] [GVHMRInference]   cam_angvel: torch.Size([551, 6]) dtype=torch.float32
[10:46]   [ComfyUI] [worker:ComfyUI-MotionCapture] INFO: [GVHMRInference]   f_imgseq: None
[10:46]   [ComfyUI] [05/10 18:56:04][INFO] [GVHMRInference]   f_imgseq: None
[10:46]   [ComfyUI] [worker:ComfyUI-MotionCapture] INFO: [GVHMRInference]   f_imgseq_path: str = C:\Users\ContainerAdministrator\AppData\Local\Temp\f_imgseq_510w5kqo.safetensors
[10:46]   [ComfyUI] [05/10 18:56:04][INFO] [GVHMRInference]   f_imgseq_path: str = C:\Users\ContainerAdministrator\AppData\Local\Temp\f_imgseq_510w5kqo.safetensors
[10:46]   [ComfyUI] [worker:ComfyUI-MotionCapture] INFO: [Memory] End of prepare_data_from_videos: (unable to read /proc/self/status)
[10:46]   [ComfyUI] [05/10 18:56:04][INFO] [Memory] End of prepare_data_from_videos: (unable to read /proc/self/status)
[10:46]   [ComfyUI] [worker:ComfyUI-MotionCapture] INFO: [GVHMRInference] Reloading features from disk...
[10:46]   [ComfyUI] [05/10 18:56:04][INFO] [GVHMRInference] Reloading features from disk...
[10:46]   [ComfyUI] [worker:ComfyUI-MotionCapture] INFO: [GVHMRInference] Features reloaded from disk
[10:46]   [ComfyUI] [05/10 18:56:04][INFO] [GVHMRInference] Features reloaded from disk
[10:46]   [ComfyUI] [SubprocessWorker] callback 'request_vram_budget' from call_id=13
[10:46]   [ComfyUI] [comfy-env] VRAM request: 0.08GB, free before eviction: 11.79GB
[10:46]   [ComfyUI] [comfy-env] VRAM after eviction: 11.79GB
[10:46]   [ComfyUI] [worker:ComfyUI-MotionCapture] INFO: Requested to load DemoPL
[10:46]   [ComfyUI] [05/10 18:56:04][INFO] Requested to load DemoPL
[10:46]   [ComfyUI] [worker:ComfyUI-MotionCapture] INFO: loaded completely; 7276.49 MB usable, 77.90 MB loaded, full load: True
[10:46]   [ComfyUI] [05/10 18:56:04][INFO] loaded completely; 7276.49 MB usable, 77.90 MB loaded, full load: True
[10:46]   [ComfyUI] [worker:ComfyUI-MotionCapture] INFO: [Memory] Before GVHMR predict: (unable to read /proc/self/status)
[10:46]   [ComfyUI] [05/10 18:56:04][INFO] [Memory] Before GVHMR predict: (unable to read /proc/self/status)
[10:46]   [ComfyUI] [worker:ComfyUI-MotionCapture] INFO: [GVHMRInference] Running GVHMR model (static_cam=False)...
[10:46]   [ComfyUI] [05/10 18:56:04][INFO] [GVHMRInference] Running GVHMR model (static_cam=False)...
[10:46]   [ComfyUI] [worker:ComfyUI-MotionCapture] INFO: [GVHMRInference] === Pre-predict data shapes ===
[10:46]   [ComfyUI] [05/10 18:56:04][INFO] [GVHMRInference] === Pre-predict data shapes ===
[10:46]   [ComfyUI] [worker:ComfyUI-MotionCapture] INFO: [GVHMRInference]   data[length]: torch.Size([]) dtype=torch.int64 device=cpu
[10:46]   [ComfyUI] [05/10 18:56:04][INFO] [GVHMRInference]   data[length]: torch.Size([]) dtype=torch.int64 device=cpu
[10:46]   [ComfyUI] [worker:ComfyUI-MotionCapture] INFO: [GVHMRInference]   data[bbx_xys]: torch.Size([551, 3]) dtype=torch.float32 device=cpu
[10:46]   [ComfyUI] [05/10 18:56:04][INFO] [GVHMRInference]   data[bbx_xys]: torch.Size([551, 3]) dtype=torch.float32 device=cpu
[10:46]   [ComfyUI] [worker:ComfyUI-MotionCapture] INFO: [GVHMRInference]   data[kp2d]: torch.Size([551, 17, 3]) dtype=torch.float32 device=cpu
[10:46]   [ComfyUI] [05/10 18:56:04][INFO] [GVHMRInference]   data[kp2d]: torch.Size([551, 17, 3]) dtype=torch.float32 device=cpu
[10:46]   [ComfyUI] [worker:ComfyUI-MotionCapture] INFO: [GVHMRInference]   data[K_fullimg]: torch.Size([551, 3, 3]) dtype=torch.float32 device=cpu
[10:46]   [ComfyUI] [05/10 18:56:04][INFO] [GVHMRInference]   data[K_fullimg]: torch.Size([551, 3, 3]) dtype=torch.float32 device=cpu
[10:46]   [ComfyUI] [worker:ComfyUI-MotionCapture] INFO: [GVHMRInference]   data[cam_angvel]: torch.Size([551, 6]) dtype=torch.float32 device=cpu
[10:46]   [ComfyUI] [05/10 18:56:04][INFO] [GVHMRInference]   data[cam_angvel]: torch.Size([551, 6]) dtype=torch.float32 device=cpu
[10:46]   [ComfyUI] [worker:ComfyUI-MotionCapture] INFO: [GVHMRInference]   data[f_imgseq]: torch.Size([551, 1024]) dtype=torch.bfloat16 device=cpu
[10:46]   [ComfyUI] [05/10 18:56:04][INFO] [GVHMRInference]   data[f_imgseq]: torch.Size([551, 1024]) dtype=torch.bfloat16 device=cpu
[10:47]   Frame 19 saved (frame_018.jpg, t=95.8s)
[10:47]   [capture-periodic] freeze=4ms shot=122ms unfreeze=5ms saved=True
[10:48]   [capture-loop] iter=750 t=97.0s state={'complete': False, 'error': None, 'executedCount': 0, 'wsState': 1} eval_ms=4 ram=9.7/31.9GB (30%) swap=1.2/10.5GB (12%) cpu=8% browser_rss=0.74GB
[10:49]   [ComfyUI] [worker:ComfyUI-MotionCapture] INFO: [Memory] After GVHMR predict: (unable to read /proc/self/status)
[10:49]   [ComfyUI] [05/10 18:56:07][INFO] [Memory] After GVHMR predict: (unable to read /proc/self/status)
[10:49]   [ComfyUI] [worker:ComfyUI-MotionCapture] INFO: [GVHMRInference] Saved SMPL params to: C:\workspaces\MotionCapture-1845\portable-comfyui\ComfyUI_windows_portable\ComfyUI\output\smpl_params_0002.npz
[10:49]   [ComfyUI] [05/10 18:56:07][INFO] [GVHMRInference] Saved SMPL params to: C:\workspaces\MotionCapture-1845\portable-comfyui\ComfyUI_windows_portable\ComfyUI\output\smpl_params_0002.npz
[10:49]   [ComfyUI] [worker:ComfyUI-MotionCapture] INFO: [GVHMRInference] Inference complete!
[10:49]   [ComfyUI] [05/10 18:56:07][INFO] [GVHMRInference] Inference complete!
[10:49]   [ComfyUI] [worker:ComfyUI-MotionCapture] INFO: [Memory] Final (before return): (unable to read /proc/self/status)
[10:49]   [ComfyUI] [05/10 18:56:07][INFO] [Memory] Final (before return): (unable to read /proc/self/status)
[10:49]   [ComfyUI] [SubprocessWorker] got response: ok
[10:49]   [ComfyUI] [comfy-env] Created 3 model patchers: ['VitPoseModel_1', 'HMR2_2', 'DemoPL_3']
[10:49]   [ComfyUI] [comfy-env] GVHMRInference done (89.66s): result: NodeOutput
[10:49]   [ComfyUI] [VRAM] After GVHMRInference: 1042 / 12287 MB
[10:49]   [ComfyUI] [VRAM] Loaded: SubprocessModel (89 MB), SubprocessModel (1278 MB), SubprocessModel (1215 MB)
[10:49]   [ComfyUI] [comfy-env] Running SMPLViewer: npz_path: 'C:\\workspaces\\MotionCapture-1845\\portable-comfyui\\Co..., frame_skip: 1, mesh_color: '#4a9eff'
[10:49]   [ComfyUI] [VRAM] Before SMPLViewer: 1042 / 12287 MB
[10:49]   [ComfyUI] [VRAM] Loaded: SubprocessModel (89 MB), SubprocessModel (1278 MB), SubprocessModel (1215 MB)
[10:49]   [ComfyUI] [SubprocessWorker] call_method: nodes.viewer_node.SMPLViewer.EXECUTE_NORMALIZED
[10:49]   [ComfyUI] [SubprocessWorker] acquired lock, ensuring started...
[10:49]   [ComfyUI] [ComfyUI-MotionCapture] Health check: ping (timeout=5.0s)...
[10:49]   [ComfyUI] [ComfyUI-MotionCapture] Health check: ok
[10:49]   [ComfyUI] [SubprocessWorker] worker started/confirmed
[10:49]   [ComfyUI] [SubprocessWorker] serializing kwargs to shm...
[10:49]   [ComfyUI] [SubprocessWorker] created 0 shm blocks
[10:49]   [ComfyUI] [SubprocessWorker] sending request via socket...
[10:49]   [ComfyUI] [SubprocessWorker] call_id=14 sending call_method
[10:49]   [ComfyUI] [worker:ComfyUI-MotionCapture] INFO: [SMPLViewer] Generating 3D mesh data for visualization...
[10:49]   [ComfyUI] [05/10 18:56:07][INFO] [SMPLViewer] Generating 3D mesh data for visualization...
[10:49]   [ComfyUI] [worker:ComfyUI-MotionCapture] INFO: [SMPLViewer] Loading SMPL parameters from: C:\workspaces\MotionCapture-1845\portable-comfyui\ComfyUI_windows_portable\ComfyUI\output\smpl_params_0002.npz
[10:49]   [ComfyUI] [05/10 18:56:07][INFO] [SMPLViewer] Loading SMPL parameters from: C:\workspaces\MotionCapture-1845\portable-comfyui\ComfyUI_windows_portable\ComfyUI\output\smpl_params_0002.npz
[10:49]   [ComfyUI] [worker:ComfyUI-MotionCapture] INFO: [SMPLViewer] Processing 551 frames (skip=1)
[10:49]   [ComfyUI] [05/10 18:56:07][INFO] [SMPLViewer] Processing 551 frames (skip=1)
[10:51]   Frame 20 saved (frame_019.jpg, t=100.2s)
[10:51]   [capture-periodic] freeze=4ms shot=120ms unfreeze=5ms saved=True
[10:54]   [capture-loop] iter=800 t=103.2s state={'complete': False, 'error': None, 'executedCount': 0, 'wsState': 1} eval_ms=4 ram=9.9/31.9GB (31%) swap=1.2/10.5GB (12%) cpu=7% browser_rss=0.74GB
[10:58]   [ComfyUI] [worker:ComfyUI-MotionCapture] INFO: [SMPLViewer] Generated mesh: 551 frames, 6890 vertices, 13776 faces
[10:58]   [ComfyUI] [05/10 18:56:16][INFO] [SMPLViewer] Generated mesh: 551 frames, 6890 vertices, 13776 faces
[10:58]   [ComfyUI] [worker:ComfyUI-MotionCapture] INFO: [SMPLViewer] Wrote smpl_mesh_0002.bin (43.6 MB)
[10:58]   [ComfyUI] [05/10 18:56:16][INFO] [SMPLViewer] Wrote smpl_mesh_0002.bin (43.6 MB)
[10:58]   [ComfyUI] [SubprocessWorker] got response: ok
[10:58]   [ComfyUI] [comfy-env] Created 1 model patchers: ['SMPLX_4']
[10:58]   [ComfyUI] [comfy-env] SMPLViewer done (9.22s): result: NodeOutput
[10:58]   [ComfyUI] [VRAM] After SMPLViewer: 1042 / 12287 MB
[10:58]   [ComfyUI] [VRAM] Loaded: SubprocessModel (65 MB), SubprocessModel (89 MB), SubprocessModel (1278 MB), SubprocessModel (1215 MB)
[10:58]   [ComfyUI] Prompt executed in 107.21 seconds
[10:58]   [ComfyUI] [comfy-env] [VRAM] Before offload 'SMPLX_4' (65 MB) -> cpu: 1042 / 12287 MB
[10:58]   Node executed (1 total), capturing...
[10:58]   [ComfyUI] [ComfyUI-MotionCapture] Health check: ping (timeout=5.0s)...
[10:58]   [ComfyUI] [ComfyUI-MotionCapture] Health check: ok
[10:58]   [ComfyUI] [SubprocessWorker] call_id=15 sending model_to_device
[10:58]   [ComfyUI] [comfy-env] [VRAM] After offload 'SMPLX_4' (65 MB): 1042 / 12287 MB
[10:58]   [ComfyUI] [comfy-env] [VRAM] Before offload 'DemoPL_3' (89 MB) -> cpu: 1042 / 12287 MB
[10:58]   [ComfyUI] [ComfyUI-MotionCapture] Health check: ping (timeout=5.0s)...
[10:58]   [ComfyUI] [ComfyUI-MotionCapture] Health check: ok
[10:58]   [ComfyUI] [SubprocessWorker] call_id=16 sending model_to_device
[10:58]   [ComfyUI] [comfy-env] [VRAM] After offload 'DemoPL_3' (89 MB): 1042 / 12287 MB
[10:58]   [ComfyUI] [comfy-env] [VRAM] Before offload 'VitPoseModel_1' (1215 MB) -> cpu: 1042 / 12287 MB
[10:58]   [ComfyUI] [ComfyUI-MotionCapture] Health check: ping (timeout=5.0s)...
[10:58]   [ComfyUI] [ComfyUI-MotionCapture] Health check: ok
[10:58]   [ComfyUI] [SubprocessWorker] call_id=17 sending model_to_device
[10:58]   [ComfyUI] [worker:ComfyUI-MotionCapture] [VRAM] -240MB (now 2263MB) reserved=2528MB peak=2662MB
[10:59]   [ComfyUI] [comfy-env] [VRAM] After offload 'VitPoseModel_1' (1215 MB): 1042 / 12287 MB
[10:59]   [ComfyUI] [comfy-env] [VRAM] Before offload 'HMR2_2' (1278 MB) -> cpu: 1042 / 12287 MB
[10:59]   [ComfyUI] [ComfyUI-MotionCapture] Health check: ping (timeout=5.0s)...
[10:59]   [ComfyUI] [ComfyUI-MotionCapture] Health check: ok
[10:59]   [ComfyUI] [SubprocessWorker] call_id=18 sending model_to_device
[10:59]   Frame 21 saved (frame_020.jpg, t=107.6s)
[10:59]   [capture-node] freeze=442ms shot=128ms unfreeze=0ms saved=True
[10:59]   Execution complete (t=107.6s)
[10:59]   Captured 21 unique frames over 108.21s
[10:59]   [debug] iframes: 0
[10:59]   [timing] trigger_3d_previews: 0.0s
[10:59]   [ComfyUI] [comfy-env] [VRAM] After offload 'HMR2_2' (1278 MB): 1042 / 12287 MB
[11:01]   Saved high-quality screenshot: GVHMR_cameramotion_executed.png
[11:01]   [timing] final_screenshot: 0.3s
[11:02]   [4/5] SKIPPED (not in gpu list) load_camera_traj.json
[11:02]   [5/5] SKIPPED (not in gpu list) smpl_to_bvh_pipeline.json
[11:02] Results saved to C:\logs\MotionCapture-1845\dev\windows-portable-gpu\results.json
[11:02] Model report: 26 files, 5.6 GB -> C:\logs\MotionCapture-1845\dev\windows-portable-gpu\models.json
[11:02] Saved: C:\logs\MotionCapture-1845\dev\windows-portable-gpu\index.html
[11:02] [EXECUTION] PASSED
[11:02] 
windows_portable: PASSED
[11:02] Stopping ComfyUI server...
