[00:00] Crash dump logging enabled: C:\logs\MotionCapture-1801\dev\windows-gpu\crash_dump.log
[00:00] 
[00:00] [1/5] SYNTAX
[00:00] ----------------------------------------
[00:00] 
[DEBUG] server=None, api=None
[00:00] Found pyproject.toml (modern format)
[00:00] Found requirements.txt (legacy format)
[00:00] Unicode check: OK (all characters cp1252-safe)
[00:00] Forbidden patterns check: OK
[00:00] [SYNTAX] PASSED
[00:00] 
[00:00] [2/5] INSTALL
[00:00] ----------------------------------------
[00:00] 
[DEBUG] server=None, api=None
[00:00] 
Setting up ComfyUI...
[00:00] Creating virtual environment at C:\workspaces\MotionCapture-1801\.venv...
[00:00] Running: uv venv C:\workspaces\MotionCapture-1801\.venv --python 3.13
[00:00] torch_version='2.10.0' -> pinning torch==2.10.0 torchvision==0.25.0 torchaudio==2.10.0
[00:00] Cloning ComfyUI (latest) to C:\workspaces\MotionCapture-1801\ComfyUI...
[00:00] Running: git clone --depth 1 https://github.com/comfyanonymous/ComfyUI.git C:\workspaces\MotionCapture-1801\ComfyUI
[00:02] Pinning torch family from https://download.pytorch.org/whl/cu128: torch==2.10.0 torchvision==0.25.0 torchaudio==2.10.0
[00:02] Running: uv pip install --python C:\workspaces\MotionCapture-1801\.venv\Scripts\python.exe --index-url https://download.pytorch.org/whl/cu128 --extra-index-url https://pypi.org/simple --index-strategy unsafe-best-match torch==2.10.0 torchvision==0.25.0 torchaudio==2.10.0
[00:36] Installing ComfyUI requirements into C:\workspaces\MotionCapture-1801\.venv...
[00:36]     comfyui-frontend-package==1.43.18
[00:36]     comfyui-workflow-templates==0.9.77
[00:36]     comfyui-embedded-docs==0.5.0
[00:36]     torch
[00:36]     torchsde
[00:36]     torchvision
[00:36]     torchaudio
[00:36]     numpy>=1.25.0
[00:36]     einops
[00:36]     transformers>=4.50.3
[00:36]     tokenizers>=0.13.3
[00:36]     sentencepiece
[00:36]     safetensors>=0.4.2
[00:36]     aiohttp>=3.11.8
[00:36]     yarl>=1.18.0
[00:36]     pyyaml
[00:36]     Pillow
[00:36]     scipy
[00:36]     tqdm
[00:36]     psutil
[00:36]     alembic
[00:36]     SQLAlchemy>=2.0.0
[00:36]     filelock
[00:36]     av>=14.2.0
[00:36]     comfy-kitchen>=0.2.8
[00:36]     comfy-aimdo==0.3.0
[00:36]     requests
[00:36]     simpleeval>=1.0.0
[00:36]     blake3
[00:36]     
[00:36]     #non essential dependencies:
[00:36]     kornia>=0.7.1
[00:36]     spandrel
[00:36]     pydantic~=2.0
[00:36]     pydantic-settings~=2.0
[00:36]     PyOpenGL
[00:36]     glfw
[00:36] Running: uv pip install --python C:\workspaces\MotionCapture-1801\.venv\Scripts\python.exe --index-url https://download.pytorch.org/whl/cu128 --extra-index-url https://pypi.org/simple --index-strategy unsafe-best-match -r C:\workspaces\MotionCapture-1801\ComfyUI\requirements.txt
[00:48] 
Installing custom node...
[00:48] Copying ComfyUI-MotionCapture to C:\workspaces\MotionCapture-1801\ComfyUI\custom_nodes\ComfyUI-MotionCapture...
[00:48] Installing node requirements...
[00:48]     comfy-env==0.3.89
[00:48]     comfy-3d-viewers==0.2.44
[00:48] Running: uv pip install --python C:\workspaces\MotionCapture-1801\.venv\Scripts\python.exe --index-url https://download.pytorch.org/whl/cu128 --extra-index-url https://pypi.org/simple --index-strategy unsafe-best-match -r C:\workspaces\MotionCapture-1801\ComfyUI\custom_nodes\ComfyUI-MotionCapture\requirements.txt
[00:50] 
Running install.py...
[00:50] Running: C:\workspaces\MotionCapture-1801\.venv\Scripts\python.exe C:\workspaces\MotionCapture-1801\ComfyUI\custom_nodes\ComfyUI-MotionCapture\install.py
[00:51]   
[00:51]   Installing 3 node dependencies...
[00:51]     Cloning ComfyUI-VideoHelperSuite...
[00:52]     Installing requirements for ComfyUI-VideoHelperSuite...
[00:53]     Cloning ComfyUI-CameraPack...
[00:54]     Cloning ComfyUI-HyMotion...
[00:58]     Installing requirements for ComfyUI-HyMotion...
[01:01]     Running install.py for ComfyUI-HyMotion...
[01:02]   Using uv for installation...
[01:02]   Installing fbxsdkpy==2020.1.post2...
[01:03]   Installing requirements from C:\workspaces\MotionCapture-1801\ComfyUI\custom_nodes\ComfyUI-HyMotion\requirements.txt...
[01:03]   
[01:03]   [requirements] Re-installing main package requirements...
[01:03]     Installing requirements for ComfyUI-MotionCapture...
[01:06]   [comfy-env] _discover: scanning C:\workspaces\MotionCapture-1801\ComfyUI\custom_nodes
[01:06]   [comfy-env] _discover: ComfyUI-CameraPack: no comfy-env.toml found
[01:06]   [comfy-env] _discover: ComfyUI-HyMotion: no comfy-env.toml found
[01:06]   [comfy-env] _discover: ComfyUI-MotionCapture -> motioncapture-nodes (custom_nodes\ComfyUI-MotionCapture\nodes\comfy-env.toml)
[01:06]   [comfy-env] _discover: ComfyUI-VideoHelperSuite: no comfy-env.toml found
[01:06]   [comfy-env] Workspace: C:\Users\ContainerUser\AppData\Local\Programs\comfy-env
[01:06]   [comfy-env] ComfyUI: C:\workspaces\MotionCapture-1801\ComfyUI
[01:06]   [comfy-env] Found 1 node config(s):
[01:06]     - motioncapture-nodes <- custom_nodes\ComfyUI-MotionCapture\nodes\comfy-env.toml (python=host)
[01:06]   [comfy-env] Bootstrap interpreter has python 3.13 + torch 2.10.0 (cu128). Looking for cuda-only wheels matching cu128/torch2.10/cp313.
[01:46]   [comfy-env] GPU: Detection: torch
[01:46]   Recommended: CUDA 13.1
[01:46]   
[01:46]     GPU 0: NVIDIA GeForce RTX 5060 (sm_120) [Blackwell] 8150MB
[01:46]   [comfy-env] Comfyui feature -> torch 2.10.0 from https://download.pytorch.org/whl/cu128 (CUDA 12.8 via bootstrap torch)
[01:46]   [comfy-env] cuda-wheels: 2 package(s) need a matched (cuda, torch, python) combo: ['dpvo_cuda', 'torch-scatter']
[01:46]   [comfy-env] cuda-wheels tier 1 (bootstrap): probing cu12.8/torch2.10/cp313
[01:46]   [cuda-wheels] Looking up dpvo_cuda: cu128 torch2.10 cp313 win_amd64
[01:46]   [cuda-wheels]   Found: dpvo_cuda-0.0.0+cu128torch2.10-cp313-cp313-win_amd64.whl
[01:46]   [cuda-wheels] Looking up torch-scatter: cu128 torch2.10 cp313 win_amd64
[01:47]   [cuda-wheels]   Found: torch_scatter-2.1.2+cu128torch2.10-cp313-cp313-win_amd64.whl
[01:47]   [comfy-env] cuda-wheels combo: cu12.8/torch2.10 (bootstrap matches; per-node envs will pin to this)
[01:47]   [cuda-wheels] Looking up dpvo_cuda: cu128 torch2.10 cp313 win_amd64
[01:47]   [cuda-wheels]   Found: dpvo_cuda-0.0.0+cu128torch2.10-cp313-cp313-win_amd64.whl
[01:47]   [cuda-wheels] Looking up torch-scatter: cu128 torch2.10 cp313 win_amd64
[01:47]   [cuda-wheels]   Found: torch_scatter-2.1.2+cu128torch2.10-cp313-cp313-win_amd64.whl
[01:47]   [comfy-env] motioncapture-nodes: cuda-wheels deferred for post-pixi install (dpvo_cuda, torch-scatter)
[01:47]   Generated C:\Users\ContainerUser\AppData\Local\Programs\comfy-env\pixi.toml
[01:47]   [comfy-env] Patched C:\Users\ContainerUser\AppData\Roaming\uv\python\cpython-3.10-windows-x86_64-none\Lib\platform.py for conda-forge compat
[01:47]   [comfy-env] Patched C:\Users\ContainerUser\AppData\Roaming\uv\python\cpython-3.10.20-windows-x86_64-none\Lib\platform.py for conda-forge compat
[01:47]   [comfy-env] Patched C:\Users\ContainerUser\AppData\Roaming\uv\python\cpython-3.11-windows-x86_64-none\Lib\platform.py for conda-forge compat
[01:47]   [comfy-env] Patched C:\Users\ContainerUser\AppData\Roaming\uv\python\cpython-3.11.15-windows-x86_64-none\Lib\platform.py for conda-forge compat
[01:47]   [comfy-env] Patched C:\Users\ContainerUser\AppData\Roaming\uv\python\cpython-3.12-windows-x86_64-none\Lib\platform.py for conda-forge compat
[01:47]   [comfy-env] Patched C:\Users\ContainerUser\AppData\Roaming\uv\python\cpython-3.12.13-windows-x86_64-none\Lib\platform.py for conda-forge compat
[01:47]   [comfy-env] Patched C:\Users\ContainerUser\AppData\Roaming\uv\python\cpython-3.13-windows-x86_64-none\Lib\platform.py for conda-forge compat
[01:47]   [comfy-env] Patched C:\Users\ContainerUser\AppData\Roaming\uv\python\cpython-3.13.13-windows-x86_64-none\Lib\platform.py for conda-forge compat
[01:47]   [comfy-env] Installing 1 environment(s):
[01:47]     - motioncapture-nodes (python=host, 40 pypi deps, 2 cuda wheels)
[01:47]   [comfy-env] Running `pixi install -e motioncapture-nodes`...
[02:13]      WARN Skipped running the post-link scripts because `run-post-link-scripts` = `false`
[02:13]     	- Scripts/.librsvg-pre-unlink.bat
[02:13]     To enable them, run:
[02:13]     	pixi config set --local run-post-link-scripts insecure
[02:13]     More info:
[02:13]     	https://pixi.sh/latest/reference/pixi_configuration/#run-post-link-scripts
[03:20]     The motioncapture-nodes environment has been installed.
[03:20]   [comfy-env] motioncapture-nodes: installing cuda-wheels with --no-deps (dpvo_cuda, torch-scatter)
[03:21]     Using Python 3.13.13 environment at: .pixi\envs\motioncapture-nodes
[03:22]     Resolved 2 packages in 955ms
[03:22]     Downloading torch-scatter (10.1MiB)
[03:22]     Downloading dpvo-cuda (3.0MiB)
[03:22]      Downloaded dpvo-cuda
[03:22]      Downloaded torch-scatter
[03:22]     Prepared 2 packages in 221ms
[03:22]     Installed 2 packages in 11ms
[03:22]      + dpvo-cuda==0.0.0+cu128torch2.10 (from https://github.com/PozzettiAndrea/cuda-wheels/releases/download/dpvo_cuda-latest/dpvo_cuda-0.0.0%2Bcu128torch2.10-cp313-cp313-win_amd64.whl)
[03:22]      + torch-scatter==2.1.2+cu128torch2.10 (from https://github.com/PozzettiAndrea/cuda-wheels/releases/download/torch_scatter-latest/torch_scatter-2.1.2%2Bcu128torch2.10-cp313-cp313-win_amd64.whl)
[03:22]   [comfy-env] Recorded install hash c36239ee3e9b -> C:\Users\ContainerUser\AppData\Local\Programs\comfy-env\install.hash
[03:22]   [comfy-env] Install log: C:\Users\ContainerUser\AppData\Local\Programs\comfy-env\install.log
[03:22]   
[03:22]   Installation complete!
[03:22] Installing 3 node dependency(ies)...
[03:22]   ComfyUI-VideoHelperSuite from Kosinkadink/ComfyUI-VideoHelperSuite
[03:22]   ComfyUI-VideoHelperSuite already exists, skipping...
[03:22]   ComfyUI-CameraPack from PozzettiAndrea/ComfyUI-CameraPack
[03:22]   ComfyUI-CameraPack already exists, skipping...
[03:22]   ComfyUI-HyMotion from PozzettiAndrea/ComfyUI-HyMotion
[03:22]   ComfyUI-HyMotion already exists, skipping...
[03:22] Installing validation endpoint...
[03:22]   Cloning PozzettiAndrea/ComfyUI-validate-endpoint...
[03:22] Running: git clone --depth 1 https://x-access-token:***@github.com/PozzettiAndrea/ComfyUI-validate-endpoint.git C:\workspaces\MotionCapture-1801\ComfyUI\custom_nodes\ComfyUI-validate-endpoint
[03:23] CUDA packages absent (will mock): dpvo_cuda, torch_scatter
[03:23] [INSTALL] PASSED
[03:23] 
[03:23] [3/5] REGISTRATION
[03:23] ----------------------------------------
[03:23] 
[DEBUG] server=None, api=None
[03:23] 
Starting ComfyUI server...
[03:23] Starting ComfyUI server on port 41880...
[03:23] CUDA mock packages: dpvo_cuda, torch_scatter
[03:23] Starting ComfyUI server on port 41880...
[03:23] Waiting for server to be ready (timeout: 600s)...
[03:25]   [ComfyUI] setup plugin alembic.autogenerate.schemas
[03:25]   [ComfyUI] setup plugin alembic.autogenerate.tables
[03:25]   [ComfyUI] setup plugin alembic.autogenerate.types
[03:25]   [ComfyUI] setup plugin alembic.autogenerate.constraints
[03:25]   [ComfyUI] setup plugin alembic.autogenerate.defaults
[03:25]   [ComfyUI] setup plugin alembic.autogenerate.comments
[03:26]   [ComfyUI] [comfy-env] ComfyUI-MotionCapture: 1 isolation env(s):
[03:26]   [ComfyUI] [comfy-env]   nodes -> C:\workspaces\MotionCapture-1801\ComfyUI\custom_nodes\ComfyUI-MotionCapture\nodes
[03:26]   [ComfyUI] [comfy-env] Workspace: C:\Users\ContainerUser\AppData\Local\Programs\comfy-env
[03:26]   [ComfyUI] [comfy-env]     env: C:\Users\ContainerUser\AppData\Local\Programs\comfy-env\.pixi\envs\motioncapture-nodes  [OK]
[03:26]   [ComfyUI] [comfy-env] prestartup complete
[03:26]   [ComfyUI] 
[03:26]   [ComfyUI] Prestartup times for custom nodes:
[03:26]   [ComfyUI]    0.2 seconds: C:\workspaces\MotionCapture-1801\ComfyUI\custom_nodes\ComfyUI-MotionCapture
[03:26]   [ComfyUI] 
[03:31]   [ComfyUI] WARNING: You need pytorch with cu130 or higher to use optimized CUDA operations.
[03:31]   [ComfyUI] Found comfy_kitchen backend eager: {'available': True, 'disabled': False, 'unavailable_reason': None, 'capabilities': ['apply_rope', 'apply_rope1', 'dequantize_mxfp8', 'dequantize_nvfp4', 'dequantize_per_tensor_fp8', 'quantize_mxfp8', 'quantize_nvfp4', 'quantize_per_tensor_fp8', 'scaled_mm_mxfp8', 'scaled_mm_nvfp4']}
[03:31]   [ComfyUI] Found comfy_kitchen backend cuda: {'available': True, 'disabled': True, 'unavailable_reason': None, 'capabilities': ['apply_rope', 'apply_rope1', 'dequantize_nvfp4', 'dequantize_per_tensor_fp8', 'quantize_mxfp8', 'quantize_nvfp4', 'quantize_per_tensor_fp8']}
[03:31]   [ComfyUI] Found comfy_kitchen backend triton: {'available': False, 'disabled': True, 'unavailable_reason': "ImportError: No module named 'triton'", 'capabilities': []}
[03:31]   [ComfyUI] Checkpoint files will always be loaded safely.
[03:31]   [ComfyUI] Total VRAM 8151 MB, total RAM 24466 MB
[03:31]   [ComfyUI] pytorch version: 2.10.0+cu128
[03:31]   [ComfyUI] Set vram state to: NORMAL_VRAM
[03:31]   [ComfyUI] Device: cuda:0 NVIDIA GeForce RTX 5060 : cudaMallocAsync
[03:31]   [ComfyUI] Using async weight offloading with 2 streams
[03:31]   [ComfyUI] Enabled pinned memory 9786.0
[03:31]   [ComfyUI] working around nvidia conv3d memory bug.
[03:34]   [ComfyUI] Using pytorch attention
[03:42]   [ComfyUI] aimdo: src-win/cuda-detour.c:38:INFO:aimdo_setup_hooks: installing 6 hooks
[03:42]   [ComfyUI] aimdo: src-win/cuda-detour.c:28:DEBUG:install_hook_entries: hooks successfully installed
[03:42]   [ComfyUI] aimdo: src-win/shmem-detect.c:80:INFO:comfy-aimdo WDDM adapter match: NVIDIA GeForce RTX 5060 runtime_luid=00000000:00877def dxgi_luid=00000000:00877def
[03:42]   [ComfyUI] aimdo: src/control.c:152:INFO:comfy-aimdo inited for GPU: NVIDIA GeForce RTX 5060 (VRAM: 8150 MB)
[03:42]   [ComfyUI] DynamicVRAM support detected and enabled
[03:42]   [ComfyUI] Python version: 3.13.13 (main, May 10 2026, 19:31:06) [MSC v.1944 64 bit (AMD64)]
[03:42]   [ComfyUI] ComfyUI version: 0.21.1
[03:42]   [ComfyUI] comfy-aimdo version: 0.3.0
[03:42]   [ComfyUI] comfy-kitchen version: 0.2.8
[03:42]   [ComfyUI] ****** User settings have been changed to be stored on the server instead of browser storage. ******
[03:42]   [ComfyUI] ****** For multi-user setups add the --multi-user CLI argument to enable multiple user profiles. ******
[03:42]   [ComfyUI] comfyui-frontend-package version: 1.43.18
[03:42]   [ComfyUI] comfyui-workflow-templates version: 0.9.77
[03:42]   [ComfyUI] comfyui-embedded-docs version: 0.5.0
[03:42]   [ComfyUI] comfy-kitchen version: 0.2.8
[03:42]   [ComfyUI] comfy-aimdo version: 0.3.0
[03:42]   [ComfyUI] [Prompt Server] web root: C:\workspaces\MotionCapture-1801\.venv\Lib\site-packages\comfyui_frontend_package\static
[03:42]   [ComfyUI] Asset seeder disabled
[03:47]   [ComfyUI] generated new fontManager
[03:48]   [ComfyUI] loading...
[03:48]   [ComfyUI] calling register_nodes
[03:48]   [ComfyUI] [comfy-env] Version: 0.3.89
[03:48]   [ComfyUI] [comfy-env] register_nodes: ComfyUI-MotionCapture
[03:48]   [ComfyUI] [comfy-env] ComfyUI source dir: C:\workspaces\MotionCapture-1801\ComfyUI
[03:48]   [ComfyUI] [comfy-env] Found 1 isolation env(s)
[03:48]   [ComfyUI] [comfy-env] Scanning nodes metadata (isolation root)...
[03:48]   [ComfyUI] [comfy-env] motioncapture-nodes: Library/bin has 237 DLLs
[03:48]   [ComfyUI] [comfy-env] Metadata scan: C:\Users\ContainerUser\.pixi\bin\pixi.exe run --as-is --manifest-path C:\Users\ContainerUser\AppData\Local\Programs\comfy-env\pixi.toml -e motioncapture-nodes python C:\Users\ContainerUser\AppData\Local\Temp\comfy_meta_wvuf6rsw.py C:\workspaces\MotionCapture-1801\ComfyUI\custom_nodes\ComfyUI-MotionCapture nodes C:\Users\ContainerUser\AppData\Local\Temp\comfy_meta_out_o9kv5odo.pkl
[03:48]   [ComfyUI] [comfy-env] Scan env PATH for nodes:
[03:48]   [ComfyUI] [comfy-env]   [0] C:\Users\ContainerUser\AppData\Local\Programs\comfy-env\.pixi\envs\motioncapture-nodes
[03:48]   [ComfyUI] [comfy-env]   [1] C:\Users\ContainerUser\AppData\Local\Programs\comfy-env\.pixi\envs\motioncapture-nodes\Library\bin
[03:48]   [ComfyUI] [comfy-env]   [2] C:\Users\ContainerUser\AppData\Local\Programs\comfy-env\.pixi\envs\motioncapture-nodes\Scripts
[03:48]   [ComfyUI] [comfy-env]   [3] C:\Users\ContainerUser\AppData\Local\Programs\comfy-env\.pixi\envs\motioncapture-nodes\Lib\site-packages\bpy
[03:48]   [ComfyUI] [comfy-env]   [4] C:\Windows\System32
[03:48]   [ComfyUI] [comfy-env]   [5] C:\Windows
[03:48]   [ComfyUI] [comfy-env]   [6] C:\Windows\System32\Wbem
[04:36]   [ComfyUI] [comfy-env] Metadata scan stderr for nodes:
[04:36]   [ComfyUI] [comfy-env]   [meta-scan] importing nodes from C:\workspaces\MotionCapture-1801\ComfyUI\custom_nodes\ComfyUI-MotionCapture
[04:36]   [ComfyUI] [comfy-env]   [05/18 18:05:45][ERROR] Failed to import comfy_kitchen, Error: No module named 'comfy_kitchen', fp8 and fp4 support will not be available.
[04:36]   [ComfyUI] [comfy-env]   [05/18 18:05:45][INFO] Checkpoint files will always be loaded safely.
[04:36]   [ComfyUI] [comfy-env]   C:\workspaces\MotionCapture-1801\ComfyUI\custom_nodes\ComfyUI-MotionCapture\nodes\motion_utils\matrix.py:1064: SyntaxWarning: invalid escape sequence '\*'
[04:36]   [ComfyUI] [comfy-env]     Combine two set of 3D rotations together using \**\* operator. The shape needs to be
[04:36]   [ComfyUI] [comfy-env]   [05/18 18:05:47][INFO] [GVHMRInference] DPVO not installed - only SimpleVO will be available
[04:36]   [ComfyUI] [comfy-env]   [meta-scan] import OK
[04:36]   [ComfyUI] [comfy-env] Scanned nodes: 22 nodes (48.0s)
[04:36]   [ComfyUI] [comfy-env] Scanned nodes root: 22 nodes (48.0s)
[04:36]   [ComfyUI] [comfy-env] Imported nodes root: 22 nodes (isolation)
[04:36]   [ComfyUI] [comfy-env] Registered 22 total nodes
[04:38]   [ComfyUI] 
[04:38]   [ComfyUI] Import times for custom nodes:
[04:38]   [ComfyUI]    0.0 seconds: C:\workspaces\MotionCapture-1801\ComfyUI\custom_nodes\websocket_image_save.py
[04:38]   [ComfyUI]    0.0 seconds: C:\workspaces\MotionCapture-1801\ComfyUI\custom_nodes\ComfyUI-validate-endpoint
[04:38]   [ComfyUI]    0.0 seconds: C:\workspaces\MotionCapture-1801\ComfyUI\custom_nodes\ComfyUI-CameraPack
[04:38]   [ComfyUI]    1.4 seconds: C:\workspaces\MotionCapture-1801\ComfyUI\custom_nodes\ComfyUI-VideoHelperSuite
[04:38]   [ComfyUI]    2.4 seconds: C:\workspaces\MotionCapture-1801\ComfyUI\custom_nodes\ComfyUI-HyMotion
[04:38]   [ComfyUI]   48.5 seconds: C:\workspaces\MotionCapture-1801\ComfyUI\custom_nodes\ComfyUI-MotionCapture
[04:38]   [ComfyUI] 
[04:38]   [ComfyUI] Context impl SQLiteImpl.
[04:38]   [ComfyUI] Will assume non-transactional DDL.
[04:38]   [ComfyUI] Context impl SQLiteImpl.
[04:38]   [ComfyUI] Will assume non-transactional DDL.
[04:38]   [ComfyUI] Running upgrade  -> 0001_assets, Initial assets schema
[04:38]   [ComfyUI] Revision ID: 0001_assets
[04:38]   [ComfyUI] Revises: None
[04:38]   [ComfyUI] Create Date: 2025-12-10 00:00:00
[04:38]   [ComfyUI] Running upgrade 0001_assets -> 0002_merge_to_asset_references, Merge AssetInfo and AssetCacheState into unified asset_references table.
[04:38]   [ComfyUI] Running upgrade 0002_merge_to_asset_references -> 0003_add_metadata_job_id, Add system_metadata and job_id columns to asset_references.
[04:38]   [ComfyUI] Change preview_id FK from assets.id to asset_references.id.
[04:38]   [ComfyUI] Database upgraded from None to 0003_add_metadata_job_id
[04:38]   [ComfyUI] Starting server
[04:38]   [ComfyUI] 
[04:38]   [ComfyUI] To see the GUI go to: http://127.0.0.1:41880
[04:38] Server responding, waiting for nodes to load...
[04:58] Server is ready!
[04:58] Checking for import errors in server logs...
[04:58] No import errors detected
[04:58] Found 808 registered nodes
[04:58] [REGISTRATION] PASSED
[04:58] 
[04:58] [4/5] INSTANTIATION
[04:58] ----------------------------------------
[04:58] 
[DEBUG] server=<comfy_test.comfyui.server.ComfyUIServer object at 0x0000021C33C25A90>, api=<comfy_test.comfyui.api.ComfyUIAPI object at 0x0000021C33C263C0>
[04:58] Testing node constructors...
[04:59] All 22 node(s) instantiated successfully!
[04:59] [INSTANTIATION] PASSED
[04:59] 
[04:59] [5/5] EXECUTION
[04:59] ----------------------------------------
[04:59] 
[DEBUG] server=<comfy_test.comfyui.server.ComfyUIServer object at 0x0000021C33C25A90>, api=<comfy_test.comfyui.api.ComfyUIAPI object at 0x0000021C33C263C0>
[04:59] GPU runner - will execute 2 workflow(s)
[04:59] Running 5 workflow(s) (all with videos)...
[04:59] Installing screenshot dependencies (playwright, pillow)...
[05:00]   Packages installed, downloading chromium browser...
[05:17]   Screenshot dependencies installed successfully
[05:17] Starting headless browser...
[05:17]   Downloading Mesa llvmpipe for Windows...
[05:18]   Mesa download error: <urlopen error [SSL: CERTIFICATE_VERIFY_FAILED] certificate verify failed: unable to get local issuer certificate (_ssl.c:1032)>
[05:18]   Mesa unavailable -- falling back to SwiftShader
[05:20]   [1/5] SKIPPED (not in gpu list) apply_motion_on_character.json
[05:21] Capturing execution frames: GVHMR.json
[05:22]   [ComfyUI] [DEPRECATION WARNING] Detected import of deprecated legacy API: /extensions/core/widgetInputs.js. This is likely caused by a custom node extension using outdated APIs. Please update your extensions or contact the extension author for an updated version.
[05:28]   Frame 1 saved (frame_000.jpg, t=0.0s)
[05:28]   Validating workflow...
[05:28]   [ComfyUI] === /validate endpoint called ===
[05:28]   Queuing workflow for execution...
[05:28]   [ComfyUI] Received JSON with keys: ['prompt']
[05:28]   [ComfyUI] Prompt has 5 nodes
[05:28]   [ComfyUI] [comfy-env] SubprocessWorker: C:\Users\ContainerUser\AppData\Local\Programs\comfy-env\.pixi\envs\motioncapture-nodes\python.exe
[05:28]   [ComfyUI]   Node 2: LoadGVHMRModels
[05:28]   [ComfyUI] [comfy-env] env_vars: {'COMFYUI_BASE': 'C:\\workspaces\\MotionCapture-1801\\ComfyUI'}
[05:28]   [ComfyUI]     Inputs: {"model_path_override": "", "precision": "auto", "attention": "auto", "load_dpvo": false}
[05:28]   [ComfyUI] [ComfyUI-MotionCapture] python: C:\Users\ContainerUser\AppData\Local\Programs\comfy-env\.pixi\envs\motioncapture-nodes\python.exe
[05:28]   [ComfyUI]   Node 11: SMPLViewer
[05:28]   [ComfyUI] [ComfyUI-MotionCapture] sys_path sent to worker: ['C:\\workspaces\\MotionCapture-1801\\ComfyUI', 'C:\\workspaces\\MotionCapture-1801\\ComfyUI\\custom_nodes\\ComfyUI-MotionCapture', 'C:\\Users\\ContainerUser\\AppData\\Local\\Programs\\comfy-env\\.pixi\\envs\\motioncapture-nodes\\Lib\\site-packages', 'C:\\workspaces\\MotionCapture-1801\\ComfyUI\\custom_nodes\\ComfyUI-MotionCapture']
[05:28]   [ComfyUI]     Inputs: {"npz_path": ["16", 0], "frame_skip": 1, "mesh_color": "#4a9eff", "smpl_viewer": ""}
[05:28]   [ComfyUI] [SubprocessWorker] is_pixi=True, python=C:\Users\ContainerUser\AppData\Local\Programs\comfy-env\.pixi\envs\motioncapture-nodes\python.exe
[05:28]   [ComfyUI]   Node 14: LoadVideo
[05:28]   [ComfyUI] [SubprocessWorker] launching cmd=['C:\\Users\\ContainerUser\\.pixi\\bin\\pixi.exe', 'run', '--as-is', '--manifest-path', 'C:\\Users\\ContainerUser\\AppData\\Local\\Programs\\comfy-env\\pixi.toml', '-e', 'motioncapture-nodes', 'python', 'C:\\Users\\ContainerUser\\AppData\\Local\\Temp\\comfyui_pvenv_jggsdgx5\\persistent_worker.py', 'tcp://127.0.0.1:54963']...
[05:28]   [ComfyUI]     Inputs: {"file": "tennis.mp4", "video-preview": ""}
[05:28]   [ComfyUI]   Node 15: LoadVideo
[05:28]   [ComfyUI]     Inputs: {"file": "tennis_mask.mp4", "video-preview": ""}
[05:28]   [ComfyUI]   Node 16: GVHMRInference
[05:28]   [ComfyUI]     Inputs: {"moving_camera": false, "focal_length_mm": 0, "bbox_scale": 1.2, "vo_method": "simple_vo", "vo_scale": 0.5, "vo_step": 8, "chunk_size": 32, "video": ["14", 0], "video_mask": ["15", 0], "config": ["2"
[05:28]   [ComfyUI] Generated prompt_id: 08a8ec4f-81c6-4662-8e11-5d9641709af8
[05:28]   [ComfyUI] Calling execution.validate_prompt()...
[05:28]   [ComfyUI] Validation result: valid=True
[05:28]   [ComfyUI] === Validation PASSED ===
[05:28]   [ComfyUI] got prompt
[05:28]   [ComfyUI] [comfy-env] Running LoadGVHMRModels: model_path_override: '', precision: 'auto', attention: 'auto', load_dpvo: False
[05:28]   [ComfyUI] [VRAM] Before LoadGVHMRModels: 1130 / 8150 MB
[05:28]   [ComfyUI] [SubprocessWorker] call_method: nodes.load_model.LoadGVHMRModels.EXECUTE_NORMALIZED
[05:28]   [ComfyUI] [SubprocessWorker] acquired lock, ensuring started...
[05:28]   [ComfyUI] [comfy-env] motioncapture-nodes: Library/bin has 237 DLLs
[05:30]   Frame 2 saved (frame_001.jpg, t=2.4s)
[05:30]   [capture-periodic] freeze=4ms shot=112ms unfreeze=6ms saved=True
[05:30]   [ComfyUI] [worker:ComfyUI-MotionCapture] ERROR: Failed to import comfy_kitchen, Error: No module named 'comfy_kitchen', fp8 and fp4 support will not be available.
[05:30]   [ComfyUI] [SubprocessWorker] worker started/confirmed
[05:30]   [ComfyUI] [SubprocessWorker] serializing kwargs to shm...
[05:31]   [ComfyUI] [SubprocessWorker] created 0 shm blocks
[05:31]   [ComfyUI] [SubprocessWorker] sending request via socket...
[05:31]   [ComfyUI] [SubprocessWorker] call_id=1 sending call_method
[05:31]   [ComfyUI] [worker:ComfyUI-MotionCapture] INFO: [GVHMRInference] DPVO not installed - only SimpleVO will be available
[05:31]   [ComfyUI] [05/18 18:06:44][INFO] [GVHMRInference] DPVO not installed - only SimpleVO will be available
[05:31]   [ComfyUI] [worker:ComfyUI-MotionCapture] INFO: [LoadGVHMRModels] Checking GVHMR models...
[05:31]   [ComfyUI] [05/18 18:06:44][INFO] [LoadGVHMRModels] Checking GVHMR models...
[05:32]   Frame 3 saved (frame_002.jpg, t=4.7s)
[05:32]   [capture-periodic] freeze=2ms shot=100ms unfreeze=3ms saved=True
[05:32]   [ComfyUI] [worker:ComfyUI-MotionCapture] INFO: [LoadGVHMRModels] Downloading gvhmr from HuggingFace...
[05:32]   [ComfyUI] [05/18 18:06:45][INFO] [LoadGVHMRModels] Downloading gvhmr from HuggingFace...
[05:32]   [ComfyUI] [worker:ComfyUI-MotionCapture] INFO: [LoadGVHMRModels] Repository: apozz/motion-capture-safetensors
[05:32]   [ComfyUI] [05/18 18:06:45][INFO] [LoadGVHMRModels] Repository: apozz/motion-capture-safetensors
[05:32]   [ComfyUI] C:\Users\ContainerUser\AppData\Local\Programs\comfy-env\.pixi\envs\motioncapture-nodes\Lib\site-packages\huggingface_hub\utils\_validators.py:205: UserWarning: The `local_dir_use_symlinks` argument is deprecated and ignored in `hf_hub_download`. Downloading to a local directory does not use symlinks anymore.
[05:32]   [ComfyUI]   warnings.warn(
[05:33]   [ComfyUI] [worker:ComfyUI-MotionCapture] INFO: HTTP Request: HEAD https://huggingface.co/apozz/motion-capture-safetensors/resolve/main/gvhmr.safetensors "HTTP/1.1 302 Found"
[05:33]   [ComfyUI] [05/18 18:06:46][INFO] HTTP Request: HEAD https://huggingface.co/apozz/motion-capture-safetensors/resolve/main/gvhmr.safetensors "HTTP/1.1 302 Found"
[05:33]   [ComfyUI] Warning: You are sending unauthenticated requests to the HF Hub. Please set a HF_TOKEN to enable higher rate limits and faster downloads.
[05:33]   [ComfyUI] [worker:ComfyUI-MotionCapture] WARNING: Warning: You are sending unauthenticated requests to the HF Hub. Please set a HF_TOKEN to enable higher rate limits and faster downloads.
[05:33]   [ComfyUI] [05/18 18:06:46][WARNING] Warning: You are sending unauthenticated requests to the HF Hub. Please set a HF_TOKEN to enable higher rate limits and faster downloads.
[05:33]   [ComfyUI] [worker:ComfyUI-MotionCapture] INFO: HTTP Request: GET https://huggingface.co/api/models/apozz/motion-capture-safetensors/xet-read-token/4d1ff1105aad31ef01d2aa2c1151a0317d267925 "HTTP/1.1 200 OK"
[05:33]   [ComfyUI] [05/18 18:06:46][INFO] HTTP Request: GET https://huggingface.co/api/models/apozz/motion-capture-safetensors/xet-read-token/4d1ff1105aad31ef01d2aa2c1151a0317d267925 "HTTP/1.1 200 OK"
[05:33]   [ComfyUI] 
[05:34]   [capture-loop] iter=50 t=6.0s state={'complete': False, 'error': None, 'executedCount': 0, 'wsState': 1} eval_ms=3 ram=8.4/23.9GB (35%) swap=0.0/3.9GB (0%) cpu=20% browser_rss=0.76GB
[05:35]   [ComfyUI] gvhmr.safetensors:   0%|          | 0.00/163M [00:00<?, ?B/s]
[05:35]   [ComfyUI] gvhmr.safetensors:  41%|████      | 67.1M/163M [00:02<00:03, 29.7MB/s][SubprocessWorker] callback 'report_progress' from call_id=1
[05:36]   [ComfyUI] 
[05:36]   [ComfyUI] gvhmr.safetensors: 100%|██████████| 163M/163M [00:03<00:00, 58.9MB/s] [SubprocessWorker] callback 'report_progress' from call_id=1
[05:36]   [ComfyUI] 
[05:36]   [ComfyUI] gvhmr.safetensors: 100%|██████████| 163M/163M [00:03<00:00, 52.5MB/s]
[05:36]   [ComfyUI] [worker:ComfyUI-MotionCapture] INFO: [LoadGVHMRModels] Downloaded gvhmr to C:\workspaces\MotionCapture-1801\ComfyUI\models\motion_capture\gvhmr.safetensors
[05:36]   [ComfyUI] [05/18 18:06:49][INFO] [LoadGVHMRModels] Downloaded gvhmr to C:\workspaces\MotionCapture-1801\ComfyUI\models\motion_capture\gvhmr.safetensors
[05:36]   [ComfyUI] [worker:ComfyUI-MotionCapture] INFO: [LoadGVHMRModels] Downloading vitpose from HuggingFace...
[05:36]   [ComfyUI] [05/18 18:06:49][INFO] [LoadGVHMRModels] Downloading vitpose from HuggingFace...
[05:36]   [ComfyUI] [worker:ComfyUI-MotionCapture] INFO: [LoadGVHMRModels] Repository: apozz/motion-capture-safetensors
[05:36]   [ComfyUI] [05/18 18:06:49][INFO] [LoadGVHMRModels] Repository: apozz/motion-capture-safetensors
[05:36]   [ComfyUI] [worker:ComfyUI-MotionCapture] INFO: HTTP Request: HEAD https://huggingface.co/apozz/motion-capture-safetensors/resolve/main/vitpose.safetensors "HTTP/1.1 302 Found"
[05:36]   [ComfyUI] [05/18 18:06:49][INFO] HTTP Request: HEAD https://huggingface.co/apozz/motion-capture-safetensors/resolve/main/vitpose.safetensors "HTTP/1.1 302 Found"
[05:36]   [ComfyUI] 
[05:36]   Frame 4 saved (frame_003.jpg, t=9.0s)
[05:36]   [capture-periodic] freeze=2ms shot=88ms unfreeze=7ms saved=True
[05:39]   [ComfyUI] vitpose.safetensors:   0%|          | 0.00/2.55G [00:00<?, ?B/s]
[05:39]   [ComfyUI] vitpose.safetensors:   3%|▎         | 67.0M/2.55G [00:03<01:51, 22.3MB/s][SubprocessWorker] callback 'report_progress' from call_id=1
[05:39]   [capture-loop] iter=100 t=12.1s state={'complete': False, 'error': None, 'executedCount': 0, 'wsState': 1} eval_ms=7 ram=8.7/23.9GB (36%) swap=0.0/3.9GB (0%) cpu=19% browser_rss=0.76GB
[05:40]   [ComfyUI] 
[05:40]   [ComfyUI] vitpose.safetensors:   5%|▌         | 134M/2.55G [00:03<00:55, 43.8MB/s] [SubprocessWorker] callback 'report_progress' from call_id=1
[05:41]   [ComfyUI] 
[05:41]   [ComfyUI] vitpose.safetensors:   8%|▊         | 201M/2.55G [00:04<00:45, 52.0MB/s][SubprocessWorker] callback 'report_progress' from call_id=1
[05:41]   Frame 5 saved (frame_004.jpg, t=13.3s)
[05:41]   [capture-periodic] freeze=10ms shot=116ms unfreeze=4ms saved=True
[05:42]   [ComfyUI] 
[05:42]   [ComfyUI] vitpose.safetensors:  11%|█         | 268M/2.55G [00:06<00:50, 45.6MB/s][SubprocessWorker] callback 'report_progress' from call_id=1
[05:43]   Frame 6 saved (frame_005.jpg, t=15.6s)
[05:43]   [capture-periodic] freeze=3ms shot=102ms unfreeze=4ms saved=True
[05:44]   [ComfyUI] 
[05:44]   [ComfyUI] vitpose.safetensors:  18%|█▊        | 469M/2.55G [00:08<00:28, 73.4MB/s][SubprocessWorker] callback 'report_progress' from call_id=1
[05:44]   [ComfyUI] 
[05:44]   [ComfyUI] vitpose.safetensors:  21%|██        | 536M/2.55G [00:08<00:22, 88.2MB/s][SubprocessWorker] callback 'report_progress' from call_id=1
[05:45]   Frame 7 saved (frame_006.jpg, t=17.9s)
[05:45]   [capture-periodic] freeze=4ms shot=111ms unfreeze=4ms saved=True
[05:45]   [capture-loop] iter=150 t=18.1s state={'complete': False, 'error': None, 'executedCount': 0, 'wsState': 1} eval_ms=5 ram=9.0/23.9GB (38%) swap=0.0/3.9GB (0%) cpu=24% browser_rss=0.74GB
[05:50]   [ComfyUI] 
[05:50]   [ComfyUI] vitpose.safetensors:  30%|███       | 768M/2.55G [00:13<00:31, 55.7MB/s][SubprocessWorker] callback 'report_progress' from call_id=1
[05:50]   [ComfyUI] 
[05:50]   [ComfyUI] vitpose.safetensors:  32%|███▏      | 805M/2.55G [00:14<00:29, 59.7MB/s][SubprocessWorker] callback 'report_progress' from call_id=1
[05:51]   [capture-loop] iter=200 t=24.0s state={'complete': False, 'error': None, 'executedCount': 0, 'wsState': 1} eval_ms=4 ram=9.5/23.9GB (40%) swap=0.0/3.9GB (0%) cpu=32% browser_rss=0.67GB
[05:52]   Frame 8 saved (frame_007.jpg, t=24.5s)
[05:52]   [capture-periodic] freeze=4ms shot=134ms unfreeze=7ms saved=True
[05:54]   [ComfyUI] 
[05:54]   [ComfyUI] vitpose.safetensors:  37%|███▋      | 939M/2.55G [00:17<00:33, 48.1MB/s][SubprocessWorker] callback 'report_progress' from call_id=1
[05:54]   [ComfyUI] 
[05:54]   [ComfyUI] vitpose.safetensors:  42%|████▏     | 1.07G/2.55G [00:18<00:21, 69.6MB/s][SubprocessWorker] callback 'report_progress' from call_id=1
[05:54]   Frame 9 saved (frame_008.jpg, t=26.7s)
[05:54]   [capture-periodic] freeze=6ms shot=128ms unfreeze=4ms saved=True
[05:55]   [ComfyUI] 
[05:55]   [ComfyUI] vitpose.safetensors:  47%|████▋     | 1.21G/2.55G [00:19<00:17, 78.7MB/s][SubprocessWorker] callback 'report_progress' from call_id=1
[05:56]   Frame 10 saved (frame_009.jpg, t=28.9s)
[05:56]   [capture-periodic] freeze=4ms shot=123ms unfreeze=5ms saved=True
[05:57]   [ComfyUI] 
[05:57]   [ComfyUI] vitpose.safetensors:  55%|█████▌    | 1.41G/2.55G [00:20<00:12, 94.8MB/s][SubprocessWorker] callback 'report_progress' from call_id=1
[05:57]   [ComfyUI] 
[05:57]   [ComfyUI] vitpose.safetensors:  63%|██████▎   | 1.61G/2.55G [00:21<00:06, 141MB/s] [SubprocessWorker] callback 'report_progress' from call_id=1
[05:57]   [ComfyUI] 
[05:57]   [ComfyUI] vitpose.safetensors:  71%|███████   | 1.81G/2.55G [00:21<00:03, 197MB/s][SubprocessWorker] callback 'report_progress' from call_id=1
[05:57]   [capture-loop] iter=250 t=30.2s state={'complete': False, 'error': None, 'executedCount': 0, 'wsState': 1} eval_ms=5 ram=9.3/23.9GB (39%) swap=0.0/3.9GB (0%) cpu=30% browser_rss=0.67GB
[05:58]   [ComfyUI] 
[05:58]   [ComfyUI] vitpose.safetensors:  79%|███████▉  | 2.01G/2.55G [00:21<00:02, 262MB/s][SubprocessWorker] callback 'report_progress' from call_id=1
[05:58]   [ComfyUI] 
[05:58]   [ComfyUI] vitpose.safetensors:  87%|████████▋ | 2.21G/2.55G [00:21<00:01, 334MB/s][SubprocessWorker] callback 'report_progress' from call_id=1
[05:58]   [ComfyUI] 
[05:58]   [ComfyUI] vitpose.safetensors:  95%|█████████▍| 2.41G/2.55G [00:22<00:00, 410MB/s][SubprocessWorker] callback 'report_progress' from call_id=1
[05:58]   [ComfyUI] [SubprocessWorker] callback 'report_progress' from call_id=1
[05:58]   [ComfyUI] 
[05:58]   [ComfyUI] vitpose.safetensors: 100%|██████████| 2.55G/2.55G [00:22<00:00, 115MB/s]
[05:58]   [ComfyUI] [worker:ComfyUI-MotionCapture] INFO: [LoadGVHMRModels] Downloaded vitpose to C:\workspaces\MotionCapture-1801\ComfyUI\models\motion_capture\vitpose.safetensors
[05:58]   [ComfyUI] [05/18 18:07:11][INFO] [LoadGVHMRModels] Downloaded vitpose to C:\workspaces\MotionCapture-1801\ComfyUI\models\motion_capture\vitpose.safetensors
[05:58]   [ComfyUI] [worker:ComfyUI-MotionCapture] INFO: [LoadGVHMRModels] Downloading hmr2 from HuggingFace...
[05:58]   [ComfyUI] [05/18 18:07:11][INFO] [LoadGVHMRModels] Downloading hmr2 from HuggingFace...
[05:58]   [ComfyUI] [worker:ComfyUI-MotionCapture] INFO: [LoadGVHMRModels] Repository: apozz/motion-capture-safetensors
[05:58]   [ComfyUI] [05/18 18:07:11][INFO] [LoadGVHMRModels] Repository: apozz/motion-capture-safetensors
[05:58]   [ComfyUI] [worker:ComfyUI-MotionCapture] INFO: HTTP Request: HEAD https://huggingface.co/apozz/motion-capture-safetensors/resolve/main/hmr2.safetensors "HTTP/1.1 302 Found"
[05:58]   [ComfyUI] [05/18 18:07:11][INFO] HTTP Request: HEAD https://huggingface.co/apozz/motion-capture-safetensors/resolve/main/hmr2.safetensors "HTTP/1.1 302 Found"
[05:58]   [ComfyUI] 
[05:59]   Frame 11 saved (frame_010.jpg, t=31.1s)
[05:59]   [capture-periodic] freeze=4ms shot=101ms unfreeze=3ms saved=True
[06:02]   [ComfyUI] hmr2.safetensors:   0%|          | 0.00/2.71G [00:00<?, ?B/s]
[06:02]   [ComfyUI] hmr2.safetensors:   2%|▏         | 67.4M/2.71G [00:03<02:07, 20.7MB/s][SubprocessWorker] callback 'report_progress' from call_id=1
[06:02]   [ComfyUI] 
[06:02]   [ComfyUI] hmr2.safetensors:   7%|▋         | 201M/2.71G [00:03<00:34, 71.7MB/s] [SubprocessWorker] callback 'report_progress' from call_id=1
[06:02]   [ComfyUI] 
[06:02]   [ComfyUI] hmr2.safetensors:  10%|▉         | 268M/2.71G [00:03<00:25, 96.0MB/s][SubprocessWorker] callback 'report_progress' from call_id=1
[06:03]   Frame 12 saved (frame_011.jpg, t=35.4s)
[06:03]   [capture-periodic] freeze=4ms shot=117ms unfreeze=6ms saved=True
[06:03]   [capture-loop] iter=300 t=36.1s state={'complete': False, 'error': None, 'executedCount': 0, 'wsState': 1} eval_ms=4 ram=9.1/23.9GB (38%) swap=0.0/3.9GB (0%) cpu=18% browser_rss=0.67GB
[06:06]   [ComfyUI] 
[06:06]   [ComfyUI] hmr2.safetensors:  12%|█▏        | 336M/2.71G [00:08<01:06, 35.8MB/s][SubprocessWorker] callback 'report_progress' from call_id=1
[06:07]   Frame 13 saved (frame_012.jpg, t=39.8s)
[06:07]   [capture-periodic] freeze=4ms shot=129ms unfreeze=6ms saved=True
[06:08]   [ComfyUI] 
[06:08]   [ComfyUI] hmr2.safetensors:  17%|█▋        | 470M/2.71G [00:09<00:42, 52.9MB/s][SubprocessWorker] callback 'report_progress' from call_id=1
[06:08]   [ComfyUI] 
[06:08]   [ComfyUI] hmr2.safetensors:  22%|██▏       | 604M/2.71G [00:10<00:28, 74.4MB/s][SubprocessWorker] callback 'report_progress' from call_id=1
[06:09]   [ComfyUI] 
[06:09]   [ComfyUI] hmr2.safetensors:  25%|██▍       | 671M/2.71G [00:10<00:24, 82.7MB/s][SubprocessWorker] callback 'report_progress' from call_id=1
[06:09]   [capture-loop] iter=350 t=42.0s state={'complete': False, 'error': None, 'executedCount': 0, 'wsState': 1} eval_ms=4 ram=9.4/23.9GB (39%) swap=0.0/3.9GB (0%) cpu=27% browser_rss=0.67GB
[06:10]   Frame 14 saved (frame_013.jpg, t=42.0s)
[06:10]   [capture-periodic] freeze=4ms shot=124ms unfreeze=6ms saved=True
[06:11]   [ComfyUI] 
[06:11]   [ComfyUI] hmr2.safetensors:  28%|██▊       | 768M/2.71G [00:13<00:31, 60.8MB/s][SubprocessWorker] callback 'report_progress' from call_id=1
[06:12]   [ComfyUI] 
[06:12]   [ComfyUI] hmr2.safetensors:  32%|███▏      | 872M/2.71G [00:13<00:21, 84.5MB/s][SubprocessWorker] callback 'report_progress' from call_id=1
[06:12]   Frame 15 saved (frame_014.jpg, t=44.3s)
[06:12]   [capture-periodic] freeze=7ms shot=116ms unfreeze=6ms saved=True
[06:15]   [capture-loop] iter=400 t=48.0s state={'complete': False, 'error': None, 'executedCount': 0, 'wsState': 1} eval_ms=4 ram=9.8/23.9GB (41%) swap=0.0/3.9GB (0%) cpu=31% browser_rss=0.67GB
[06:16]   [ComfyUI] 
[06:16]   [ComfyUI] hmr2.safetensors:  38%|███▊      | 1.02G/2.71G [00:18<00:33, 50.7MB/s][SubprocessWorker] callback 'report_progress' from call_id=1
[06:17]   [ComfyUI] 
[06:17]   [ComfyUI] hmr2.safetensors:  42%|████▏     | 1.14G/2.71G [00:18<00:22, 69.8MB/s][SubprocessWorker] callback 'report_progress' from call_id=1
[06:17]   [ComfyUI] 
[06:17]   [ComfyUI] hmr2.safetensors:  45%|████▍     | 1.21G/2.71G [00:18<00:18, 82.1MB/s][SubprocessWorker] callback 'report_progress' from call_id=1
[06:18]   [ComfyUI] 
[06:18]   [ComfyUI] hmr2.safetensors:  47%|████▋     | 1.27G/2.71G [00:19<00:19, 73.4MB/s][SubprocessWorker] callback 'report_progress' from call_id=1
[06:18]   Frame 16 saved (frame_015.jpg, t=51.0s)
[06:18]   [capture-periodic] freeze=5ms shot=114ms unfreeze=4ms saved=True
[06:19]   [ComfyUI] 
[06:19]   [ComfyUI] hmr2.safetensors:  52%|█████▏    | 1.41G/2.71G [00:21<00:15, 83.7MB/s][SubprocessWorker] callback 'report_progress' from call_id=1
[06:20]   [ComfyUI] 
[06:20]   [ComfyUI] hmr2.safetensors:  57%|█████▋    | 1.54G/2.71G [00:21<00:09, 120MB/s] [SubprocessWorker] callback 'report_progress' from call_id=1
[06:20]   [ComfyUI] 
[06:20]   [ComfyUI] hmr2.safetensors:  62%|██████▏   | 1.68G/2.71G [00:21<00:06, 163MB/s][SubprocessWorker] callback 'report_progress' from call_id=1
[06:20]   [ComfyUI] 
[06:20]   [ComfyUI] hmr2.safetensors:  67%|██████▋   | 1.81G/2.71G [00:21<00:04, 210MB/s][SubprocessWorker] callback 'report_progress' from call_id=1
[06:20]   [ComfyUI] 
[06:20]   [ComfyUI] hmr2.safetensors:  69%|██████▉   | 1.88G/2.71G [00:22<00:03, 219MB/s][SubprocessWorker] callback 'report_progress' from call_id=1
[06:21]   Frame 17 saved (frame_016.jpg, t=53.1s)
[06:21]   [capture-periodic] freeze=4ms shot=125ms unfreeze=5ms saved=True
[06:21]   [ComfyUI] hmr2.safetensors:  74%|███████▍  | 2.01G/2.71G [00:22<00:02, 277MB/s][SubprocessWorker] callback 'report_progress' from call_id=1
[06:21]   [ComfyUI] 
[06:21]   [ComfyUI] hmr2.safetensors:  79%|███████▉  | 2.15G/2.71G [00:22<00:01, 330MB/s][SubprocessWorker] callback 'report_progress' from call_id=1
[06:21]   [ComfyUI] 
[06:21]   [ComfyUI] hmr2.safetensors:  87%|████████▋ | 2.35G/2.71G [00:22<00:00, 437MB/s][SubprocessWorker] callback 'report_progress' from call_id=1
[06:21]   [ComfyUI] 
[06:21]   [ComfyUI] hmr2.safetensors:  95%|█████████▌| 2.58G/2.71G [00:23<00:00, 554MB/s][SubprocessWorker] callback 'report_progress' from call_id=1
[06:21]   [capture-loop] iter=450 t=54.1s state={'complete': False, 'error': None, 'executedCount': 0, 'wsState': 1} eval_ms=4 ram=9.2/23.9GB (38%) swap=0.0/3.9GB (0%) cpu=31% browser_rss=0.66GB
[06:21]   [ComfyUI] [SubprocessWorker] callback 'report_progress' from call_id=1
[06:21]   [ComfyUI] 
[06:21]   [ComfyUI] hmr2.safetensors: 100%|██████████| 2.71G/2.71G [00:23<00:00, 117MB/s]
[06:21]   [ComfyUI] [worker:ComfyUI-MotionCapture] INFO: [LoadGVHMRModels] Downloaded hmr2 to C:\workspaces\MotionCapture-1801\ComfyUI\models\motion_capture\hmr2.safetensors
[06:21]   [ComfyUI] [05/18 18:07:34][INFO] [LoadGVHMRModels] Downloaded hmr2 to C:\workspaces\MotionCapture-1801\ComfyUI\models\motion_capture\hmr2.safetensors
[06:21]   [ComfyUI] [worker:ComfyUI-MotionCapture] INFO: [LoadGVHMRModels] SMPL_FEMALE.npz not found, downloading from HuggingFace...
[06:21]   [ComfyUI] [05/18 18:07:34][INFO] [LoadGVHMRModels] SMPL_FEMALE.npz not found, downloading from HuggingFace...
[06:21]   [ComfyUI] [worker:ComfyUI-MotionCapture] INFO: [LoadGVHMRModels] Downloading SMPL_FEMALE.npz from HuggingFace...
[06:21]   [ComfyUI] [05/18 18:07:34][INFO] [LoadGVHMRModels] Downloading SMPL_FEMALE.npz from HuggingFace...
[06:22]   [ComfyUI] [worker:ComfyUI-MotionCapture] INFO: HTTP Request: HEAD https://huggingface.co/lithiumice/models_hub/resolve/main/4_SMPLhub/SMPL/X_model_npz/SMPL_F_model.npz "HTTP/1.1 302 Found"
[06:22]   [ComfyUI] [05/18 18:07:35][INFO] HTTP Request: HEAD https://huggingface.co/lithiumice/models_hub/resolve/main/4_SMPLhub/SMPL/X_model_npz/SMPL_F_model.npz "HTTP/1.1 302 Found"
[06:22]   [ComfyUI] [worker:ComfyUI-MotionCapture] INFO: HTTP Request: GET https://huggingface.co/api/models/lithiumice/models_hub/xet-read-token/363972831b553e4f5b62d11d509e98830d930c97 "HTTP/1.1 200 OK"
[06:22]   [ComfyUI] [05/18 18:07:35][INFO] HTTP Request: GET https://huggingface.co/api/models/lithiumice/models_hub/xet-read-token/363972831b553e4f5b62d11d509e98830d930c97 "HTTP/1.1 200 OK"
[06:22]   [ComfyUI] 
[06:23]   Frame 18 saved (frame_017.jpg, t=55.3s)
[06:23]   [capture-periodic] freeze=2ms shot=99ms unfreeze=6ms saved=True
[06:24]   [ComfyUI] 4_SMPLhub/SMPL/X_model_npz/SMPL_F_model.(…):   0%|          | 0.00/88.3M [00:00<?, ?B/s]
[06:24]   [ComfyUI] 4_SMPLhub/SMPL/X_model_npz/SMPL_F_model.(…): 100%|██████████| 88.3M/88.3M [00:01<00:00, 49.5MB/s][SubprocessWorker] callback 'report_progress' from call_id=1
[06:24]   [ComfyUI] 
[06:24]   [ComfyUI] 4_SMPLhub/SMPL/X_model_npz/SMPL_F_model.(…): 100%|██████████| 88.3M/88.3M [00:01<00:00, 49.4MB/s]
[06:24]   [ComfyUI] [worker:ComfyUI-MotionCapture] INFO: [LoadGVHMRModels] Downloaded SMPL_FEMALE.npz
[06:24]   [ComfyUI] [05/18 18:07:36][INFO] [LoadGVHMRModels] Downloaded SMPL_FEMALE.npz
[06:24]   [ComfyUI] [worker:ComfyUI-MotionCapture] INFO: [LoadGVHMRModels] SMPL_MALE.npz not found, downloading from HuggingFace...
[06:24]   [ComfyUI] [05/18 18:07:36][INFO] [LoadGVHMRModels] SMPL_MALE.npz not found, downloading from HuggingFace...
[06:24]   [ComfyUI] [worker:ComfyUI-MotionCapture] INFO: [LoadGVHMRModels] Downloading SMPL_MALE.npz from HuggingFace...
[06:24]   [ComfyUI] [05/18 18:07:36][INFO] [LoadGVHMRModels] Downloading SMPL_MALE.npz from HuggingFace...
[06:24]   [ComfyUI] [worker:ComfyUI-MotionCapture] INFO: HTTP Request: HEAD https://huggingface.co/lithiumice/models_hub/resolve/main/4_SMPLhub/SMPL/X_model_npz/SMPL_M_model.npz "HTTP/1.1 302 Found"
[06:24]   [ComfyUI] [05/18 18:07:37][INFO] HTTP Request: HEAD https://huggingface.co/lithiumice/models_hub/resolve/main/4_SMPLhub/SMPL/X_model_npz/SMPL_M_model.npz "HTTP/1.1 302 Found"
[06:24]   [ComfyUI] 
[06:25]   [ComfyUI] 4_SMPLhub/SMPL/X_model_npz/SMPL_M_model.(…):   0%|          | 0.00/88.3M [00:00<?, ?B/s]
[06:25]   [ComfyUI] 4_SMPLhub/SMPL/X_model_npz/SMPL_M_model.(…): 100%|██████████| 88.3M/88.3M [00:01<00:00, 63.3MB/s][SubprocessWorker] callback 'report_progress' from call_id=1
[06:25]   [ComfyUI] 
[06:25]   [ComfyUI] 4_SMPLhub/SMPL/X_model_npz/SMPL_M_model.(…): 100%|██████████| 88.3M/88.3M [00:01<00:00, 63.2MB/s]
[06:25]   [ComfyUI] [worker:ComfyUI-MotionCapture] INFO: [LoadGVHMRModels] Downloaded SMPL_MALE.npz
[06:25]   [ComfyUI] [05/18 18:07:38][INFO] [LoadGVHMRModels] Downloaded SMPL_MALE.npz
[06:25]   [ComfyUI] [worker:ComfyUI-MotionCapture] INFO: [LoadGVHMRModels] SMPL_NEUTRAL.npz not found, downloading from HuggingFace...
[06:25]   [ComfyUI] [05/18 18:07:38][INFO] [LoadGVHMRModels] SMPL_NEUTRAL.npz not found, downloading from HuggingFace...
[06:25]   [ComfyUI] [worker:ComfyUI-MotionCapture] INFO: [LoadGVHMRModels] Downloading SMPL_NEUTRAL.npz from HuggingFace...
[06:25]   [ComfyUI] [05/18 18:07:38][INFO] [LoadGVHMRModels] Downloading SMPL_NEUTRAL.npz from HuggingFace...
[06:25]   [ComfyUI] [worker:ComfyUI-MotionCapture] INFO: HTTP Request: HEAD https://huggingface.co/lithiumice/models_hub/resolve/main/4_SMPLhub/SMPL/X_model_npz/SMPL_N_model.npz "HTTP/1.1 302 Found"
[06:25]   [ComfyUI] [05/18 18:07:38][INFO] HTTP Request: HEAD https://huggingface.co/lithiumice/models_hub/resolve/main/4_SMPLhub/SMPL/X_model_npz/SMPL_N_model.npz "HTTP/1.1 302 Found"
[06:25]   [ComfyUI] 
[06:27]   [ComfyUI] 4_SMPLhub/SMPL/X_model_npz/SMPL_N_model.(…):   0%|          | 0.00/88.3M [00:00<?, ?B/s]
[06:27]   [ComfyUI] 4_SMPLhub/SMPL/X_model_npz/SMPL_N_model.(…): 100%|██████████| 88.3M/88.3M [00:01<00:00, 61.7MB/s][SubprocessWorker] callback 'report_progress' from call_id=1
[06:27]   [ComfyUI] 
[06:27]   [ComfyUI] 4_SMPLhub/SMPL/X_model_npz/SMPL_N_model.(…): 100%|██████████| 88.3M/88.3M [00:01<00:00, 61.7MB/s]
[06:27]   [ComfyUI] [worker:ComfyUI-MotionCapture] INFO: [LoadGVHMRModels] Downloaded SMPL_NEUTRAL.npz
[06:27]   [ComfyUI] [05/18 18:07:40][INFO] [LoadGVHMRModels] Downloaded SMPL_NEUTRAL.npz
[06:27]   [ComfyUI] [worker:ComfyUI-MotionCapture] INFO: [LoadGVHMRModels] SMPLX_FEMALE.npz not found, downloading from HuggingFace...
[06:27]   [ComfyUI] [05/18 18:07:40][INFO] [LoadGVHMRModels] SMPLX_FEMALE.npz not found, downloading from HuggingFace...
[06:27]   [ComfyUI] [worker:ComfyUI-MotionCapture] INFO: [LoadGVHMRModels] Downloading SMPLX_FEMALE.npz from HuggingFace...
[06:27]   [ComfyUI] [05/18 18:07:40][INFO] [LoadGVHMRModels] Downloading SMPLX_FEMALE.npz from HuggingFace...
[06:27]   [ComfyUI] [worker:ComfyUI-MotionCapture] INFO: HTTP Request: HEAD https://huggingface.co/lithiumice/models_hub/resolve/main/4_SMPLhub/SMPLX/X_npz/SMPLX_FEMALE.npz "HTTP/1.1 302 Found"
[06:27]   [ComfyUI] [05/18 18:07:40][INFO] HTTP Request: HEAD https://huggingface.co/lithiumice/models_hub/resolve/main/4_SMPLhub/SMPLX/X_npz/SMPLX_FEMALE.npz "HTTP/1.1 302 Found"
[06:27]   [ComfyUI] 
[06:27]   [capture-loop] iter=500 t=59.9s state={'complete': False, 'error': None, 'executedCount': 0, 'wsState': 1} eval_ms=3 ram=9.0/23.9GB (38%) swap=0.0/3.9GB (0%) cpu=9% browser_rss=0.66GB
[06:28]   [ComfyUI] 4_SMPLhub/SMPLX/X_npz/SMPLX_FEMALE.npz:   0%|          | 0.00/109M [00:00<?, ?B/s][worker:ComfyUI-MotionCapture]
[06:28]   [ComfyUI] === WATCHDOG TICK 1 ===
[06:28]   [ComfyUI] [worker:ComfyUI-MotionCapture] Thread 0x00003500 (most recent call first):
[06:28]   [ComfyUI]   File "C:\Users\ContainerUser\AppData\Local\Programs\comfy-env\.pixi\envs\motioncapture-nodes\Lib\threading.py", line 363 in wait
[06:28]   [ComfyUI]   File "C:\Users\ContainerUser\AppData\Local\Programs\comfy-env\.pixi\envs\motioncapture-nodes\Lib\threading.py", line 660 in wait
[06:28]   [ComfyUI]   File "C:\Users\ContainerUser\AppData\Local\Programs\comfy-env\.pixi\envs\motioncapture-nodes\Lib\site-packages\tqdm\_monitor.py", line 60 in run
[06:28]   [ComfyUI]   File "C:\Users\ContainerUser\AppData\Local\Programs\comfy-env\.pixi\envs\motioncapture-nodes\Lib\threading.py", line 1044 in _bootstrap_inner
[06:28]   [ComfyUI]   File "C:\Users\ContainerUser\AppData\Local\Programs\comfy-env\.pixi\envs\motioncapture-nodes\Lib\threading.py", line 1015 in _bootstrap
[06:28]   [ComfyUI] 
[06:28]   [ComfyUI] Thread 0x000030b0 (most recent call first):
[06:28]   [ComfyUI]   File "C:\Users\ContainerUser\AppData\Local\Programs\comfy-env\.pixi\envs\motioncapture-nodes\Lib\threading.py", line 363 in wait
[06:28]   [ComfyUI]   File "C:\Users\ContainerUser\AppData\Local\Programs\comfy-env\.pixi\envs\motioncapture-nodes\Lib\threading.py", line 660 in wait
[06:28]   [ComfyUI]   File "C:\Users\ContainerUser\AppData\Local\Programs\comfy-env\.pixi\envs\motioncapture-nodes\Lib\site-packages\tqdm\_monitor.py", line 60 in run
[06:28]   [ComfyUI]   File "C:\Users\ContainerUser\AppData\Local\Programs\comfy-env\.pixi\envs\motioncapture-nodes\Lib\threading.py", line 1044 in _bootstrap_inner
[06:28]   [ComfyUI]   File "C:\Users\ContainerUser\AppData\Local\Programs\comfy-env\.pixi\envs\motioncapture-nodes\Lib\threading.py", line 1015 in _bootstrap
[06:28]   [ComfyUI] 
[06:28]   [ComfyUI] Thread 0x0000328c (most recent call first):
[06:28]   [ComfyUI]   File "C:\Users\ContainerUser\AppData\Local\Programs\comfy-env\.pixi\envs\motioncapture-nodes\Lib\threading.py", line 363 in wait
[06:28]   [ComfyUI]   File "C:\Users\ContainerUser\AppData\Local\Programs\comfy-env\.pixi\envs\motioncapture-nodes\Lib\threading.py", line 660 in wait
[06:28]   [ComfyUI]   File "C:\Users\ContainerUser\AppData\Local\Programs\comfy-env\.pixi\envs\motioncapture-nodes\Lib\site-packages\tqdm\_monitor.py", line 60 in run
[06:28]   [ComfyUI]   File "C:\Users\ContainerUser\AppData\Local\Programs\comfy-env\.pixi\envs\motioncapture-nodes\Lib\threading.py", line 1044 in _bootstrap_inner
[06:28]   [ComfyUI]   File "C:\Users\ContainerUser\AppData\Local\Programs\comfy-env\.pixi\envs\motioncapture-nodes\Lib\threading.py", line 1015 in _bootstrap
[06:28]   [ComfyUI] 
[06:28]   [ComfyUI] Thread 0x0000271c (most recent call first):
[06:28]   [ComfyUI]   File "C:\Users\ContainerUser\AppData\Local\Programs\comfy-env\.pixi\envs\motioncapture-nodes\Lib\threading.py", line 363 in wait
[06:28]   [ComfyUI]   File "C:\Users\ContainerUser\AppData\Local\Programs\comfy-env\.pixi\envs\motioncapture-nodes\Lib\threading.py", line 660 in wait
[06:28]   [ComfyUI]   File "C:\Users\ContainerUser\AppData\Local\Programs\comfy-env\.pixi\envs\motioncapture-nodes\Lib\site-packages\tqdm\_monitor.py", line 60 in run
[06:28]   [ComfyUI]   File "C:\Users\ContainerUser\AppData\Local\Programs\comfy-env\.pixi\envs\motioncapture-nodes\Lib\threading.py", line 1044 in _bootstrap_inner
[06:28]   [ComfyUI]   File "C:\Users\ContainerUser\AppData\Local\Programs\comfy-env\.pixi\envs\motioncapture-nodes\Lib\threading.py", line 1015 in _bootstrap
[06:28]   [ComfyUI] 
[06:28]   [ComfyUI] Thread 0x00002774 (most recent call first):
[06:28]   [ComfyUI]   File "C:\Users\ContainerUser\AppData\Local\Programs\comfy-env\.pixi\envs\motioncapture-nodes\Lib\threading.py", line 363 in wait
[06:28]   [ComfyUI]   File "C:\Users\ContainerUser\AppData\Local\Programs\comfy-env\.pixi\envs\motioncapture-nodes\Lib\threading.py", line 660 in wait
[06:28]   [ComfyUI]   File "C:\Users\ContainerUser\AppData\Local\Programs\comfy-env\.pixi\envs\motioncapture-nodes\Lib\site-packages\tqdm\_monitor.py", line 60 in run
[06:28]   [ComfyUI]   File "C:\Users\ContainerUser\AppData\Local\Programs\comfy-env\.pixi\envs\motioncapture-nodes\Lib\threading.py", line 1044 in _bootstrap_inner
[06:28]   [ComfyUI]   File "C:\Users\ContainerUser\AppData\Local\Programs\comfy-env\.pixi\envs\motioncapture-nodes\Lib\threading.py", line 1015 in _bootstrap
[06:28]   [ComfyUI] 
[06:28]   [ComfyUI] Thread 0x00000ba8 (most recent call first):
[06:28]   [ComfyUI]   File "C:\Users\ContainerUser\AppData\Local\Programs\comfy-env\.pixi\envs\motioncapture-nodes\Lib\threading.py", line 363 in wait
[06:28]   [ComfyUI]   File "C:\Users\ContainerUser\AppData\Local\Programs\comfy-env\.pixi\envs\motioncapture-nodes\Lib\threading.py", line 660 in wait
[06:28]   [ComfyUI]   File "C:\Users\ContainerUser\AppData\Local\Programs\comfy-env\.pixi\envs\motioncapture-nodes\Lib\site-packages\tqdm\_monitor.py", line 60 in run
[06:28]   [ComfyUI]   File "C:\Users\ContainerUser\AppData\Local\Programs\comfy-env\.pixi\envs\motioncapture-nodes\Lib\threading.py", line 1044 in _bootstrap_inner
[06:28]   [ComfyUI]   File "C:\Users\ContainerUser\AppData\Local\Programs\comfy-env\.pixi\envs\motioncapture-nodes\Lib\threading.py", line 1015 in _bootstrap
[06:28]   [ComfyUI] 
[06:28]   [ComfyUI] Thread 0x000033dc (most recent call first):
[06:28]   [ComfyUI]   File "C:\Users\ContainerUser\AppData\Local\Programs\comfy-env\.pixi\envs\motioncapture-nodes\Lib\threading.py", line 363 in wait
[06:28]   [ComfyUI]   File "C:\Users\ContainerUser\AppData\Local\Programs\comfy-env\.pixi\envs\motioncapture-nodes\Lib\threading.py", line 660 in wait
[06:28]   [ComfyUI]   File "C:\Users\ContainerUser\AppData\Local\Programs\comfy-env\.pixi\envs\motioncapture-nodes\Lib\site-packages\tqdm\_monitor.py", line 60 in run
[06:28]   [ComfyUI]   File "C:\Users\ContainerUser\AppData\Local\Programs\comfy-env\.pixi\envs\motioncapture-nodes\Lib\threading.py", line 1044 in _bootstrap_inner
[06:28]   [ComfyUI]   File "C:\Users\ContainerUser\AppData\Local\Programs\comfy-env\.pixi\envs\motioncapture-nodes\Lib\threading.py", line 1015 in _bootstrap
[06:28]   [ComfyUI] 
[06:28]   [ComfyUI] Thread 0x00001c08 (most recent call first):
[06:28]   [ComfyUI]   File "C:\Users\ContainerUser\AppData\Local\Temp\comfyui_pvenv_jggsdgx5\persistent_worker.py", line 106 in _vram_poller
[06:28]   [ComfyUI]   File "C:\Users\ContainerUser\AppData\Local\Programs\comfy-env\.pixi\envs\motioncapture-nodes\Lib\threading.py", line 995 in run
[06:28]   [ComfyUI]   File "C:\Users\ContainerUser\AppData\Local\Programs\comfy-env\.pixi\envs\motioncapture-nodes\Lib\threading.py", line 1044 in _bootstrap_inner
[06:28]   [ComfyUI]   File "C:\Users\ContainerUser\AppData\Local\Programs\comfy-env\.pixi\envs\motioncapture-nodes\Lib\threading.py", line 1015 in _bootstrap
[06:28]   [ComfyUI] 
[06:28]   [ComfyUI] Current thread 0x00002ae8 (most recent call first):
[06:28]   [ComfyUI]   File "C:\Users\ContainerUser\AppData\Local\Temp\comfyui_pvenv_jggsdgx5\persistent_worker.py", line 52 in _watchdog
[06:28]   [ComfyUI]   File "C:\Users\ContainerUser\AppData\Local\Programs\comfy-env\.pixi\envs\motioncapture-nodes\Lib\threading.py", line 995 in run
[06:28]   [ComfyUI]   File "C:\Users\ContainerUser\AppData\Local\Programs\comfy-env\.pixi\envs\motioncapture-nodes\Lib\threading.py", line 1044 in _bootstrap_inner
[06:28]   [ComfyUI]   File "C:\Users\ContainerUser\AppData\Local\Programs\comfy-env\.pixi\envs\motioncapture-nodes\Lib\threading.py", line 1015 in _bootstrap
[06:28]   [ComfyUI] 
[06:28]   [ComfyUI] Thread 0x000014a0 (most recent call first):
[06:28]   [ComfyUI]   File "C:\Users\ContainerUser\AppData\Local\Programs\comfy-env\.pixi\envs\motioncapture-nodes\Lib\site-packages\huggingface_hub\file_download.py", line 558 in xet_get
[06:28]   [ComfyUI]   File "C:\Users\ContainerUser\AppData\Local\Programs\comfy-env\.pixi\envs\motioncapture-nodes\Lib\site-packages\huggingface_hub\file_download.py", line 1842 in _download_to_tmp_and_move
[06:28]   [ComfyUI]   File "C:\Users\ContainerUser\AppData\Local\Programs\comfy-env\.pixi\envs\motioncapture-nodes\Lib\site-packages\huggingface_hub\file_download.py", line 1427 in _hf_hub_download_to_local_dir
[06:28]   [ComfyUI]   File "C:\Users\ContainerUser\AppData\Local\Programs\comfy-env\.pixi\envs\motioncapture-nodes\Lib\site-packages\huggingface_hub\file_download.py", line 976 in hf_hub_download
[06:28]   [ComfyUI]   File "C:\Users\ContainerUser\AppData\Local\Programs\comfy-env\.pixi\envs\motioncapture-nodes\Lib\site-packages\huggingface_hub\utils\_validators.py", line 88 in _inner_fn
[06:28]   [ComfyUI]   File "C:\workspaces\MotionCapture-1801\ComfyUI\custom_nodes\ComfyUI-MotionCapture\nodes\load_model.py", line 154 in download_smpl_from_hf
[06:28]   [ComfyUI]   File "C:\workspaces\MotionCapture-1801\ComfyUI\custom_nodes\ComfyUI-MotionCapture\nodes\load_model.py", line 189 in check_smpl_models
[06:28]   [ComfyUI]   File "C:\workspaces\MotionCapture-1801\ComfyUI\custom_nodes\ComfyUI-MotionCapture\nodes\load_model.py", line 269 in execute
[06:28]   [ComfyUI]   File "C:\workspaces\MotionCapture-1801\ComfyUI\comfy_api\latest\_io.py", line 1833 in EXECUTE_NORMALIZED
[06:28]   [ComfyUI]   File "C:\Users\ContainerUser\AppData\Local\Temp\comfyui_pvenv_jggsdgx5\persistent_worker.py", line 1762 in main
[06:28]   [ComfyUI]   File "C:\Users\ContainerUser\AppData\Local\Temp\comfyui_pvenv_jggsdgx5\persistent_worker.py", line 1807 in <module>
[06:28]   [ComfyUI] 
[06:28]   [ComfyUI] [worker:ComfyUI-MotionCapture] === END ===
[06:28]   [ComfyUI] 
[06:31]   [ComfyUI] 
[06:31]   [ComfyUI] 4_SMPLhub/SMPLX/X_npz/SMPLX_FEMALE.npz: 100%|██████████| 109M/109M [00:03<00:00, 28.5MB/s][SubprocessWorker] callback 'report_progress' from call_id=1
[06:31]   [ComfyUI] 
[06:31]   [ComfyUI] 4_SMPLhub/SMPLX/X_npz/SMPLX_FEMALE.npz: 100%|██████████| 109M/109M [00:03<00:00, 28.5MB/s]
[06:31]   [ComfyUI] [worker:ComfyUI-MotionCapture] INFO: [LoadGVHMRModels] Downloaded SMPLX_FEMALE.npz
[06:31]   [ComfyUI] [05/18 18:07:44][INFO] [LoadGVHMRModels] Downloaded SMPLX_FEMALE.npz
[06:31]   [ComfyUI] [worker:ComfyUI-MotionCapture] INFO: [LoadGVHMRModels] SMPLX_MALE.npz not found, downloading from HuggingFace...
[06:31]   [ComfyUI] [05/18 18:07:44][INFO] [LoadGVHMRModels] SMPLX_MALE.npz not found, downloading from HuggingFace...
[06:31]   [ComfyUI] [worker:ComfyUI-MotionCapture] INFO: [LoadGVHMRModels] Downloading SMPLX_MALE.npz from HuggingFace...
[06:31]   [ComfyUI] [05/18 18:07:44][INFO] [LoadGVHMRModels] Downloading SMPLX_MALE.npz from HuggingFace...
[06:31]   [ComfyUI] [worker:ComfyUI-MotionCapture] INFO: HTTP Request: HEAD https://huggingface.co/lithiumice/models_hub/resolve/main/4_SMPLhub/SMPLX/X_npz/SMPLX_MALE.npz "HTTP/1.1 302 Found"
[06:31]   [ComfyUI] [05/18 18:07:44][INFO] HTTP Request: HEAD https://huggingface.co/lithiumice/models_hub/resolve/main/4_SMPLhub/SMPLX/X_npz/SMPLX_MALE.npz "HTTP/1.1 302 Found"
[06:31]   [ComfyUI] 
[06:33]   [ComfyUI] 4_SMPLhub/SMPLX/X_npz/SMPLX_MALE.npz:   0%|          | 0.00/109M [00:00<?, ?B/s]
[06:33]   [ComfyUI] 4_SMPLhub/SMPLX/X_npz/SMPLX_MALE.npz: 100%|██████████| 109M/109M [00:01<00:00, 58.9MB/s][SubprocessWorker] callback 'report_progress' from call_id=1
[06:33]   [ComfyUI] 
[06:33]   [ComfyUI] 4_SMPLhub/SMPLX/X_npz/SMPLX_MALE.npz: 100%|██████████| 109M/109M [00:01<00:00, 58.8MB/s]
[06:33]   [ComfyUI] [worker:ComfyUI-MotionCapture] INFO: [LoadGVHMRModels] Downloaded SMPLX_MALE.npz
[06:33]   [ComfyUI] [05/18 18:07:46][INFO] [LoadGVHMRModels] Downloaded SMPLX_MALE.npz
[06:33]   [ComfyUI] [worker:ComfyUI-MotionCapture] INFO: [LoadGVHMRModels] SMPLX_NEUTRAL.npz not found, downloading from HuggingFace...
[06:33]   [ComfyUI] [05/18 18:07:46][INFO] [LoadGVHMRModels] SMPLX_NEUTRAL.npz not found, downloading from HuggingFace...
[06:33]   [ComfyUI] [worker:ComfyUI-MotionCapture] INFO: [LoadGVHMRModels] Downloading SMPLX_NEUTRAL.npz from HuggingFace...
[06:33]   [ComfyUI] [05/18 18:07:46][INFO] [LoadGVHMRModels] Downloading SMPLX_NEUTRAL.npz from HuggingFace...
[06:33]   [ComfyUI] [worker:ComfyUI-MotionCapture] INFO: HTTP Request: HEAD https://huggingface.co/lithiumice/models_hub/resolve/main/4_SMPLhub/SMPLX/X_npz/SMPLX_NEUTRAL.npz "HTTP/1.1 302 Found"
[06:33]   [ComfyUI] [05/18 18:07:46][INFO] HTTP Request: HEAD https://huggingface.co/lithiumice/models_hub/resolve/main/4_SMPLhub/SMPLX/X_npz/SMPLX_NEUTRAL.npz "HTTP/1.1 302 Found"
[06:33]   [ComfyUI] 
[06:33]   [capture-loop] iter=550 t=65.5s state={'complete': False, 'error': None, 'executedCount': 0, 'wsState': 1} eval_ms=3 ram=8.9/23.9GB (37%) swap=0.0/3.9GB (0%) cpu=8% browser_rss=0.65GB
[06:35]   [ComfyUI] 4_SMPLhub/SMPLX/X_npz/SMPLX_NEUTRAL.npz:   0%|          | 0.00/109M [00:00<?, ?B/s]
[06:35]   [ComfyUI] 4_SMPLhub/SMPLX/X_npz/SMPLX_NEUTRAL.npz:  24%|██▍       | 26.4M/109M [00:02<00:07, 11.7MB/s][SubprocessWorker] callback 'report_progress' from call_id=1
[06:35]   [ComfyUI] [SubprocessWorker] callback 'report_progress' from call_id=1
[06:35]   [ComfyUI] 
[06:35]   [ComfyUI] 4_SMPLhub/SMPLX/X_npz/SMPLX_NEUTRAL.npz: 100%|██████████| 109M/109M [00:02<00:00, 47.0MB/s]
[06:35]   [ComfyUI] [worker:ComfyUI-MotionCapture] INFO: [LoadGVHMRModels] Downloaded SMPLX_NEUTRAL.npz
[06:35]   [ComfyUI] [05/18 18:07:48][INFO] [LoadGVHMRModels] Downloaded SMPLX_NEUTRAL.npz
[06:35]   [ComfyUI] [worker:ComfyUI-MotionCapture] INFO: [LoadGVHMRModels] SMPL body models found
[06:35]   [ComfyUI] [05/18 18:07:48][INFO] [LoadGVHMRModels] SMPL body models found
[06:35]   [ComfyUI] [worker:ComfyUI-MotionCapture] INFO: [LoadGVHMRModels] All models verified!
[06:35]   [ComfyUI] [05/18 18:07:48][INFO] [LoadGVHMRModels] All models verified!
[06:35]   [ComfyUI] [SubprocessWorker] got response: ok
[06:35]   [ComfyUI] [comfy-env] LoadGVHMRModels done (67.47s): result: NodeOutput
[06:35]   [ComfyUI] [VRAM] After LoadGVHMRModels: 1130 / 8150 MB
[06:35]   [ComfyUI] [comfy-env] Running GVHMRInference: moving_camera: False, focal_length_mm: 0, bbox_scale: 1.2, vo_method: 'simple_vo', vo_scale: 0.5, vo_step: 8, chunk_size: 32, video: VideoFromFile, video_mask: VideoFromFile, config: dict
[06:35]   [ComfyUI] [VRAM] Before GVHMRInference: 1130 / 8150 MB
[06:35]   [ComfyUI] [SubprocessWorker] call_method: nodes.inference_node.GVHMRInference.EXECUTE_NORMALIZED
[06:35]   [ComfyUI] [SubprocessWorker] acquired lock, ensuring started...
[06:35]   [ComfyUI] [ComfyUI-MotionCapture] Health check: ping (timeout=5.0s)...
[06:35]   [ComfyUI] [ComfyUI-MotionCapture] Health check: ok
[06:35]   [ComfyUI] [SubprocessWorker] worker started/confirmed
[06:35]   [ComfyUI] [SubprocessWorker] serializing kwargs to shm...
[06:35]   [ComfyUI] [SubprocessWorker] created 2 shm blocks
[06:35]   [ComfyUI] [SubprocessWorker] sending request via socket...
[06:35]   [ComfyUI] [SubprocessWorker] call_id=2 sending call_method
[06:35]   [ComfyUI] [worker:ComfyUI-MotionCapture] INFO: ============================================================
[06:35]   [ComfyUI] [05/18 18:07:48][INFO] ============================================================
[06:35]   [ComfyUI] [worker:ComfyUI-MotionCapture] INFO: [GVHMRInference] Starting GVHMR inference with parameters:
[06:35]   [ComfyUI] [05/18 18:07:48][INFO] [GVHMRInference] Starting GVHMR inference with parameters:
[06:35]   [ComfyUI] [worker:ComfyUI-MotionCapture] INFO:   video:           312 frames @ (812, 720)
[06:35]   [ComfyUI] [05/18 18:07:48][INFO]   video:           312 frames @ (812, 720)
[06:35]   [ComfyUI] [worker:ComfyUI-MotionCapture] INFO:   video_mask:      312 frames @ (816, 720)
[06:35]   [ComfyUI] [05/18 18:07:48][INFO]   video_mask:      312 frames @ (816, 720)
[06:35]   [ComfyUI] [worker:ComfyUI-MotionCapture] INFO:   moving_camera:   False
[06:35]   [ComfyUI] [05/18 18:07:48][INFO]   moving_camera:   False
[06:35]   [ComfyUI] [worker:ComfyUI-MotionCapture] INFO:   focal_length_mm: 0
[06:35]   [ComfyUI] [05/18 18:07:48][INFO]   focal_length_mm: 0
[06:35]   [ComfyUI] [worker:ComfyUI-MotionCapture] INFO:   bbox_scale:      1.2
[06:35]   [ComfyUI] [05/18 18:07:48][INFO]   bbox_scale:      1.2
[06:35]   [ComfyUI] [worker:ComfyUI-MotionCapture] INFO:   vo_method:       simple_vo
[06:35]   [ComfyUI] [05/18 18:07:48][INFO]   vo_method:       simple_vo
[06:35]   [ComfyUI] [worker:ComfyUI-MotionCapture] INFO:   vo_scale:        0.5
[06:35]   [ComfyUI] [05/18 18:07:48][INFO]   vo_scale:        0.5
[06:35]   [ComfyUI] [worker:ComfyUI-MotionCapture] INFO:   vo_step:         8
[06:35]   [ComfyUI] [05/18 18:07:48][INFO]   vo_step:         8
[06:35]   [ComfyUI] [worker:ComfyUI-MotionCapture] INFO:   intrinsics:      None
[06:35]   [ComfyUI] [05/18 18:07:48][INFO]   intrinsics:      None
[06:35]   [ComfyUI] [worker:ComfyUI-MotionCapture] INFO:   chunk_size:      32
[06:35]   [ComfyUI] [05/18 18:07:48][INFO]   chunk_size:      32
[06:35]   [ComfyUI] [worker:ComfyUI-MotionCapture] INFO:   config keys:     ['models_dir', 'gvhmr_path', 'vitpose_path', 'hmr2_path', 'body_models_path', 'precision', 'attention', 'dpvo_dir']
[06:35]   [ComfyUI] [05/18 18:07:48][INFO]   config keys:     ['models_dir', 'gvhmr_path', 'vitpose_path', 'hmr2_path', 'body_models_path', 'precision', 'attention', 'dpvo_dir']
[06:35]   [ComfyUI] [worker:ComfyUI-MotionCapture] INFO:   dpvo_dir:
[06:35]   [ComfyUI] [05/18 18:07:48][INFO]   dpvo_dir:
[06:35]   [ComfyUI] [worker:ComfyUI-MotionCapture] INFO: ============================================================
[06:35]   [ComfyUI] [05/18 18:07:48][INFO] ============================================================
[06:35]   [ComfyUI] [worker:ComfyUI-MotionCapture] INFO: [Memory] Start of run_inference: (unable to read /proc/self/status)
[06:35]   [ComfyUI] [05/18 18:07:48][INFO] [Memory] Start of run_inference: (unable to read /proc/self/status)
[06:35]   [ComfyUI] [worker:ComfyUI-MotionCapture] INFO: working around nvidia conv3d memory bug.
[06:35]   [ComfyUI] [05/18 18:07:48][INFO] working around nvidia conv3d memory bug.
[06:35]   [ComfyUI] [worker:ComfyUI-MotionCapture] INFO: Using pytorch attention
[06:35]   [ComfyUI] [05/18 18:07:48][INFO] Using pytorch attention
[06:35]   [ComfyUI] [worker:ComfyUI-MotionCapture] WARNING: No comfy kitchen, using old apply_rope functions.
[06:35]   [ComfyUI] [05/18 18:07:48][WARNING] No comfy kitchen, using old apply_rope functions.
[06:36]   Frame 19 saved (frame_018.jpg, t=68.3s)
[06:36]   [capture-periodic] freeze=2ms shot=88ms unfreeze=5ms saved=True
[06:39]   [capture-loop] iter=600 t=71.3s state={'complete': False, 'error': None, 'executedCount': 0, 'wsState': 1} eval_ms=3 ram=8.9/23.9GB (37%) swap=0.0/3.9GB (0%) cpu=11% browser_rss=0.66GB
[06:43]   [ComfyUI] [worker:ComfyUI-MotionCapture] INFO: [GVHMRInference] Loading GVHMR models...
[06:43]   [ComfyUI] [05/18 18:07:56][INFO] [GVHMRInference] Loading GVHMR models...
[06:43]   [ComfyUI] [worker:ComfyUI-MotionCapture] INFO: [GVHMRInference] Precision: torch.bfloat16
[06:43]   [ComfyUI] [05/18 18:07:56][INFO] [GVHMRInference] Precision: torch.bfloat16
[06:43]   [ComfyUI] [worker:ComfyUI-MotionCapture] INFO: [GVHMRInference] Loading GVHMR from C:\workspaces\MotionCapture-1801\ComfyUI\models\motion_capture\gvhmr.safetensors...
[06:43]   [ComfyUI] [05/18 18:07:56][INFO] [GVHMRInference] Loading GVHMR from C:\workspaces\MotionCapture-1801\ComfyUI\models\motion_capture\gvhmr.safetensors...
[06:43]   [ComfyUI] [worker:ComfyUI-MotionCapture] INFO: [EnDecoder] Use MM_V1_AMASS_LOCAL_BEDLAM_CAM for statistics!
[06:43]   [ComfyUI] [05/18 18:07:56][INFO] [EnDecoder] Use MM_V1_AMASS_LOCAL_BEDLAM_CAM for statistics!
[06:44]   [ComfyUI] [worker:ComfyUI-MotionCapture] INFO: [PL-Trainer] Loading ckpt type: C:\workspaces\MotionCapture-1801\ComfyUI\models\motion_capture\gvhmr.safetensors
[06:44]   [ComfyUI] [05/18 18:07:57][INFO] [PL-Trainer] Loading ckpt type: C:\workspaces\MotionCapture-1801\ComfyUI\models\motion_capture\gvhmr.safetensors
[06:44]   [ComfyUI] [worker:ComfyUI-MotionCapture] INFO: [GVHMRInference] Initializing ViTPose extractor...
[06:44]   [ComfyUI] [05/18 18:07:57][INFO] [GVHMRInference] Initializing ViTPose extractor...
[06:44]   [capture-loop] iter=650 t=77.0s state={'complete': False, 'error': None, 'executedCount': 0, 'wsState': 1} eval_ms=5 ram=12.2/23.9GB (51%) swap=0.0/3.9GB (0%) cpu=22% browser_rss=0.65GB
[06:44]   [ComfyUI] [worker:ComfyUI-MotionCapture] INFO: [GVHMRInference] Initializing feature extractor...
[06:44]   [ComfyUI] [05/18 18:07:57][INFO] [GVHMRInference] Initializing feature extractor...
[06:46]   [ComfyUI] [worker:ComfyUI-MotionCapture] INFO: [Memory] After all models loaded: (unable to read /proc/self/status)
[06:46]   [ComfyUI] [05/18 18:07:59][INFO] [Memory] After all models loaded: (unable to read /proc/self/status)
[06:46]   [ComfyUI] [worker:ComfyUI-MotionCapture] INFO: [GVHMRInference] All models loaded successfully!
[06:46]   [ComfyUI] [05/18 18:07:59][INFO] [GVHMRInference] All models loaded successfully!
[06:46]   [ComfyUI] [worker:ComfyUI-MotionCapture] INFO: [GVHMRInference] Video: 312 frames @ 812x720
[06:46]   [ComfyUI] [05/18 18:07:59][INFO] [GVHMRInference] Video: 312 frames @ 812x720
[06:46]   [ComfyUI] [worker:ComfyUI-MotionCapture] INFO: [GVHMRInference] Mask: 312 frames @ 816x720
[06:46]   [ComfyUI] [05/18 18:07:59][INFO] [GVHMRInference] Mask: 312 frames @ 816x720
[06:46]   [ComfyUI] [worker:ComfyUI-MotionCapture] INFO: [GVHMRInference] Processing 312 frames, static_camera=True
[06:46]   [ComfyUI] [05/18 18:07:59][INFO] [GVHMRInference] Processing 312 frames, static_camera=True
[06:46]   [ComfyUI] [worker:ComfyUI-MotionCapture] INFO: [Memory] Start of prepare_data_from_videos: (unable to read /proc/self/status)
[06:46]   [ComfyUI] [05/18 18:07:59][INFO] [Memory] Start of prepare_data_from_videos: (unable to read /proc/self/status)
[06:46]   [ComfyUI] [worker:ComfyUI-MotionCapture] INFO: [GVHMRInference] Phase 1: Extracting bounding boxes from mask video...
[06:46]   [ComfyUI] [05/18 18:07:59][INFO] [GVHMRInference] Phase 1: Extracting bounding boxes from mask video...
[06:48]   [ComfyUI] [worker:ComfyUI-MotionCapture] INFO: [GVHMRInference] Extracted 312 bounding boxes
[06:48]   [ComfyUI] [05/18 18:08:01][INFO] [GVHMRInference] Extracted 312 bounding boxes
[06:48]   [ComfyUI] [worker:ComfyUI-MotionCapture] INFO: [Memory] After bbox extraction from mask video: (unable to read /proc/self/status)
[06:48]   [ComfyUI] [05/18 18:08:01][INFO] [Memory] After bbox extraction from mask video: (unable to read /proc/self/status)
[06:48]   [ComfyUI] [worker:ComfyUI-MotionCapture] WARNING: [GVHMRInference] Mask resolution (816x720) != video resolution (812x720). Scaling bboxes.
[06:48]   [ComfyUI] [05/18 18:08:01][WARNING] [GVHMRInference] Mask resolution (816x720) != video resolution (812x720). Scaling bboxes.
[06:48]   [ComfyUI] [worker:ComfyUI-MotionCapture] INFO: [GVHMRInference] bboxes_xyxy: torch.Size([312, 4]), bbx_xys: torch.Size([312, 3])
[06:48]   [ComfyUI] [05/18 18:08:01][INFO] [GVHMRInference] bboxes_xyxy: torch.Size([312, 4]), bbx_xys: torch.Size([312, 3])
[06:48]   [ComfyUI] [SubprocessWorker] callback 'request_vram_budget' from call_id=2
[06:48]   [ComfyUI] [comfy-env] VRAM request: 1.27GB, free before eviction: 7.36GB
[06:48]   [ComfyUI] [comfy-env] VRAM after eviction: 7.36GB
[06:48]   [ComfyUI] [worker:ComfyUI-MotionCapture] INFO: Requested to load VitPoseModel
[06:48]   [ComfyUI] [05/18 18:08:01][INFO] Requested to load VitPoseModel
[06:48]   [ComfyUI] [worker:ComfyUI-MotionCapture] [VRAM] +225MB (now 225MB) reserved=256MB peak=225MB
[06:49]   [ComfyUI] [worker:ComfyUI-MotionCapture] INFO: loaded completely; 5600.80 MB usable, 1214.91 MB loaded, full load: True
[06:49]   [ComfyUI] [05/18 18:08:02][INFO] loaded completely; 5600.80 MB usable, 1214.91 MB loaded, full load: True
[06:49]   [ComfyUI] [worker:ComfyUI-MotionCapture] INFO: [Memory] ViTPose on GPU: (unable to read /proc/self/status)
[06:49]   [ComfyUI] [05/18 18:08:02][INFO] [Memory] ViTPose on GPU: (unable to read /proc/self/status)
[06:49]   [ComfyUI] [worker:ComfyUI-MotionCapture] INFO: [GVHMRInference] Pass 1/2 (ViTPose): 312 frames in chunks of 32...
[06:49]   [ComfyUI] [05/18 18:08:02][INFO] [GVHMRInference] Pass 1/2 (ViTPose): 312 frames in chunks of 32...
[06:49]   [ComfyUI] [worker:ComfyUI-MotionCapture] INFO: [GVHMRInference] ViTPose chunk [0:32] (32 frames)
[06:49]   [ComfyUI] [05/18 18:08:02][INFO] [GVHMRInference] ViTPose chunk [0:32] (32 frames)
[06:49]   [ComfyUI] [worker:ComfyUI-MotionCapture] [VRAM] +990MB (now 1215MB) reserved=1216MB peak=1215MB
[06:50]   [capture-loop] iter=700 t=82.9s state={'complete': False, 'error': None, 'executedCount': 0, 'wsState': 1} eval_ms=3 ram=10.7/23.9GB (45%) swap=0.0/3.9GB (0%) cpu=30% browser_rss=0.65GB
[06:50]   [ComfyUI] [SubprocessWorker] callback 'report_progress' from call_id=2
[06:50]   [ComfyUI] [SubprocessWorker] callback 'report_progress' from call_id=2
[06:51]   [ComfyUI] [SubprocessWorker] callback 'report_progress' from call_id=2
[06:51]   [ComfyUI] [SubprocessWorker] callback 'report_progress' from call_id=2
[06:51]   [ComfyUI] [worker:ComfyUI-MotionCapture] INFO: [Memory] After ViTPose chunk [0:32]: (unable to read /proc/self/status)
[06:51]   [ComfyUI] [05/18 18:08:04][INFO] [Memory] After ViTPose chunk [0:32]: (unable to read /proc/self/status)
[06:51]   Frame 20 saved (frame_019.jpg, t=83.8s)
[06:51]   [capture-periodic] freeze=3ms shot=105ms unfreeze=6ms saved=True
[06:51]   [ComfyUI] [worker:ComfyUI-MotionCapture] INFO: [GVHMRInference] ViTPose chunk [32:64] (32 frames)
[06:51]   [ComfyUI] [05/18 18:08:04][INFO] [GVHMRInference] ViTPose chunk [32:64] (32 frames)
[06:51]   [ComfyUI] [SubprocessWorker] callback 'report_progress' from call_id=2
[06:52]   [ComfyUI] [SubprocessWorker] callback 'report_progress' from call_id=2
[06:52]   [ComfyUI] [SubprocessWorker] callback 'report_progress' from call_id=2
[06:52]   [ComfyUI] [SubprocessWorker] callback 'report_progress' from call_id=2
[06:52]   [ComfyUI] [worker:ComfyUI-MotionCapture] INFO: [Memory] After ViTPose chunk [32:64]: (unable to read /proc/self/status)
[06:52]   [ComfyUI] [05/18 18:08:05][INFO] [Memory] After ViTPose chunk [32:64]: (unable to read /proc/self/status)
[06:52]   [ComfyUI] [worker:ComfyUI-MotionCapture] INFO: [GVHMRInference] ViTPose chunk [64:96] (32 frames)
[06:52]   [ComfyUI] [05/18 18:08:05][INFO] [GVHMRInference] ViTPose chunk [64:96] (32 frames)
[06:53]   [ComfyUI] [SubprocessWorker] callback 'report_progress' from call_id=2
[06:53]   [ComfyUI] [SubprocessWorker] callback 'report_progress' from call_id=2
[06:53]   [ComfyUI] [SubprocessWorker] callback 'report_progress' from call_id=2
[06:53]   [ComfyUI] [SubprocessWorker] callback 'report_progress' from call_id=2
[06:53]   [ComfyUI] [worker:ComfyUI-MotionCapture] INFO: [Memory] After ViTPose chunk [64:96]: (unable to read /proc/self/status)
[06:53]   [ComfyUI] [05/18 18:08:06][INFO] [Memory] After ViTPose chunk [64:96]: (unable to read /proc/self/status)
[06:53]   Frame 21 saved (frame_020.jpg, t=86.0s)
[06:53]   [capture-periodic] freeze=3ms shot=107ms unfreeze=6ms saved=True
[06:54]   [ComfyUI] [worker:ComfyUI-MotionCapture] INFO: [GVHMRInference] ViTPose chunk [96:128] (32 frames)
[06:54]   [ComfyUI] [05/18 18:08:07][INFO] [GVHMRInference] ViTPose chunk [96:128] (32 frames)
[06:54]   [ComfyUI] [SubprocessWorker] callback 'report_progress' from call_id=2
[06:54]   [ComfyUI] [SubprocessWorker] callback 'report_progress' from call_id=2
[06:54]   [ComfyUI] [SubprocessWorker] callback 'report_progress' from call_id=2
[06:54]   [ComfyUI] [SubprocessWorker] callback 'report_progress' from call_id=2
[06:55]   [ComfyUI] [worker:ComfyUI-MotionCapture] INFO: [Memory] After ViTPose chunk [96:128]: (unable to read /proc/self/status)
[06:55]   [ComfyUI] [05/18 18:08:07][INFO] [Memory] After ViTPose chunk [96:128]: (unable to read /proc/self/status)
[06:55]   [ComfyUI] [worker:ComfyUI-MotionCapture] INFO: [GVHMRInference] ViTPose chunk [128:160] (32 frames)
[06:55]   [ComfyUI] [05/18 18:08:08][INFO] [GVHMRInference] ViTPose chunk [128:160] (32 frames)
[06:55]   [ComfyUI] [SubprocessWorker] callback 'report_progress' from call_id=2
[06:55]   [ComfyUI] [SubprocessWorker] callback 'report_progress' from call_id=2
[06:55]   [ComfyUI] [SubprocessWorker] callback 'report_progress' from call_id=2
[06:55]   [ComfyUI] [SubprocessWorker] callback 'report_progress' from call_id=2
[06:56]   [ComfyUI] [worker:ComfyUI-MotionCapture] INFO: [Memory] After ViTPose chunk [128:160]: (unable to read /proc/self/status)
[06:56]   [ComfyUI] [05/18 18:08:09][INFO] [Memory] After ViTPose chunk [128:160]: (unable to read /proc/self/status)
[06:56]   [ComfyUI] [worker:ComfyUI-MotionCapture] INFO: [GVHMRInference] ViTPose chunk [160:192] (32 frames)
[06:56]   [ComfyUI] [05/18 18:08:09][INFO] [GVHMRInference] ViTPose chunk [160:192] (32 frames)
[06:56]   [ComfyUI] [SubprocessWorker] callback 'report_progress' from call_id=2
[06:56]   [capture-loop] iter=750 t=88.8s state={'complete': False, 'error': None, 'executedCount': 0, 'wsState': 1} eval_ms=4 ram=10.8/23.9GB (45%) swap=0.0/3.9GB (0%) cpu=47% browser_rss=0.66GB
[06:56]   [ComfyUI] [SubprocessWorker] callback 'report_progress' from call_id=2
[06:56]   [ComfyUI] [SubprocessWorker] callback 'report_progress' from call_id=2
[06:56]   [ComfyUI] [SubprocessWorker] callback 'report_progress' from call_id=2
[06:57]   [ComfyUI] [worker:ComfyUI-MotionCapture] INFO: [Memory] After ViTPose chunk [160:192]: (unable to read /proc/self/status)
[06:57]   [ComfyUI] [05/18 18:08:10][INFO] [Memory] After ViTPose chunk [160:192]: (unable to read /proc/self/status)
[06:57]   [ComfyUI] [worker:ComfyUI-MotionCapture] INFO: [GVHMRInference] ViTPose chunk [192:224] (32 frames)
[06:57]   [ComfyUI] [05/18 18:08:10][INFO] [GVHMRInference] ViTPose chunk [192:224] (32 frames)
[06:57]   [ComfyUI] [SubprocessWorker] callback 'report_progress' from call_id=2
[06:57]   [ComfyUI] [SubprocessWorker] callback 'report_progress' from call_id=2
[06:57]   [ComfyUI] [SubprocessWorker] callback 'report_progress' from call_id=2
[06:58]   [ComfyUI] [SubprocessWorker] callback 'report_progress' from call_id=2
[06:58]   Frame 22 saved (frame_021.jpg, t=90.4s)
[06:58]   [capture-periodic] freeze=3ms shot=95ms unfreeze=4ms saved=True
[06:58]   [ComfyUI] [worker:ComfyUI-MotionCapture] INFO: [Memory] After ViTPose chunk [192:224]: (unable to read /proc/self/status)
[06:58]   [ComfyUI] [05/18 18:08:11][INFO] [Memory] After ViTPose chunk [192:224]: (unable to read /proc/self/status)
[06:58]   [ComfyUI] [worker:ComfyUI-MotionCapture] INFO: [GVHMRInference] ViTPose chunk [224:256] (32 frames)
[06:58]   [ComfyUI] [05/18 18:08:11][INFO] [GVHMRInference] ViTPose chunk [224:256] (32 frames)
[06:58]   [ComfyUI] [SubprocessWorker] callback 'report_progress' from call_id=2
[06:58]   [ComfyUI] [SubprocessWorker] callback 'report_progress' from call_id=2
[06:59]   [ComfyUI] [SubprocessWorker] callback 'report_progress' from call_id=2
[06:59]   [ComfyUI] [SubprocessWorker] callback 'report_progress' from call_id=2
[06:59]   [ComfyUI] [worker:ComfyUI-MotionCapture] INFO: [Memory] After ViTPose chunk [224:256]: (unable to read /proc/self/status)
[06:59]   [ComfyUI] [05/18 18:08:12][INFO] [Memory] After ViTPose chunk [224:256]: (unable to read /proc/self/status)
[06:59]   [ComfyUI] [worker:ComfyUI-MotionCapture] INFO: [GVHMRInference] ViTPose chunk [256:288] (32 frames)
[06:59]   [ComfyUI] [05/18 18:08:12][INFO] [GVHMRInference] ViTPose chunk [256:288] (32 frames)
[07:00]   [ComfyUI] [SubprocessWorker] callback 'report_progress' from call_id=2
[07:00]   [ComfyUI] [SubprocessWorker] callback 'report_progress' from call_id=2
[07:00]   [ComfyUI] [SubprocessWorker] callback 'report_progress' from call_id=2
[07:00]   [ComfyUI] [SubprocessWorker] callback 'report_progress' from call_id=2
[07:00]   Frame 23 saved (frame_022.jpg, t=92.6s)
[07:00]   [capture-periodic] freeze=3ms shot=98ms unfreeze=5ms saved=True
[07:00]   [ComfyUI] [worker:ComfyUI-MotionCapture] INFO: [Memory] After ViTPose chunk [256:288]: (unable to read /proc/self/status)
[07:00]   [ComfyUI] [05/18 18:08:13][INFO] [Memory] After ViTPose chunk [256:288]: (unable to read /proc/self/status)
[07:00]   [ComfyUI] [worker:ComfyUI-MotionCapture] INFO: [GVHMRInference] ViTPose chunk [288:312] (24 frames)
[07:00]   [ComfyUI] [05/18 18:08:13][INFO] [GVHMRInference] ViTPose chunk [288:312] (24 frames)
[07:01]   [ComfyUI] [SubprocessWorker] callback 'report_progress' from call_id=2
[07:01]   [ComfyUI] [SubprocessWorker] callback 'report_progress' from call_id=2
[07:01]   [ComfyUI] [SubprocessWorker] callback 'report_progress' from call_id=2
[07:01]   [ComfyUI] [worker:ComfyUI-MotionCapture] INFO: [Memory] After ViTPose chunk [288:312]: (unable to read /proc/self/status)
[07:01]   [ComfyUI] [05/18 18:08:14][INFO] [Memory] After ViTPose chunk [288:312]: (unable to read /proc/self/status)
[07:01]   [ComfyUI] [SubprocessWorker] callback 'request_vram_budget' from call_id=2
[07:01]   [ComfyUI] [comfy-env] VRAM request: 1.34GB, free before eviction: 7.36GB
[07:01]   [ComfyUI] [comfy-env] VRAM after eviction: 7.36GB
[07:01]   [ComfyUI] [worker:ComfyUI-MotionCapture] INFO: Requested to load HMR2
[07:01]   [ComfyUI] [05/18 18:08:14][INFO] Requested to load HMR2
[07:01]   [ComfyUI] [worker:ComfyUI-MotionCapture] [VRAM] +484MB (now 1699MB) reserved=1728MB peak=1699MB
[07:02]   [ComfyUI] [worker:ComfyUI-MotionCapture] INFO: loaded completely; 4332.29 MB usable, 1278.33 MB loaded, full load: True
[07:02]   [ComfyUI] [05/18 18:08:15][INFO] loaded completely; 4332.29 MB usable, 1278.33 MB loaded, full load: True
[07:02]   [ComfyUI] [worker:ComfyUI-MotionCapture] INFO: [Memory] HMR2 on GPU: (unable to read /proc/self/status)
[07:02]   [ComfyUI] [05/18 18:08:15][INFO] [Memory] HMR2 on GPU: (unable to read /proc/self/status)
[07:02]   [ComfyUI] [worker:ComfyUI-MotionCapture] INFO: [GVHMRInference] Pass 2/2 (HMR2): 10 chunks...
[07:02]   [ComfyUI] [05/18 18:08:15][INFO] [GVHMRInference] Pass 2/2 (HMR2): 10 chunks...
[07:02]   [ComfyUI] [worker:ComfyUI-MotionCapture] INFO: [GVHMRInference] HMR2 chunk 1/10
[07:02]   [ComfyUI] [05/18 18:08:15][INFO] [GVHMRInference] HMR2 chunk 1/10
[07:02]   [capture-loop] iter=800 t=94.6s state={'complete': False, 'error': None, 'executedCount': 0, 'wsState': 1} eval_ms=3 ram=9.5/23.9GB (40%) swap=0.0/3.9GB (0%) cpu=44% browser_rss=0.66GB
[07:02]   [ComfyUI] [SubprocessWorker] callback 'report_progress' from call_id=2
[07:02]   [ComfyUI] [SubprocessWorker] callback 'report_progress' from call_id=2
[07:02]   Frame 24 saved (frame_023.jpg, t=94.8s)
[07:02]   [capture-periodic] freeze=2ms shot=113ms unfreeze=10ms saved=True
[07:02]   [ComfyUI] [SubprocessWorker] callback 'report_progress' from call_id=2
[07:02]   [ComfyUI] [worker:ComfyUI-MotionCapture] INFO: [GVHMRInference] HMR2 chunk 2/10
[07:02]   [ComfyUI] [worker:ComfyUI-MotionCapture] [VRAM] +803MB (now 2503MB) reserved=2592MB peak=2528MB
[07:02]   [ComfyUI] [05/18 18:08:15][INFO] [GVHMRInference] HMR2 chunk 2/10
[07:03]   [ComfyUI] [SubprocessWorker] callback 'report_progress' from call_id=2
[07:03]   [ComfyUI] [SubprocessWorker] callback 'report_progress' from call_id=2
[07:03]   [ComfyUI] [SubprocessWorker] callback 'report_progress' from call_id=2
[07:03]   [ComfyUI] [worker:ComfyUI-MotionCapture] INFO: [GVHMRInference] HMR2 chunk 3/10
[07:03]   [ComfyUI] [05/18 18:08:16][INFO] [GVHMRInference] HMR2 chunk 3/10
[07:03]   [ComfyUI] [SubprocessWorker] callback 'report_progress' from call_id=2
[07:03]   [ComfyUI] [SubprocessWorker] callback 'report_progress' from call_id=2
[07:03]   [ComfyUI] [SubprocessWorker] callback 'report_progress' from call_id=2
[07:03]   [ComfyUI] [worker:ComfyUI-MotionCapture] INFO: [GVHMRInference] HMR2 chunk 4/10
[07:03]   [ComfyUI] [05/18 18:08:16][INFO] [GVHMRInference] HMR2 chunk 4/10
[07:03]   [ComfyUI] [SubprocessWorker] callback 'report_progress' from call_id=2
[07:04]   [ComfyUI] [SubprocessWorker] callback 'report_progress' from call_id=2
[07:04]   [ComfyUI] [SubprocessWorker] callback 'report_progress' from call_id=2
[07:04]   [ComfyUI] [worker:ComfyUI-MotionCapture] INFO: [GVHMRInference] HMR2 chunk 5/10
[07:04]   [ComfyUI] [05/18 18:08:17][INFO] [GVHMRInference] HMR2 chunk 5/10
[07:04]   [ComfyUI] [SubprocessWorker] callback 'report_progress' from call_id=2
[07:04]   [ComfyUI] [SubprocessWorker] callback 'report_progress' from call_id=2
[07:04]   [ComfyUI] [SubprocessWorker] callback 'report_progress' from call_id=2
[07:04]   [ComfyUI] [worker:ComfyUI-MotionCapture] INFO: [GVHMRInference] HMR2 chunk 6/10
[07:04]   [ComfyUI] [05/18 18:08:17][INFO] [GVHMRInference] HMR2 chunk 6/10
[07:04]   [ComfyUI] [SubprocessWorker] callback 'report_progress' from call_id=2
[07:04]   [ComfyUI] [SubprocessWorker] callback 'report_progress' from call_id=2
[07:04]   [ComfyUI] [SubprocessWorker] callback 'report_progress' from call_id=2
[07:05]   [ComfyUI] [worker:ComfyUI-MotionCapture] INFO: [GVHMRInference] HMR2 chunk 7/10
[07:05]   [ComfyUI] [05/18 18:08:18][INFO] [GVHMRInference] HMR2 chunk 7/10
[07:05]   [ComfyUI] [SubprocessWorker] callback 'report_progress' from call_id=2
[07:05]   [ComfyUI] [SubprocessWorker] callback 'report_progress' from call_id=2
[07:05]   [ComfyUI] [SubprocessWorker] callback 'report_progress' from call_id=2
[07:05]   [ComfyUI] [worker:ComfyUI-MotionCapture] INFO: [GVHMRInference] HMR2 chunk 8/10
[07:05]   [ComfyUI] [05/18 18:08:18][INFO] [GVHMRInference] HMR2 chunk 8/10
[07:05]   [ComfyUI] [SubprocessWorker] callback 'report_progress' from call_id=2
[07:05]   [ComfyUI] [SubprocessWorker] callback 'report_progress' from call_id=2
[07:05]   [ComfyUI] [SubprocessWorker] callback 'report_progress' from call_id=2
[07:06]   [ComfyUI] [worker:ComfyUI-MotionCapture] INFO: [GVHMRInference] HMR2 chunk 9/10
[07:06]   [ComfyUI] [05/18 18:08:18][INFO] [GVHMRInference] HMR2 chunk 9/10
[07:06]   [ComfyUI] [SubprocessWorker] callback 'report_progress' from call_id=2
[07:06]   [ComfyUI] [SubprocessWorker] callback 'report_progress' from call_id=2
[07:06]   [ComfyUI] [SubprocessWorker] callback 'report_progress' from call_id=2
[07:06]   [ComfyUI] [worker:ComfyUI-MotionCapture] INFO: [GVHMRInference] HMR2 chunk 10/10
[07:06]   [ComfyUI] [05/18 18:08:19][INFO] [GVHMRInference] HMR2 chunk 10/10
[07:06]   [ComfyUI] [SubprocessWorker] callback 'report_progress' from call_id=2
[07:06]   [ComfyUI] [SubprocessWorker] callback 'report_progress' from call_id=2
[07:07]   Frame 25 saved (frame_024.jpg, t=99.2s)
[07:07]   [capture-periodic] freeze=3ms shot=97ms unfreeze=6ms saved=True
[07:07]   [ComfyUI] [worker:ComfyUI-MotionCapture] INFO: [Memory] After HMR2 pass: (unable to read /proc/self/status)
[07:07]   [ComfyUI] [05/18 18:08:20][INFO] [Memory] After HMR2 pass: (unable to read /proc/self/status)
[07:07]   [ComfyUI] [worker:ComfyUI-MotionCapture] INFO: [GVHMRInference] ViTPose complete: kp2d=torch.Size([312, 17, 3]) dtype=torch.float32
[07:07]   [ComfyUI] [05/18 18:08:20][INFO] [GVHMRInference] ViTPose complete: kp2d=torch.Size([312, 17, 3]) dtype=torch.float32
[07:07]   [ComfyUI] [worker:ComfyUI-MotionCapture] INFO: [GVHMRInference] HMR2 complete: f_imgseq=torch.Size([312, 1024]) dtype=torch.bfloat16
[07:07]   [ComfyUI] [05/18 18:08:20][INFO] [GVHMRInference] HMR2 complete: f_imgseq=torch.Size([312, 1024]) dtype=torch.bfloat16
[07:07]   [ComfyUI] [worker:ComfyUI-MotionCapture] INFO: [Memory] After all chunks processed: (unable to read /proc/self/status)
[07:07]   [ComfyUI] [05/18 18:08:20][INFO] [Memory] After all chunks processed: (unable to read /proc/self/status)
[07:07]   [ComfyUI] [worker:ComfyUI-MotionCapture] INFO: [GVHMRInference] Features offloaded to disk: C:\Users\ContainerUser\AppData\Local\Temp\f_imgseq_fxqu1yt9.safetensors
[07:07]   [ComfyUI] [05/18 18:08:20][INFO] [GVHMRInference] Features offloaded to disk: C:\Users\ContainerUser\AppData\Local\Temp\f_imgseq_fxqu1yt9.safetensors
[07:07]   [ComfyUI] [worker:ComfyUI-MotionCapture] INFO: [GVHMRInference] Auto-estimating camera intrinsics (53 deg FOV)
[07:07]   [ComfyUI] [05/18 18:08:20][INFO] [GVHMRInference] Auto-estimating camera intrinsics (53 deg FOV)
[07:07]   [ComfyUI] [worker:ComfyUI-MotionCapture] INFO: [GVHMRInference] Camera mode: STATIC (vo_method=simple_vo)
[07:07]   [ComfyUI] [05/18 18:08:20][INFO] [GVHMRInference] Camera mode: STATIC (vo_method=simple_vo)
[07:07]   [ComfyUI] [worker:ComfyUI-MotionCapture] INFO: [GVHMRInference] R_w2c: torch.Size([312, 3, 3]), t_w2c: None
[07:07]   [ComfyUI] [05/18 18:08:20][INFO] [GVHMRInference] R_w2c: torch.Size([312, 3, 3]), t_w2c: None
[07:07]   [ComfyUI] [worker:ComfyUI-MotionCapture] INFO: [GVHMRInference] cam_angvel: torch.Size([312, 6])
[07:07]   [ComfyUI] [05/18 18:08:20][INFO] [GVHMRInference] cam_angvel: torch.Size([312, 6])
[07:07]   [ComfyUI] [worker:ComfyUI-MotionCapture] INFO: [GVHMRInference] === Data dict summary ===
[07:07]   [ComfyUI] [05/18 18:08:20][INFO] [GVHMRInference] === Data dict summary ===
[07:07]   [ComfyUI] [worker:ComfyUI-MotionCapture] INFO: [GVHMRInference]   length: torch.Size([]) dtype=torch.int64
[07:07]   [ComfyUI] [05/18 18:08:20][INFO] [GVHMRInference]   length: torch.Size([]) dtype=torch.int64
[07:07]   [ComfyUI] [worker:ComfyUI-MotionCapture] INFO: [GVHMRInference]   bbx_xys: torch.Size([312, 3]) dtype=torch.float32
[07:07]   [ComfyUI] [05/18 18:08:20][INFO] [GVHMRInference]   bbx_xys: torch.Size([312, 3]) dtype=torch.float32
[07:07]   [ComfyUI] [worker:ComfyUI-MotionCapture] INFO: [GVHMRInference]   kp2d: torch.Size([312, 17, 3]) dtype=torch.float32
[07:07]   [ComfyUI] [05/18 18:08:20][INFO] [GVHMRInference]   kp2d: torch.Size([312, 17, 3]) dtype=torch.float32
[07:07]   [ComfyUI] [worker:ComfyUI-MotionCapture] INFO: [GVHMRInference]   K_fullimg: torch.Size([312, 3, 3]) dtype=torch.float32
[07:07]   [ComfyUI] [05/18 18:08:20][INFO] [GVHMRInference]   K_fullimg: torch.Size([312, 3, 3]) dtype=torch.float32
[07:07]   [ComfyUI] [worker:ComfyUI-MotionCapture] INFO: [GVHMRInference]   cam_angvel: torch.Size([312, 6]) dtype=torch.float32
[07:07]   [ComfyUI] [05/18 18:08:20][INFO] [GVHMRInference]   cam_angvel: torch.Size([312, 6]) dtype=torch.float32
[07:07]   [ComfyUI] [worker:ComfyUI-MotionCapture] INFO: [GVHMRInference]   f_imgseq: None
[07:07]   [ComfyUI] [05/18 18:08:20][INFO] [GVHMRInference]   f_imgseq: None
[07:07]   [ComfyUI] [worker:ComfyUI-MotionCapture] INFO: [GVHMRInference]   f_imgseq_path: str = C:\Users\ContainerUser\AppData\Local\Temp\f_imgseq_fxqu1yt9.safetensors
[07:07]   [ComfyUI] [05/18 18:08:20][INFO] [GVHMRInference]   f_imgseq_path: str = C:\Users\ContainerUser\AppData\Local\Temp\f_imgseq_fxqu1yt9.safetensors
[07:07]   [ComfyUI] [worker:ComfyUI-MotionCapture] INFO: [Memory] End of prepare_data_from_videos: (unable to read /proc/self/status)
[07:07]   [ComfyUI] [05/18 18:08:20][INFO] [Memory] End of prepare_data_from_videos: (unable to read /proc/self/status)
[07:07]   [ComfyUI] [worker:ComfyUI-MotionCapture] INFO: [GVHMRInference] Reloading features from disk...
[07:07]   [ComfyUI] [05/18 18:08:20][INFO] [GVHMRInference] Reloading features from disk...
[07:07]   [ComfyUI] [worker:ComfyUI-MotionCapture] INFO: [GVHMRInference] Features reloaded from disk
[07:07]   [ComfyUI] [05/18 18:08:20][INFO] [GVHMRInference] Features reloaded from disk
[07:07]   [ComfyUI] [SubprocessWorker] callback 'request_vram_budget' from call_id=2
[07:07]   [ComfyUI] [comfy-env] VRAM request: 0.08GB, free before eviction: 7.36GB
[07:07]   [ComfyUI] [comfy-env] VRAM after eviction: 7.36GB
[07:07]   [ComfyUI] [worker:ComfyUI-MotionCapture] INFO: Requested to load DemoPL
[07:07]   [ComfyUI] [05/18 18:08:20][INFO] Requested to load DemoPL
[07:07]   [ComfyUI] [worker:ComfyUI-MotionCapture] INFO: loaded completely; 3053.49 MB usable, 77.90 MB loaded, full load: True
[07:07]   [ComfyUI] [05/18 18:08:20][INFO] loaded completely; 3053.49 MB usable, 77.90 MB loaded, full load: True
[07:07]   [ComfyUI] [worker:ComfyUI-MotionCapture] INFO: [Memory] Before GVHMR predict: (unable to read /proc/self/status)
[07:07]   [ComfyUI] [05/18 18:08:20][INFO] [Memory] Before GVHMR predict: (unable to read /proc/self/status)
[07:07]   [ComfyUI] [worker:ComfyUI-MotionCapture] INFO: [GVHMRInference] Running GVHMR model (static_cam=True)...
[07:07]   [ComfyUI] [05/18 18:08:20][INFO] [GVHMRInference] Running GVHMR model (static_cam=True)...
[07:07]   [ComfyUI] [worker:ComfyUI-MotionCapture] INFO: [GVHMRInference] === Pre-predict data shapes ===
[07:07]   [ComfyUI] [05/18 18:08:20][INFO] [GVHMRInference] === Pre-predict data shapes ===
[07:07]   [ComfyUI] [worker:ComfyUI-MotionCapture] INFO: [GVHMRInference]   data[length]: torch.Size([]) dtype=torch.int64 device=cpu
[07:07]   [ComfyUI] [05/18 18:08:20][INFO] [GVHMRInference]   data[length]: torch.Size([]) dtype=torch.int64 device=cpu
[07:07]   [ComfyUI] [worker:ComfyUI-MotionCapture] INFO: [GVHMRInference]   data[bbx_xys]: torch.Size([312, 3]) dtype=torch.float32 device=cpu
[07:07]   [ComfyUI] [05/18 18:08:20][INFO] [GVHMRInference]   data[bbx_xys]: torch.Size([312, 3]) dtype=torch.float32 device=cpu
[07:07]   [ComfyUI] [worker:ComfyUI-MotionCapture] INFO: [GVHMRInference]   data[kp2d]: torch.Size([312, 17, 3]) dtype=torch.float32 device=cpu
[07:07]   [ComfyUI] [05/18 18:08:20][INFO] [GVHMRInference]   data[kp2d]: torch.Size([312, 17, 3]) dtype=torch.float32 device=cpu
[07:07]   [ComfyUI] [worker:ComfyUI-MotionCapture] INFO: [GVHMRInference]   data[K_fullimg]: torch.Size([312, 3, 3]) dtype=torch.float32 device=cpu
[07:07]   [ComfyUI] [05/18 18:08:20][INFO] [GVHMRInference]   data[K_fullimg]: torch.Size([312, 3, 3]) dtype=torch.float32 device=cpu
[07:07]   [ComfyUI] [worker:ComfyUI-MotionCapture] INFO: [GVHMRInference]   data[cam_angvel]: torch.Size([312, 6]) dtype=torch.float32 device=cpu
[07:07]   [ComfyUI] [05/18 18:08:20][INFO] [GVHMRInference]   data[cam_angvel]: torch.Size([312, 6]) dtype=torch.float32 device=cpu
[07:07]   [ComfyUI] [worker:ComfyUI-MotionCapture] INFO: [GVHMRInference]   data[f_imgseq]: torch.Size([312, 1024]) dtype=torch.bfloat16 device=cpu
[07:07]   [ComfyUI] [05/18 18:08:20][INFO] [GVHMRInference]   data[f_imgseq]: torch.Size([312, 1024]) dtype=torch.bfloat16 device=cpu
[07:08]   [capture-loop] iter=850 t=100.6s state={'complete': False, 'error': None, 'executedCount': 0, 'wsState': 1} eval_ms=3 ram=9.6/23.9GB (40%) swap=0.0/3.9GB (0%) cpu=43% browser_rss=0.66GB
[07:09]   [ComfyUI] [worker:ComfyUI-MotionCapture] INFO: [Memory] After GVHMR predict: (unable to read /proc/self/status)
[07:09]   [ComfyUI] [05/18 18:08:22][INFO] [Memory] After GVHMR predict: (unable to read /proc/self/status)
[07:09]   [ComfyUI] [worker:ComfyUI-MotionCapture] INFO: [GVHMRInference] Saved SMPL params to: C:\workspaces\MotionCapture-1801\ComfyUI\output\smpl_params_0001.npz
[07:09]   [ComfyUI] [05/18 18:08:22][INFO] [GVHMRInference] Saved SMPL params to: C:\workspaces\MotionCapture-1801\ComfyUI\output\smpl_params_0001.npz
[07:09]   [ComfyUI] [worker:ComfyUI-MotionCapture] INFO: [GVHMRInference] Inference complete!
[07:09]   [ComfyUI] [05/18 18:08:22][INFO] [GVHMRInference] Inference complete!
[07:09]   [ComfyUI] [worker:ComfyUI-MotionCapture] INFO: [Memory] Final (before return): (unable to read /proc/self/status)
[07:09]   [ComfyUI] [05/18 18:08:22][INFO] [Memory] Final (before return): (unable to read /proc/self/status)
[07:09]   [ComfyUI] [SubprocessWorker] got response: ok
[07:09]   [ComfyUI] [comfy-env] Created 3 model patchers: ['VitPoseModel_1', 'HMR2_2', 'DemoPL_3']
[07:09]   [ComfyUI] [comfy-env] GVHMRInference done (34.32s): result: NodeOutput
[07:09]   [ComfyUI] [VRAM] After GVHMRInference: 1130 / 8150 MB
[07:09]   [ComfyUI] [VRAM] Loaded: SubprocessModel (89 MB), SubprocessModel (1278 MB), SubprocessModel (1215 MB)
[07:09]   [ComfyUI] [comfy-env] Running SMPLViewer: npz_path: 'C:\\workspaces\\MotionCapture-1801\\ComfyUI\\output\\smp..., frame_skip: 1, mesh_color: '#4a9eff'
[07:09]   [ComfyUI] [VRAM] Before SMPLViewer: 1130 / 8150 MB
[07:09]   [ComfyUI] [VRAM] Loaded: SubprocessModel (89 MB), SubprocessModel (1278 MB), SubprocessModel (1215 MB)
[07:09]   [ComfyUI] [SubprocessWorker] call_method: nodes.viewer_node.SMPLViewer.EXECUTE_NORMALIZED
[07:09]   [ComfyUI] [SubprocessWorker] acquired lock, ensuring started...
[07:09]   [ComfyUI] [ComfyUI-MotionCapture] Health check: ping (timeout=5.0s)...
[07:09]   [ComfyUI] [ComfyUI-MotionCapture] Health check: ok
[07:09]   [ComfyUI] [SubprocessWorker] worker started/confirmed
[07:09]   [ComfyUI] [SubprocessWorker] serializing kwargs to shm...
[07:09]   [ComfyUI] [SubprocessWorker] created 0 shm blocks
[07:09]   [ComfyUI] [SubprocessWorker] sending request via socket...
[07:09]   [ComfyUI] [SubprocessWorker] call_id=3 sending call_method
[07:09]   [ComfyUI] [worker:ComfyUI-MotionCapture] INFO: [SMPLViewer] Generating 3D mesh data for visualization...
[07:09]   [ComfyUI] [05/18 18:08:22][INFO] [SMPLViewer] Generating 3D mesh data for visualization...
[07:09]   [ComfyUI] [worker:ComfyUI-MotionCapture] INFO: [SMPLViewer] Loading SMPL parameters from: C:\workspaces\MotionCapture-1801\ComfyUI\output\smpl_params_0001.npz
[07:09]   [ComfyUI] [05/18 18:08:22][INFO] [SMPLViewer] Loading SMPL parameters from: C:\workspaces\MotionCapture-1801\ComfyUI\output\smpl_params_0001.npz
[07:09]   [ComfyUI] [worker:ComfyUI-MotionCapture] INFO: [SMPLViewer] Processing 312 frames (skip=1)
[07:09]   [ComfyUI] [05/18 18:08:22][INFO] [SMPLViewer] Processing 312 frames (skip=1)
[07:11]   Frame 26 saved (frame_025.jpg, t=103.6s)
[07:11]   [capture-periodic] freeze=3ms shot=95ms unfreeze=4ms saved=True
[07:13]   [ComfyUI] [worker:ComfyUI-MotionCapture] INFO: [SMPLViewer] Generated mesh: 312 frames, 6890 vertices, 13776 faces
[07:13]   [ComfyUI] [05/18 18:08:25][INFO] [SMPLViewer] Generated mesh: 312 frames, 6890 vertices, 13776 faces
[07:13]   [ComfyUI] [worker:ComfyUI-MotionCapture] INFO: [SMPLViewer] Wrote smpl_mesh_0001.bin (24.8 MB)
[07:13]   [ComfyUI] [05/18 18:08:25][INFO] [SMPLViewer] Wrote smpl_mesh_0001.bin (24.8 MB)
[07:13]   [ComfyUI] [SubprocessWorker] got response: ok
[07:13]   [ComfyUI] [comfy-env] Created 1 model patchers: ['SMPLX_4']
[07:13]   [ComfyUI] [comfy-env] SMPLViewer done (3.16s): result: NodeOutput
[07:13]   [ComfyUI] [VRAM] After SMPLViewer: 1130 / 8150 MB
[07:13]   [ComfyUI] [VRAM] Loaded: SubprocessModel (65 MB), SubprocessModel (89 MB), SubprocessModel (1278 MB), SubprocessModel (1215 MB)
[07:13]   [ComfyUI] Prompt executed in 104.97 seconds
[07:13]   Node executed (1 total), capturing...
[07:13]   Frame 27 saved (frame_026.jpg, t=105.4s)
[07:13]   [capture-node] freeze=3ms shot=99ms unfreeze=0ms saved=True
[07:13]   Execution complete (t=105.4s)
[07:13]   Captured 27 unique frames over 105.54s
[07:13]   [debug] iframes: 0
[07:13]   [timing] trigger_3d_previews: 0.0s
[07:15]   Saved high-quality screenshot: GVHMR_executed.png
[07:15]   [timing] final_screenshot: 0.3s
[07:15]   [ComfyUI] [comfy-env] [VRAM] Before offload 'SMPLX_4' (65 MB) -> cpu: 1130 / 8150 MB
[07:15]   [ComfyUI] [ComfyUI-MotionCapture] Health check: ping (timeout=5.0s)...
[07:15] Capturing execution frames: GVHMR_cameramotion.json
[07:15]   [ComfyUI] [ComfyUI-MotionCapture] Health check: ok
[07:15]   [ComfyUI] [SubprocessWorker] call_id=4 sending model_to_device
[07:15]   [ComfyUI] [comfy-env] [VRAM] After offload 'SMPLX_4' (65 MB): 1130 / 8150 MB
[07:15]   [ComfyUI] [comfy-env] [VRAM] Before offload 'DemoPL_3' (89 MB) -> cpu: 1130 / 8150 MB
[07:15]   [ComfyUI] [ComfyUI-MotionCapture] Health check: ping (timeout=5.0s)...
[07:15]   [ComfyUI] [ComfyUI-MotionCapture] Health check: ok
[07:15]   [ComfyUI] [SubprocessWorker] call_id=5 sending model_to_device
[07:15]   [ComfyUI] Exception in callback _ProactorBasePipeTransport._call_connection_lost()
[07:15]   [ComfyUI] handle: <Handle _ProactorBasePipeTransport._call_connection_lost()>
[07:15]   [ComfyUI] Traceback (most recent call last):
[07:15]   [ComfyUI]   File "C:\Users\ContainerUser\AppData\Roaming\uv\python\cpython-3.13-windows-x86_64-none\Lib\asyncio\events.py", line 89, in _run
[07:15]   [ComfyUI]     self._context.run(self._callback, *self._args)
[07:15]   [ComfyUI]     ~~~~~~~~~~~~~~~~~^^^^^^^^^^^^^^^^^^^^^^^^^^^^^
[07:15]   [ComfyUI]   File "C:\Users\ContainerUser\AppData\Roaming\uv\python\cpython-3.13-windows-x86_64-none\Lib\asyncio\proactor_events.py", line 165, in _call_connection_lost
[07:15]   [ComfyUI]     self._sock.shutdown(socket.SHUT_RDWR)
[07:15]   [ComfyUI]     ~~~~~~~~~~~~~~~~~~~^^^^^^^^^^^^^^^^^^
[07:15]   [ComfyUI] ConnectionResetError: [WinError 10054] An existing connection was forcibly closed by the remote host
[07:15]   [ComfyUI] [comfy-env] [VRAM] After offload 'DemoPL_3' (89 MB): 1130 / 8150 MB
[07:15]   [ComfyUI] [comfy-env] [VRAM] Before offload 'VitPoseModel_1' (1215 MB) -> cpu: 1130 / 8150 MB
[07:15]   [ComfyUI] [ComfyUI-MotionCapture] Health check: ping (timeout=5.0s)...
[07:15]   [ComfyUI] [ComfyUI-MotionCapture] Health check: ok
[07:15]   [ComfyUI] [SubprocessWorker] call_id=6 sending model_to_device
[07:15]   [ComfyUI] [worker:ComfyUI-MotionCapture] [VRAM] -278MB (now 2226MB) reserved=2528MB peak=2662MB
[07:16]   [ComfyUI] [comfy-env] [VRAM] After offload 'VitPoseModel_1' (1215 MB): 1130 / 8150 MB
[07:16]   [ComfyUI] [comfy-env] [VRAM] Before offload 'HMR2_2' (1278 MB) -> cpu: 1130 / 8150 MB
[07:16]   [ComfyUI] [ComfyUI-MotionCapture] Health check: ping (timeout=5.0s)...
[07:16]   [ComfyUI] [ComfyUI-MotionCapture] Health check: ok
[07:16]   [ComfyUI] [SubprocessWorker] call_id=7 sending model_to_device
[07:16]   [ComfyUI] [comfy-env] [VRAM] After offload 'HMR2_2' (1278 MB): 1130 / 8150 MB
[07:21]   Frame 1 saved (frame_000.jpg, t=0.0s)
[07:21]   Validating workflow...
[07:21]   [ComfyUI] === /validate endpoint called ===
[07:21]   [ComfyUI] Received JSON with keys: ['prompt']
[07:21]   [ComfyUI] Prompt has 6 nodes
[07:21]   [ComfyUI]   Node 20: SMPLViewer
[07:21]   [ComfyUI]     Inputs: {"npz_path": ["34", 0], "frame_skip": 1, "mesh_color": "#4a9eff", "smpl_viewer": ""}
[07:21]   Queuing workflow for execution...
[07:21]   [ComfyUI]   Node 24: CameraIntrinsics
[07:21]   [ComfyUI]     Inputs: {"matrix": "[[[3.2782e+03, 0.0000e+00, 9.6000e+02],\n[0.0000e+00, 2.4555e+03, 5.4000e+02],\n[0.0000e+00, 0.0000e+00, 1.0000e+00]]]"}
[07:21]   [ComfyUI]   Node 26: LoadGVHMRModels
[07:21]   [ComfyUI]     Inputs: {"model_path_override": "", "precision": "auto", "attention": "auto", "load_dpvo": true}
[07:21]   [ComfyUI]   Node 32: LoadVideo
[07:21]   [ComfyUI]     Inputs: {"file": "dancing.mp4", "video-preview": ""}
[07:21]   [ComfyUI]   Node 33: LoadVideo
[07:21]   [ComfyUI]     Inputs: {"file": "dancing_mask.mp4", "video-preview": ""}
[07:21]   [ComfyUI]   Node 34: GVHMRInference
[07:21]   [ComfyUI]     Inputs: {"moving_camera": true, "focal_length_mm": 0, "bbox_scale": 1.2, "vo_method": "simple_vo", "vo_scale": 0.5, "vo_step": 8, "chunk_size": 32, "video": ["32", 0], "video_mask": ["33", 0], "config": ["26"
[07:21]   [ComfyUI] Generated prompt_id: da5f803c-064e-4dff-9af4-8d9f1ccdc106
[07:21]   [ComfyUI] Calling execution.validate_prompt()...
[07:21]   [ComfyUI] Validation result: valid=True
[07:21]   [ComfyUI] === Validation PASSED ===
[07:21]   [ComfyUI] got prompt
[07:21]   [ComfyUI] [comfy-env] Running LoadGVHMRModels: model_path_override: '', precision: 'auto', attention: 'auto', load_dpvo: True
[07:21]   [ComfyUI] [VRAM] Before LoadGVHMRModels: 1130 / 8150 MB
[07:21]   [ComfyUI] [SubprocessWorker] call_method: nodes.load_model.LoadGVHMRModels.EXECUTE_NORMALIZED
[07:21]   [ComfyUI] [SubprocessWorker] acquired lock, ensuring started...
[07:21]   [ComfyUI] [ComfyUI-MotionCapture] Health check: ping (timeout=5.0s)...
[07:21]   [ComfyUI] [ComfyUI-MotionCapture] Health check: failed
[07:21]   [ComfyUI] [ComfyUI-MotionCapture] Socket unhealthy, restarting worker...
[07:21]   [ComfyUI] [comfy-env] Invalidated 4 stale model patchers (will be cleaned up during next unload)
[07:21]   [ComfyUI] [comfy-env] motioncapture-nodes: Library/bin has 237 DLLs
[07:21]   [ComfyUI] [ComfyUI-MotionCapture] python: C:\Users\ContainerUser\AppData\Local\Programs\comfy-env\.pixi\envs\motioncapture-nodes\python.exe
[07:21]   [ComfyUI] [ComfyUI-MotionCapture] sys_path sent to worker: ['C:\\workspaces\\MotionCapture-1801\\ComfyUI', 'C:\\workspaces\\MotionCapture-1801\\ComfyUI\\custom_nodes\\ComfyUI-MotionCapture', 'C:\\Users\\ContainerUser\\AppData\\Local\\Programs\\comfy-env\\.pixi\\envs\\motioncapture-nodes\\Lib\\site-packages', 'C:\\workspaces\\MotionCapture-1801\\ComfyUI\\custom_nodes\\ComfyUI-MotionCapture']
[07:21]   [ComfyUI] [SubprocessWorker] is_pixi=True, python=C:\Users\ContainerUser\AppData\Local\Programs\comfy-env\.pixi\envs\motioncapture-nodes\python.exe
[07:21]   [ComfyUI] [SubprocessWorker] launching cmd=['C:\\Users\\ContainerUser\\.pixi\\bin\\pixi.exe', 'run', '--as-is', '--manifest-path', 'C:\\Users\\ContainerUser\\AppData\\Local\\Programs\\comfy-env\\pixi.toml', '-e', 'motioncapture-nodes', 'python', 'C:\\Users\\ContainerUser\\AppData\\Local\\Temp\\comfyui_pvenv_jggsdgx5\\persistent_worker.py', 'tcp://127.0.0.1:54173']...
[07:23]   [ComfyUI] [worker:ComfyUI-MotionCapture] ERROR: Failed to import comfy_kitchen, Error: No module named 'comfy_kitchen', fp8 and fp4 support will not be available.
[07:23]   Frame 2 saved (frame_001.jpg, t=2.2s)
[07:23]   [capture-periodic] freeze=3ms shot=95ms unfreeze=5ms saved=True
[07:23]   [ComfyUI] [SubprocessWorker] worker started/confirmed
[07:23]   [ComfyUI] [SubprocessWorker] serializing kwargs to shm...
[07:23]   [ComfyUI] [SubprocessWorker] created 0 shm blocks
[07:23]   [ComfyUI] [SubprocessWorker] sending request via socket...
[07:23]   [ComfyUI] [SubprocessWorker] call_id=8 sending call_method
[07:23]   [ComfyUI] [worker:ComfyUI-MotionCapture] INFO: [GVHMRInference] DPVO not installed - only SimpleVO will be available
[07:23]   [ComfyUI] [05/18 18:08:36][INFO] [GVHMRInference] DPVO not installed - only SimpleVO will be available
[07:24]   [ComfyUI] [worker:ComfyUI-MotionCapture] INFO: [LoadGVHMRModels] Checking GVHMR models...
[07:24]   [ComfyUI] [05/18 18:08:36][INFO] [LoadGVHMRModels] Checking GVHMR models...
[07:24]   [ComfyUI] [worker:ComfyUI-MotionCapture] INFO: [LoadGVHMRModels] gvhmr found at C:\workspaces\MotionCapture-1801\ComfyUI\models\motion_capture\gvhmr.safetensors
[07:24]   [ComfyUI] [05/18 18:08:36][INFO] [LoadGVHMRModels] gvhmr found at C:\workspaces\MotionCapture-1801\ComfyUI\models\motion_capture\gvhmr.safetensors
[07:24]   [ComfyUI] [worker:ComfyUI-MotionCapture] INFO: [LoadGVHMRModels] vitpose found at C:\workspaces\MotionCapture-1801\ComfyUI\models\motion_capture\vitpose.safetensors
[07:24]   [ComfyUI] [05/18 18:08:36][INFO] [LoadGVHMRModels] vitpose found at C:\workspaces\MotionCapture-1801\ComfyUI\models\motion_capture\vitpose.safetensors
[07:24]   [ComfyUI] [worker:ComfyUI-MotionCapture] INFO: [LoadGVHMRModels] hmr2 found at C:\workspaces\MotionCapture-1801\ComfyUI\models\motion_capture\hmr2.safetensors
[07:24]   [ComfyUI] [05/18 18:08:36][INFO] [LoadGVHMRModels] hmr2 found at C:\workspaces\MotionCapture-1801\ComfyUI\models\motion_capture\hmr2.safetensors
[07:24]   [ComfyUI] [worker:ComfyUI-MotionCapture] INFO: [LoadGVHMRModels] SMPL body models found
[07:24]   [ComfyUI] [05/18 18:08:36][INFO] [LoadGVHMRModels] SMPL body models found
[07:24]   [ComfyUI] [worker:ComfyUI-MotionCapture] INFO: [LoadGVHMRModels] All models verified!
[07:24]   [ComfyUI] [05/18 18:08:36][INFO] [LoadGVHMRModels] All models verified!
[07:24]   [ComfyUI] [worker:ComfyUI-MotionCapture] INFO: [LoadGVHMRModels] Downloading DPVO model from HuggingFace...
[07:24]   [ComfyUI] [05/18 18:08:36][INFO] [LoadGVHMRModels] Downloading DPVO model from HuggingFace...
[07:24]   [ComfyUI] C:\Users\ContainerUser\AppData\Local\Programs\comfy-env\.pixi\envs\motioncapture-nodes\Lib\site-packages\huggingface_hub\utils\_validators.py:205: UserWarning: The `local_dir_use_symlinks` argument is deprecated and ignored in `hf_hub_download`. Downloading to a local directory does not use symlinks anymore.
[07:24]   [ComfyUI]   warnings.warn(
[07:24]   [ComfyUI] [worker:ComfyUI-MotionCapture] INFO: HTTP Request: HEAD https://huggingface.co/apozz/motion-capture-safetensors/resolve/main/dpvo.pth "HTTP/1.1 302 Found"
[07:24]   [ComfyUI] [05/18 18:08:37][INFO] HTTP Request: HEAD https://huggingface.co/apozz/motion-capture-safetensors/resolve/main/dpvo.pth "HTTP/1.1 302 Found"
[07:24]   [ComfyUI] [worker:ComfyUI-MotionCapture] INFO: HTTP Request: GET https://huggingface.co/api/models/apozz/motion-capture-safetensors/xet-read-token/4d1ff1105aad31ef01d2aa2c1151a0317d267925 "HTTP/1.1 200 OK"
[07:24]   [ComfyUI] [05/18 18:08:37][INFO] HTTP Request: GET https://huggingface.co/api/models/apozz/motion-capture-safetensors/xet-read-token/4d1ff1105aad31ef01d2aa2c1151a0317d267925 "HTTP/1.1 200 OK"
[07:24]   [ComfyUI] 
[07:25]   Frame 3 saved (frame_002.jpg, t=4.4s)
[07:25]   [capture-periodic] freeze=3ms shot=92ms unfreeze=4ms saved=True
[07:25]   [ComfyUI] dpvo.pth:   0%|          | 0.00/14.2M [00:00<?, ?B/s]
[07:25]   [ComfyUI] dpvo.pth:  40%|███▉      | 5.60M/14.2M [00:01<00:01, 4.46MB/s][SubprocessWorker] callback 'report_progress' from call_id=8
[07:26]   [ComfyUI] 
[07:26]   [ComfyUI] dpvo.pth: 100%|██████████| 14.2M/14.2M [00:01<00:00, 11.1MB/s][SubprocessWorker] callback 'report_progress' from call_id=8
[07:26]   [ComfyUI] 
[07:26]   [ComfyUI] dpvo.pth: 100%|██████████| 14.2M/14.2M [00:01<00:00, 9.41MB/s]
[07:26]   [ComfyUI] [worker:ComfyUI-MotionCapture] INFO: [LoadGVHMRModels] DPVO downloaded to C:\workspaces\MotionCapture-1801\ComfyUI\models\motion_capture\dpvo
[07:26]   [ComfyUI] [05/18 18:08:39][INFO] [LoadGVHMRModels] DPVO downloaded to C:\workspaces\MotionCapture-1801\ComfyUI\models\motion_capture\dpvo
[07:26]   [ComfyUI] [worker:ComfyUI-MotionCapture] INFO: [LoadGVHMRModels] DPVO dir: C:\workspaces\MotionCapture-1801\ComfyUI\models\motion_capture\dpvo
[07:26]   [ComfyUI] [05/18 18:08:39][INFO] [LoadGVHMRModels] DPVO dir: C:\workspaces\MotionCapture-1801\ComfyUI\models\motion_capture\dpvo
[07:26]   [ComfyUI] [SubprocessWorker] got response: ok
[07:26]   [ComfyUI] [comfy-env] [VRAM] Before offload 'SMPLX_4' (65 MB) -> cpu: 1130 / 8150 MB
[07:26]   [ComfyUI] [ComfyUI-MotionCapture] Health check: ping (timeout=5.0s)...
[07:26]   [ComfyUI] [ComfyUI-MotionCapture] Health check: ok
[07:26]   [ComfyUI] [SubprocessWorker] call_id=9 sending model_to_device
[07:26]   [ComfyUI] Model 'SMPLX_4' gone from worker (restarted?), treating as offloaded
[07:26]   [ComfyUI] [comfy-env] [VRAM] After offload 'SMPLX_4' (65 MB): 1130 / 8150 MB
[07:26]   [ComfyUI] [comfy-env] [VRAM] Before offload 'DemoPL_3' (89 MB) -> cpu: 1130 / 8150 MB
[07:26]   [ComfyUI] [ComfyUI-MotionCapture] Health check: ping (timeout=5.0s)...
[07:26]   [ComfyUI] [ComfyUI-MotionCapture] Health check: ok
[07:26]   [ComfyUI] [SubprocessWorker] call_id=10 sending model_to_device
[07:26]   [ComfyUI] Model 'DemoPL_3' gone from worker (restarted?), treating as offloaded
[07:26]   [ComfyUI] [comfy-env] [VRAM] After offload 'DemoPL_3' (89 MB): 1130 / 8150 MB
[07:26]   [ComfyUI] [comfy-env] [VRAM] Before offload 'HMR2_2' (1278 MB) -> cpu: 1130 / 8150 MB
[07:26]   [ComfyUI] [ComfyUI-MotionCapture] Health check: ping (timeout=5.0s)...
[07:26]   [ComfyUI] [ComfyUI-MotionCapture] Health check: ok
[07:26]   [ComfyUI] [SubprocessWorker] call_id=11 sending model_to_device
[07:26]   [ComfyUI] Model 'HMR2_2' gone from worker (restarted?), treating as offloaded
[07:26]   [ComfyUI] [comfy-env] [VRAM] After offload 'HMR2_2' (1278 MB): 1130 / 8150 MB
[07:26]   [ComfyUI] [comfy-env] [VRAM] Before offload 'VitPoseModel_1' (1215 MB) -> cpu: 1130 / 8150 MB
[07:26]   [ComfyUI] [ComfyUI-MotionCapture] Health check: ping (timeout=5.0s)...
[07:26]   [ComfyUI] [ComfyUI-MotionCapture] Health check: ok
[07:26]   [ComfyUI] [SubprocessWorker] call_id=12 sending model_to_device
[07:26]   [ComfyUI] Model 'VitPoseModel_1' gone from worker (restarted?), treating as offloaded
[07:26]   [ComfyUI] [comfy-env] [VRAM] After offload 'VitPoseModel_1' (1215 MB): 1130 / 8150 MB
[07:26]   [ComfyUI] [comfy-env] LoadGVHMRModels done (4.96s): result: NodeOutput
[07:26]   [ComfyUI] [VRAM] After LoadGVHMRModels: 1130 / 8150 MB
[07:26]   [ComfyUI] [comfy-env] Running GVHMRInference: moving_camera: True, focal_length_mm: 0, bbox_scale: 1.2, vo_method: 'simple_vo', vo_scale: 0.5, vo_step: 8, chunk_size: 32, video: VideoFromFile, video_mask: VideoFromFile, config: dict, intrinsics: torch.float32 [1,3,3] cpu
[07:26]   [ComfyUI] [VRAM] Before GVHMRInference: 1130 / 8150 MB
[07:26]   [ComfyUI] [SubprocessWorker] call_method: nodes.inference_node.GVHMRInference.EXECUTE_NORMALIZED
[07:26]   [ComfyUI] [SubprocessWorker] acquired lock, ensuring started...
[07:26]   [ComfyUI] [ComfyUI-MotionCapture] Health check: ping (timeout=5.0s)...
[07:26]   [ComfyUI] [ComfyUI-MotionCapture] Health check: ok
[07:26]   [ComfyUI] [SubprocessWorker] worker started/confirmed
[07:26]   [ComfyUI] [comfy-env] PRE-SERIALIZE 'intrinsics' shape: torch.Size([1, 3, 3])
[07:26]   [ComfyUI] [SubprocessWorker] serializing kwargs to shm...
[07:26]   [ComfyUI] [SubprocessWorker] created 2 shm blocks
[07:26]   [ComfyUI] [SubprocessWorker] sending request via socket...
[07:26]   [ComfyUI] [SubprocessWorker] call_id=13 sending call_method
[07:26]   [ComfyUI] [worker:ComfyUI-MotionCapture] [comfy-env] _from_shm got dict with keys: ['__type__', 'strategy', 'manager_path', 'storage_key', 'storage_size']
[07:26]   [ComfyUI] [worker:ComfyUI-MotionCapture] [comfy-env] DESERIALIZE TensorRef: tensor_size=[1, 3, 3]
[07:26]   [ComfyUI] [worker:ComfyUI-MotionCapture] [comfy-env] DESERIALIZED tensor shape: torch.Size([1, 3, 3])
[07:26]   [ComfyUI] [worker:ComfyUI-MotionCapture] INFO: ============================================================
[07:26]   [ComfyUI] [05/18 18:08:39][INFO] ============================================================
[07:26]   [ComfyUI] [worker:ComfyUI-MotionCapture] INFO: [GVHMRInference] Starting GVHMR inference with parameters:
[07:26]   [ComfyUI] [05/18 18:08:39][INFO] [GVHMRInference] Starting GVHMR inference with parameters:
[07:26]   [ComfyUI] [worker:ComfyUI-MotionCapture] INFO:   video:           575 frames @ (1920, 1080)
[07:26]   [ComfyUI] [05/18 18:08:39][INFO]   video:           575 frames @ (1920, 1080)
[07:26]   [ComfyUI] [worker:ComfyUI-MotionCapture] INFO:   video_mask:      551 frames @ (1920, 1080)
[07:26]   [ComfyUI] [05/18 18:08:39][INFO]   video_mask:      551 frames @ (1920, 1080)
[07:26]   [ComfyUI] [worker:ComfyUI-MotionCapture] INFO:   moving_camera:   True
[07:26]   [ComfyUI] [05/18 18:08:39][INFO]   moving_camera:   True
[07:26]   [ComfyUI] [worker:ComfyUI-MotionCapture] INFO:   focal_length_mm: 0
[07:26]   [ComfyUI] [05/18 18:08:39][INFO]   focal_length_mm: 0
[07:26]   [ComfyUI] [worker:ComfyUI-MotionCapture] INFO:   bbox_scale:      1.2
[07:26]   [ComfyUI] [05/18 18:08:39][INFO]   bbox_scale:      1.2
[07:26]   [ComfyUI] [worker:ComfyUI-MotionCapture] INFO:   vo_method:       simple_vo
[07:26]   [ComfyUI] [05/18 18:08:39][INFO]   vo_method:       simple_vo
[07:26]   [ComfyUI] [worker:ComfyUI-MotionCapture] INFO:   vo_scale:        0.5
[07:26]   [ComfyUI] [05/18 18:08:39][INFO]   vo_scale:        0.5
[07:26]   [ComfyUI] [worker:ComfyUI-MotionCapture] INFO:   vo_step:         8
[07:26]   [ComfyUI] [05/18 18:08:39][INFO]   vo_step:         8
[07:26]   [ComfyUI] [worker:ComfyUI-MotionCapture] INFO:   intrinsics:      torch.Size([1, 3, 3])
[07:26]   [ComfyUI] [05/18 18:08:39][INFO]   intrinsics:      torch.Size([1, 3, 3])
[07:26]   [ComfyUI] [worker:ComfyUI-MotionCapture] INFO:   chunk_size:      32
[07:26]   [ComfyUI] [05/18 18:08:39][INFO]   chunk_size:      32
[07:26]   [ComfyUI] [worker:ComfyUI-MotionCapture] INFO:   config keys:     ['models_dir', 'gvhmr_path', 'vitpose_path', 'hmr2_path', 'body_models_path', 'precision', 'attention', 'dpvo_dir']
[07:26]   [ComfyUI] [05/18 18:08:39][INFO]   config keys:     ['models_dir', 'gvhmr_path', 'vitpose_path', 'hmr2_path', 'body_models_path', 'precision', 'attention', 'dpvo_dir']
[07:26]   [ComfyUI] [worker:ComfyUI-MotionCapture] INFO:   dpvo_dir:        C:\workspaces\MotionCapture-1801\ComfyUI\models\motion_capture\dpvo
[07:26]   [ComfyUI] [05/18 18:08:39][INFO]   dpvo_dir:        C:\workspaces\MotionCapture-1801\ComfyUI\models\motion_capture\dpvo
[07:26]   [ComfyUI] [worker:ComfyUI-MotionCapture] INFO: ============================================================
[07:26]   [ComfyUI] [05/18 18:08:39][INFO] ============================================================
[07:26]   [ComfyUI] [worker:ComfyUI-MotionCapture] INFO: [Memory] Start of run_inference: (unable to read /proc/self/status)
[07:26]   [ComfyUI] [05/18 18:08:39][INFO] [Memory] Start of run_inference: (unable to read /proc/self/status)
[07:26]   [ComfyUI] [worker:ComfyUI-MotionCapture] INFO: working around nvidia conv3d memory bug.
[07:26]   [ComfyUI] [05/18 18:08:39][INFO] working around nvidia conv3d memory bug.
[07:26]   [ComfyUI] [worker:ComfyUI-MotionCapture] INFO: Using pytorch attention
[07:26]   [ComfyUI] [05/18 18:08:39][INFO] Using pytorch attention
[07:26]   [ComfyUI] [worker:ComfyUI-MotionCapture] WARNING: No comfy kitchen, using old apply_rope functions.
[07:26]   [ComfyUI] [05/18 18:08:39][WARNING] No comfy kitchen, using old apply_rope functions.
[07:26]   [capture-loop] iter=50 t=5.9s state={'complete': False, 'error': None, 'executedCount': 0, 'wsState': 1} eval_ms=3 ram=8.5/23.9GB (36%) swap=0.0/3.9GB (0%) cpu=16% browser_rss=0.93GB
[07:27]   Frame 4 saved (frame_003.jpg, t=6.6s)
[07:27]   [capture-periodic] freeze=2ms shot=87ms unfreeze=4ms saved=True
[07:29]   [ComfyUI] [worker:ComfyUI-MotionCapture] INFO: [GVHMRInference] Loading GVHMR models...
[07:29]   [ComfyUI] [05/18 18:08:41][INFO] [GVHMRInference] Loading GVHMR models...
[07:29]   [ComfyUI] [worker:ComfyUI-MotionCapture] INFO: [GVHMRInference] Precision: torch.bfloat16
[07:29]   [ComfyUI] [05/18 18:08:41][INFO] [GVHMRInference] Precision: torch.bfloat16
[07:29]   [ComfyUI] [worker:ComfyUI-MotionCapture] INFO: [GVHMRInference] Loading GVHMR from C:\workspaces\MotionCapture-1801\ComfyUI\models\motion_capture\gvhmr.safetensors...
[07:29]   [ComfyUI] [05/18 18:08:42][INFO] [GVHMRInference] Loading GVHMR from C:\workspaces\MotionCapture-1801\ComfyUI\models\motion_capture\gvhmr.safetensors...
[07:29]   [ComfyUI] [worker:ComfyUI-MotionCapture] INFO: [EnDecoder] Use MM_V1_AMASS_LOCAL_BEDLAM_CAM for statistics!
[07:29]   [ComfyUI] [05/18 18:08:42][INFO] [EnDecoder] Use MM_V1_AMASS_LOCAL_BEDLAM_CAM for statistics!
[07:29]   [ComfyUI] [worker:ComfyUI-MotionCapture] INFO: [PL-Trainer] Loading ckpt type: C:\workspaces\MotionCapture-1801\ComfyUI\models\motion_capture\gvhmr.safetensors
[07:29]   [ComfyUI] [05/18 18:08:42][INFO] [PL-Trainer] Loading ckpt type: C:\workspaces\MotionCapture-1801\ComfyUI\models\motion_capture\gvhmr.safetensors
[07:29]   [ComfyUI] [worker:ComfyUI-MotionCapture] INFO: [GVHMRInference] Initializing ViTPose extractor...
[07:29]   [ComfyUI] [05/18 18:08:42][INFO] [GVHMRInference] Initializing ViTPose extractor...
[07:30]   [ComfyUI] [worker:ComfyUI-MotionCapture] INFO: [GVHMRInference] Initializing feature extractor...
[07:30]   [ComfyUI] [05/18 18:08:43][INFO] [GVHMRInference] Initializing feature extractor...
[07:31]   [ComfyUI] [worker:ComfyUI-MotionCapture] INFO: [Memory] After all models loaded: (unable to read /proc/self/status)
[07:31]   [ComfyUI] [05/18 18:08:44][INFO] [Memory] After all models loaded: (unable to read /proc/self/status)
[07:31]   [ComfyUI] [worker:ComfyUI-MotionCapture] INFO: [GVHMRInference] All models loaded successfully!
[07:31]   [ComfyUI] [05/18 18:08:44][INFO] [GVHMRInference] All models loaded successfully!
[07:31]   [ComfyUI] [worker:ComfyUI-MotionCapture] WARNING: [GVHMRInference] Video frames (575) != mask frames (551). Using minimum.
[07:31]   [ComfyUI] [05/18 18:08:44][WARNING] [GVHMRInference] Video frames (575) != mask frames (551). Using minimum.
[07:31]   [ComfyUI] [worker:ComfyUI-MotionCapture] INFO: [GVHMRInference] Video: 575 frames @ 1920x1080
[07:31]   [ComfyUI] [05/18 18:08:44][INFO] [GVHMRInference] Video: 575 frames @ 1920x1080
[07:31]   [ComfyUI] [worker:ComfyUI-MotionCapture] INFO: [GVHMRInference] Mask: 551 frames @ 1920x1080
[07:31]   [ComfyUI] [05/18 18:08:44][INFO] [GVHMRInference] Mask: 551 frames @ 1920x1080
[07:31]   [ComfyUI] [worker:ComfyUI-MotionCapture] INFO: [GVHMRInference] Processing 551 frames, static_camera=False
[07:31]   [ComfyUI] [05/18 18:08:44][INFO] [GVHMRInference] Processing 551 frames, static_camera=False
[07:31]   [ComfyUI] [worker:ComfyUI-MotionCapture] INFO: [Memory] Start of prepare_data_from_videos: (unable to read /proc/self/status)
[07:31]   [ComfyUI] [05/18 18:08:44][INFO] [Memory] Start of prepare_data_from_videos: (unable to read /proc/self/status)
[07:31]   [ComfyUI] [worker:ComfyUI-MotionCapture] INFO: [GVHMRInference] Phase 1: Extracting bounding boxes from mask video...
[07:31]   [ComfyUI] [05/18 18:08:44][INFO] [GVHMRInference] Phase 1: Extracting bounding boxes from mask video...
[07:32]   [capture-loop] iter=100 t=11.7s state={'complete': False, 'error': None, 'executedCount': 0, 'wsState': 1} eval_ms=4 ram=13.4/23.9GB (56%) swap=0.0/3.9GB (0%) cpu=32% browser_rss=0.83GB
[07:38]   [ComfyUI] [worker:ComfyUI-MotionCapture] INFO: [GVHMRInference] Extracted 551 bounding boxes
[07:38]   [ComfyUI] [05/18 18:08:51][INFO] [GVHMRInference] Extracted 551 bounding boxes
[07:38]   [ComfyUI] [worker:ComfyUI-MotionCapture] INFO: [Memory] After bbox extraction from mask video: (unable to read /proc/self/status)
[07:38]   [ComfyUI] [05/18 18:08:51][INFO] [Memory] After bbox extraction from mask video: (unable to read /proc/self/status)
[07:38]   [ComfyUI] [worker:ComfyUI-MotionCapture] INFO: [GVHMRInference] bboxes_xyxy: torch.Size([551, 4]), bbx_xys: torch.Size([551, 3])
[07:38]   [ComfyUI] [05/18 18:08:51][INFO] [GVHMRInference] bboxes_xyxy: torch.Size([551, 4]), bbx_xys: torch.Size([551, 3])
[07:38]   [ComfyUI] [SubprocessWorker] callback 'request_vram_budget' from call_id=13
[07:38]   [ComfyUI] [comfy-env] VRAM request: 1.27GB, free before eviction: 7.36GB
[07:38]   [ComfyUI] [comfy-env] VRAM after eviction: 7.36GB
[07:38]   [ComfyUI] [worker:ComfyUI-MotionCapture] INFO: Requested to load VitPoseModel
[07:38]   [ComfyUI] [05/18 18:08:51][INFO] Requested to load VitPoseModel
[07:38]   [capture-loop] iter=150 t=17.5s state={'complete': False, 'error': None, 'executedCount': 0, 'wsState': 1} eval_ms=4 ram=13.1/23.9GB (55%) swap=0.0/3.9GB (0%) cpu=28% browser_rss=0.73GB
[07:38]   [ComfyUI] [worker:ComfyUI-MotionCapture] [VRAM] +287MB (now 287MB) reserved=288MB peak=287MB
[07:39]   [ComfyUI] [worker:ComfyUI-MotionCapture] INFO: loaded completely; 5600.80 MB usable, 1214.91 MB loaded, full load: True
[07:39]   [ComfyUI] [05/18 18:08:52][INFO] loaded completely; 5600.80 MB usable, 1214.91 MB loaded, full load: True
[07:39]   [ComfyUI] [worker:ComfyUI-MotionCapture] INFO: [Memory] ViTPose on GPU: (unable to read /proc/self/status)
[07:39]   [ComfyUI] [05/18 18:08:52][INFO] [Memory] ViTPose on GPU: (unable to read /proc/self/status)
[07:39]   [ComfyUI] [worker:ComfyUI-MotionCapture] [VRAM] +927MB (now 1215MB) reserved=1216MB peak=1215MB
[07:39]   [ComfyUI] [worker:ComfyUI-MotionCapture] INFO: [GVHMRInference] Pass 1/2 (ViTPose): 551 frames in chunks of 32...
[07:39]   [ComfyUI] [05/18 18:08:52][INFO] [GVHMRInference] Pass 1/2 (ViTPose): 551 frames in chunks of 32...
[07:40]   [ComfyUI] [worker:ComfyUI-MotionCapture] INFO: [GVHMRInference] ViTPose chunk [0:32] (32 frames)
[07:40]   [ComfyUI] [05/18 18:08:53][INFO] [GVHMRInference] ViTPose chunk [0:32] (32 frames)
[07:41]   [ComfyUI] [SubprocessWorker] callback 'report_progress' from call_id=13
[07:41]   [ComfyUI] [SubprocessWorker] callback 'report_progress' from call_id=13
[07:41]   [ComfyUI] [SubprocessWorker] callback 'report_progress' from call_id=13
[07:41]   [ComfyUI] [SubprocessWorker] callback 'report_progress' from call_id=13
[07:42]   [ComfyUI] [worker:ComfyUI-MotionCapture] INFO: [Memory] After ViTPose chunk [0:32]: (unable to read /proc/self/status)
[07:42]   [ComfyUI] [05/18 18:08:55][INFO] [Memory] After ViTPose chunk [0:32]: (unable to read /proc/self/status)
[07:42]   [ComfyUI] [worker:ComfyUI-MotionCapture] INFO: [GVHMRInference] ViTPose chunk [32:64] (32 frames)
[07:42]   [ComfyUI] [05/18 18:08:55][INFO] [GVHMRInference] ViTPose chunk [32:64] (32 frames)
[07:43]   Frame 5 saved (frame_004.jpg, t=22.0s)
[07:43]   [capture-periodic] freeze=3ms shot=86ms unfreeze=10ms saved=True
[07:43]   [ComfyUI] [SubprocessWorker] callback 'report_progress' from call_id=13
[07:43]   [ComfyUI] [SubprocessWorker] callback 'report_progress' from call_id=13
[07:43]   [ComfyUI] [SubprocessWorker] callback 'report_progress' from call_id=13
[07:43]   [ComfyUI] [SubprocessWorker] callback 'report_progress' from call_id=13
[07:44]   [ComfyUI] [worker:ComfyUI-MotionCapture] INFO: [Memory] After ViTPose chunk [32:64]: (unable to read /proc/self/status)
[07:44]   [ComfyUI] [05/18 18:08:57][INFO] [Memory] After ViTPose chunk [32:64]: (unable to read /proc/self/status)
[07:44]   [capture-loop] iter=200 t=23.4s state={'complete': False, 'error': None, 'executedCount': 0, 'wsState': 1} eval_ms=4 ram=10.6/23.9GB (44%) swap=0.0/3.9GB (0%) cpu=29% browser_rss=0.74GB
[07:44]   [ComfyUI] [worker:ComfyUI-MotionCapture] INFO: [GVHMRInference] ViTPose chunk [64:96] (32 frames)
[07:44]   [ComfyUI] [05/18 18:08:57][INFO] [GVHMRInference] ViTPose chunk [64:96] (32 frames)
[07:45]   [ComfyUI] [SubprocessWorker] callback 'report_progress' from call_id=13
[07:45]   [ComfyUI] [SubprocessWorker] callback 'report_progress' from call_id=13
[07:45]   [ComfyUI] [SubprocessWorker] callback 'report_progress' from call_id=13
[07:45]   [ComfyUI] [SubprocessWorker] callback 'report_progress' from call_id=13
[07:45]   [ComfyUI] [worker:ComfyUI-MotionCapture] INFO: [Memory] After ViTPose chunk [64:96]: (unable to read /proc/self/status)
[07:45]   [ComfyUI] [05/18 18:08:58][INFO] [Memory] After ViTPose chunk [64:96]: (unable to read /proc/self/status)
[07:46]   [ComfyUI] [worker:ComfyUI-MotionCapture] INFO: [GVHMRInference] ViTPose chunk [96:128] (32 frames)
[07:46]   [ComfyUI] [05/18 18:08:59][INFO] [GVHMRInference] ViTPose chunk [96:128] (32 frames)
[07:47]   [ComfyUI] [SubprocessWorker] callback 'report_progress' from call_id=13
[07:47]   [ComfyUI] [SubprocessWorker] callback 'report_progress' from call_id=13
[07:47]   [ComfyUI] [SubprocessWorker] callback 'report_progress' from call_id=13
[07:47]   [ComfyUI] [SubprocessWorker] callback 'report_progress' from call_id=13
[07:47]   Frame 6 saved (frame_005.jpg, t=26.2s)
[07:47]   [capture-periodic] freeze=4ms shot=105ms unfreeze=5ms saved=True
[07:47]   [ComfyUI] [worker:ComfyUI-MotionCapture] INFO: [Memory] After ViTPose chunk [96:128]: (unable to read /proc/self/status)
[07:47]   [ComfyUI] [05/18 18:09:00][INFO] [Memory] After ViTPose chunk [96:128]: (unable to read /proc/self/status)
[07:48]   [ComfyUI] [worker:ComfyUI-MotionCapture] INFO: [GVHMRInference] ViTPose chunk [128:160] (32 frames)
[07:48]   [ComfyUI] [05/18 18:09:01][INFO] [GVHMRInference] ViTPose chunk [128:160] (32 frames)
[07:48]   [ComfyUI] [SubprocessWorker] callback 'report_progress' from call_id=13
[07:48]   [ComfyUI] [SubprocessWorker] callback 'report_progress' from call_id=13
[07:49]   [ComfyUI] [SubprocessWorker] callback 'report_progress' from call_id=13
[07:49]   [ComfyUI] [SubprocessWorker] callback 'report_progress' from call_id=13
[07:49]   [ComfyUI] [worker:ComfyUI-MotionCapture] INFO: [Memory] After ViTPose chunk [128:160]: (unable to read /proc/self/status)
[07:49]   [ComfyUI] [05/18 18:09:02][INFO] [Memory] After ViTPose chunk [128:160]: (unable to read /proc/self/status)
[07:49]   Frame 7 saved (frame_006.jpg, t=28.5s)
[07:49]   [capture-periodic] freeze=2ms shot=92ms unfreeze=6ms saved=True
[07:49]   [ComfyUI] [worker:ComfyUI-MotionCapture] INFO: [GVHMRInference] ViTPose chunk [160:192] (32 frames)
[07:49]   [ComfyUI] [05/18 18:09:02][INFO] [GVHMRInference] ViTPose chunk [160:192] (32 frames)
[07:50]   [capture-loop] iter=250 t=29.3s state={'complete': False, 'error': None, 'executedCount': 0, 'wsState': 1} eval_ms=3 ram=10.8/23.9GB (45%) swap=0.0/3.9GB (0%) cpu=34% browser_rss=0.74GB
[07:50]   [ComfyUI] [SubprocessWorker] callback 'report_progress' from call_id=13
[07:50]   [ComfyUI] [SubprocessWorker] callback 'report_progress' from call_id=13
[07:50]   [ComfyUI] [SubprocessWorker] callback 'report_progress' from call_id=13
[07:50]   [ComfyUI] [SubprocessWorker] callback 'report_progress' from call_id=13
[07:51]   [ComfyUI] [worker:ComfyUI-MotionCapture] INFO: [Memory] After ViTPose chunk [160:192]: (unable to read /proc/self/status)
[07:51]   [ComfyUI] [05/18 18:09:04][INFO] [Memory] After ViTPose chunk [160:192]: (unable to read /proc/self/status)
[07:51]   [ComfyUI] [worker:ComfyUI-MotionCapture] INFO: [GVHMRInference] ViTPose chunk [192:224] (32 frames)
[07:51]   [ComfyUI] [05/18 18:09:04][INFO] [GVHMRInference] ViTPose chunk [192:224] (32 frames)
[07:52]   [ComfyUI] [SubprocessWorker] callback 'report_progress' from call_id=13
[07:52]   [ComfyUI] [SubprocessWorker] callback 'report_progress' from call_id=13
[07:52]   [ComfyUI] [SubprocessWorker] callback 'report_progress' from call_id=13
[07:52]   [ComfyUI] [SubprocessWorker] callback 'report_progress' from call_id=13
[07:53]   [ComfyUI] [worker:ComfyUI-MotionCapture] INFO: [Memory] After ViTPose chunk [192:224]: (unable to read /proc/self/status)
[07:53]   [ComfyUI] [05/18 18:09:06][INFO] [Memory] After ViTPose chunk [192:224]: (unable to read /proc/self/status)
[07:53]   [ComfyUI] [worker:ComfyUI-MotionCapture] INFO: [GVHMRInference] ViTPose chunk [224:256] (32 frames)
[07:53]   [ComfyUI] [05/18 18:09:06][INFO] [GVHMRInference] ViTPose chunk [224:256] (32 frames)
[07:54]   [ComfyUI] [SubprocessWorker] callback 'report_progress' from call_id=13
[07:54]   [ComfyUI] [SubprocessWorker] callback 'report_progress' from call_id=13
[07:54]   [ComfyUI] [SubprocessWorker] callback 'report_progress' from call_id=13
[07:54]   [ComfyUI] [SubprocessWorker] callback 'report_progress' from call_id=13
[07:54]   [ComfyUI] [worker:ComfyUI-MotionCapture] INFO: [Memory] After ViTPose chunk [224:256]: (unable to read /proc/self/status)
[07:54]   [ComfyUI] [05/18 18:09:07][INFO] [Memory] After ViTPose chunk [224:256]: (unable to read /proc/self/status)
[07:55]   [ComfyUI] [worker:ComfyUI-MotionCapture] INFO: [GVHMRInference] ViTPose chunk [256:288] (32 frames)
[07:55]   [ComfyUI] [05/18 18:09:08][INFO] [GVHMRInference] ViTPose chunk [256:288] (32 frames)
[07:56]   [ComfyUI] [SubprocessWorker] callback 'report_progress' from call_id=13
[07:56]   [capture-loop] iter=300 t=35.0s state={'complete': False, 'error': None, 'executedCount': 0, 'wsState': 1} eval_ms=4 ram=10.8/23.9GB (45%) swap=0.0/3.9GB (0%) cpu=35% browser_rss=0.74GB
[07:56]   [ComfyUI] [SubprocessWorker] callback 'report_progress' from call_id=13
[07:56]   Frame 8 saved (frame_007.jpg, t=35.0s)
[07:56]   [capture-periodic] freeze=4ms shot=99ms unfreeze=4ms saved=True
[07:56]   [ComfyUI] [SubprocessWorker] callback 'report_progress' from call_id=13
[07:56]   [ComfyUI] [SubprocessWorker] callback 'report_progress' from call_id=13
[07:56]   [ComfyUI] [worker:ComfyUI-MotionCapture] INFO: [Memory] After ViTPose chunk [256:288]: (unable to read /proc/self/status)
[07:56]   [ComfyUI] [05/18 18:09:09][INFO] [Memory] After ViTPose chunk [256:288]: (unable to read /proc/self/status)
[07:57]   [ComfyUI] [worker:ComfyUI-MotionCapture] INFO: [GVHMRInference] ViTPose chunk [288:320] (32 frames)
[07:57]   [ComfyUI] [05/18 18:09:10][INFO] [GVHMRInference] ViTPose chunk [288:320] (32 frames)
[07:57]   [ComfyUI] [SubprocessWorker] callback 'report_progress' from call_id=13
[07:57]   [ComfyUI] [SubprocessWorker] callback 'report_progress' from call_id=13
[07:58]   [ComfyUI] [SubprocessWorker] callback 'report_progress' from call_id=13
[07:58]   [ComfyUI] [SubprocessWorker] callback 'report_progress' from call_id=13
[07:58]   Frame 9 saved (frame_008.jpg, t=37.3s)
[07:58]   [capture-periodic] freeze=4ms shot=87ms unfreeze=4ms saved=True
[07:58]   [ComfyUI] [worker:ComfyUI-MotionCapture] INFO: [Memory] After ViTPose chunk [288:320]: (unable to read /proc/self/status)
[07:58]   [ComfyUI] [05/18 18:09:11][INFO] [Memory] After ViTPose chunk [288:320]: (unable to read /proc/self/status)
[07:58]   [ComfyUI] [worker:ComfyUI-MotionCapture] INFO: [GVHMRInference] ViTPose chunk [320:352] (32 frames)
[07:58]   [ComfyUI] [05/18 18:09:11][INFO] [GVHMRInference] ViTPose chunk [320:352] (32 frames)
[07:59]   [ComfyUI] [SubprocessWorker] callback 'report_progress' from call_id=13
[07:59]   [ComfyUI] [SubprocessWorker] callback 'report_progress' from call_id=13
[07:59]   [ComfyUI] [SubprocessWorker] callback 'report_progress' from call_id=13
[07:59]   [ComfyUI] [SubprocessWorker] callback 'report_progress' from call_id=13
[08:00]   [ComfyUI] [worker:ComfyUI-MotionCapture] INFO: [Memory] After ViTPose chunk [320:352]: (unable to read /proc/self/status)
[08:00]   [ComfyUI] [05/18 18:09:13][INFO] [Memory] After ViTPose chunk [320:352]: (unable to read /proc/self/status)
[08:00]   Frame 10 saved (frame_009.jpg, t=39.5s)
[08:00]   [capture-periodic] freeze=2ms shot=87ms unfreeze=3ms saved=True
[08:00]   [ComfyUI] [worker:ComfyUI-MotionCapture] INFO: [GVHMRInference] ViTPose chunk [352:384] (32 frames)
[08:00]   [ComfyUI] [05/18 18:09:13][INFO] [GVHMRInference] ViTPose chunk [352:384] (32 frames)
[08:01]   [ComfyUI] [SubprocessWorker] callback 'report_progress' from call_id=13
[08:01]   [ComfyUI] [SubprocessWorker] callback 'report_progress' from call_id=13
[08:01]   [ComfyUI] [SubprocessWorker] callback 'report_progress' from call_id=13
[08:01]   [ComfyUI] [SubprocessWorker] callback 'report_progress' from call_id=13
[08:01]   [capture-loop] iter=350 t=40.9s state={'complete': False, 'error': None, 'executedCount': 0, 'wsState': 1} eval_ms=3 ram=10.7/23.9GB (45%) swap=0.0/3.9GB (0%) cpu=36% browser_rss=0.74GB
[08:02]   [ComfyUI] [worker:ComfyUI-MotionCapture] INFO: [Memory] After ViTPose chunk [352:384]: (unable to read /proc/self/status)
[08:02]   [ComfyUI] [05/18 18:09:15][INFO] [Memory] After ViTPose chunk [352:384]: (unable to read /proc/self/status)
[08:02]   [ComfyUI] [worker:ComfyUI-MotionCapture] INFO: [GVHMRInference] ViTPose chunk [384:416] (32 frames)
[08:02]   [ComfyUI] [05/18 18:09:15][INFO] [GVHMRInference] ViTPose chunk [384:416] (32 frames)
[08:03]   [ComfyUI] [SubprocessWorker] callback 'report_progress' from call_id=13
[08:03]   [ComfyUI] [SubprocessWorker] callback 'report_progress' from call_id=13
[08:03]   [ComfyUI] [SubprocessWorker] callback 'report_progress' from call_id=13
[08:03]   [ComfyUI] [SubprocessWorker] callback 'report_progress' from call_id=13
[08:03]   [ComfyUI] [worker:ComfyUI-MotionCapture] INFO: [Memory] After ViTPose chunk [384:416]: (unable to read /proc/self/status)
[08:03]   [ComfyUI] [05/18 18:09:16][INFO] [Memory] After ViTPose chunk [384:416]: (unable to read /proc/self/status)
[08:04]   [ComfyUI] [worker:ComfyUI-MotionCapture] INFO: [GVHMRInference] ViTPose chunk [416:448] (32 frames)
[08:04]   [ComfyUI] [05/18 18:09:17][INFO] [GVHMRInference] ViTPose chunk [416:448] (32 frames)
[08:05]   [ComfyUI] [SubprocessWorker] callback 'report_progress' from call_id=13
[08:05]   [ComfyUI] [SubprocessWorker] callback 'report_progress' from call_id=13
[08:05]   [ComfyUI] [SubprocessWorker] callback 'report_progress' from call_id=13
[08:05]   [ComfyUI] [SubprocessWorker] callback 'report_progress' from call_id=13
[08:05]   [ComfyUI] [worker:ComfyUI-MotionCapture] INFO: [Memory] After ViTPose chunk [416:448]: (unable to read /proc/self/status)
[08:05]   [ComfyUI] [05/18 18:09:18][INFO] [Memory] After ViTPose chunk [416:448]: (unable to read /proc/self/status)
[08:06]   [ComfyUI] [worker:ComfyUI-MotionCapture] INFO: [GVHMRInference] ViTPose chunk [448:480] (32 frames)
[08:06]   [ComfyUI] [05/18 18:09:19][INFO] [GVHMRInference] ViTPose chunk [448:480] (32 frames)
[08:06]   [ComfyUI] [SubprocessWorker] callback 'report_progress' from call_id=13
[08:06]   [ComfyUI] [SubprocessWorker] callback 'report_progress' from call_id=13
[08:07]   Frame 11 saved (frame_010.jpg, t=45.9s)
[08:07]   [capture-periodic] freeze=6ms shot=96ms unfreeze=5ms saved=True
[08:07]   [ComfyUI] [SubprocessWorker] callback 'report_progress' from call_id=13
[08:07]   [ComfyUI] [SubprocessWorker] callback 'report_progress' from call_id=13
[08:07]   [ComfyUI] [worker:ComfyUI-MotionCapture] INFO: [Memory] After ViTPose chunk [448:480]: (unable to read /proc/self/status)
[08:07]   [ComfyUI] [05/18 18:09:20][INFO] [Memory] After ViTPose chunk [448:480]: (unable to read /proc/self/status)
[08:07]   [ComfyUI] [worker:ComfyUI-MotionCapture] INFO: [GVHMRInference] ViTPose chunk [480:512] (32 frames)
[08:07]   [ComfyUI] [05/18 18:09:20][INFO] [GVHMRInference] ViTPose chunk [480:512] (32 frames)
[08:07]   [capture-loop] iter=400 t=46.8s state={'complete': False, 'error': None, 'executedCount': 0, 'wsState': 1} eval_ms=4 ram=11.1/23.9GB (46%) swap=0.0/3.9GB (0%) cpu=34% browser_rss=0.74GB
[08:08]   [ComfyUI] [SubprocessWorker] callback 'report_progress' from call_id=13
[08:08]   [ComfyUI] [SubprocessWorker] callback 'report_progress' from call_id=13
[08:08]   [ComfyUI] [SubprocessWorker] callback 'report_progress' from call_id=13
[08:08]   [ComfyUI] [SubprocessWorker] callback 'report_progress' from call_id=13
[08:09]   Frame 12 saved (frame_011.jpg, t=48.1s)
[08:09]   [capture-periodic] freeze=3ms shot=99ms unfreeze=4ms saved=True
[08:09]   [ComfyUI] [worker:ComfyUI-MotionCapture] INFO: [Memory] After ViTPose chunk [480:512]: (unable to read /proc/self/status)
[08:09]   [ComfyUI] [05/18 18:09:22][INFO] [Memory] After ViTPose chunk [480:512]: (unable to read /proc/self/status)
[08:09]   [ComfyUI] [worker:ComfyUI-MotionCapture] INFO: [GVHMRInference] ViTPose chunk [512:544] (32 frames)
[08:09]   [ComfyUI] [05/18 18:09:22][INFO] [GVHMRInference] ViTPose chunk [512:544] (32 frames)
[08:10]   [ComfyUI] [SubprocessWorker] callback 'report_progress' from call_id=13
[08:10]   [ComfyUI] [SubprocessWorker] callback 'report_progress' from call_id=13
[08:10]   [ComfyUI] [SubprocessWorker] callback 'report_progress' from call_id=13
[08:10]   [ComfyUI] [SubprocessWorker] callback 'report_progress' from call_id=13
[08:10]   [ComfyUI] [worker:ComfyUI-MotionCapture] INFO: [Memory] After ViTPose chunk [512:544]: (unable to read /proc/self/status)
[08:10]   [ComfyUI] [05/18 18:09:23][INFO] [Memory] After ViTPose chunk [512:544]: (unable to read /proc/self/status)
[08:10]   [ComfyUI] [worker:ComfyUI-MotionCapture] INFO: [GVHMRInference] ViTPose chunk [544:551] (7 frames)
[08:10]   [ComfyUI] [05/18 18:09:23][INFO] [GVHMRInference] ViTPose chunk [544:551] (7 frames)
[08:11]   [ComfyUI] [SubprocessWorker] callback 'report_progress' from call_id=13
[08:11]   [ComfyUI] [worker:ComfyUI-MotionCapture] INFO: [Memory] After ViTPose chunk [544:551]: (unable to read /proc/self/status)
[08:11]   [ComfyUI] [05/18 18:09:24][INFO] [Memory] After ViTPose chunk [544:551]: (unable to read /proc/self/status)
[08:11]   [ComfyUI] [SubprocessWorker] callback 'request_vram_budget' from call_id=13
[08:11]   [ComfyUI] [comfy-env] VRAM request: 1.34GB, free before eviction: 7.36GB
[08:11]   [ComfyUI] [comfy-env] VRAM after eviction: 7.36GB
[08:11]   [ComfyUI] [worker:ComfyUI-MotionCapture] INFO: Requested to load HMR2
[08:11]   [ComfyUI] [05/18 18:09:24][INFO] Requested to load HMR2
[08:11]   [ComfyUI] [worker:ComfyUI-MotionCapture] [VRAM] +209MB (now 1424MB) reserved=1440MB peak=1424MB
[08:12]   [ComfyUI] [worker:ComfyUI-MotionCapture] INFO: loaded completely; 4332.29 MB usable, 1278.33 MB loaded, full load: True
[08:12]   [ComfyUI] [05/18 18:09:25][INFO] loaded completely; 4332.29 MB usable, 1278.33 MB loaded, full load: True
[08:12]   [ComfyUI] [worker:ComfyUI-MotionCapture] INFO: [Memory] HMR2 on GPU: (unable to read /proc/self/status)
[08:12]   [ComfyUI] [05/18 18:09:25][INFO] [Memory] HMR2 on GPU: (unable to read /proc/self/status)
[08:12]   [ComfyUI] [worker:ComfyUI-MotionCapture] INFO: [GVHMRInference] Pass 2/2 (HMR2): 18 chunks...
[08:12]   [ComfyUI] [05/18 18:09:25][INFO] [GVHMRInference] Pass 2/2 (HMR2): 18 chunks...
[08:12]   [ComfyUI] [worker:ComfyUI-MotionCapture] INFO: [GVHMRInference] HMR2 chunk 1/18
[08:12]   [ComfyUI] [05/18 18:09:25][INFO] [GVHMRInference] HMR2 chunk 1/18
[08:12]   [ComfyUI] [SubprocessWorker] callback 'report_progress' from call_id=13
[08:12]   [ComfyUI] [SubprocessWorker] callback 'report_progress' from call_id=13
[08:12]   [ComfyUI] [SubprocessWorker] callback 'report_progress' from call_id=13
[08:13]   [ComfyUI] [worker:ComfyUI-MotionCapture] INFO: [GVHMRInference] HMR2 chunk 2/18
[08:13]   [ComfyUI] [worker:ComfyUI-MotionCapture] [VRAM] +1078MB (now 2503MB) reserved=2592MB peak=2528MB
[08:13]   [ComfyUI] [05/18 18:09:26][INFO] [GVHMRInference] HMR2 chunk 2/18
[08:13]   [ComfyUI] [SubprocessWorker] callback 'report_progress' from call_id=13
[08:13]   [ComfyUI] [SubprocessWorker] callback 'report_progress' from call_id=13
[08:13]   [ComfyUI] [SubprocessWorker] callback 'report_progress' from call_id=13
[08:13]   [ComfyUI] [worker:ComfyUI-MotionCapture] INFO: [GVHMRInference] HMR2 chunk 3/18
[08:13]   [ComfyUI] [05/18 18:09:26][INFO] [GVHMRInference] HMR2 chunk 3/18
[08:13]   Frame 13 saved (frame_012.jpg, t=52.4s)
[08:13]   [capture-periodic] freeze=3ms shot=99ms unfreeze=7ms saved=True
[08:13]   [ComfyUI] [SubprocessWorker] callback 'report_progress' from call_id=13
[08:13]   [ComfyUI] [SubprocessWorker] callback 'report_progress' from call_id=13
[08:13]   [ComfyUI] [SubprocessWorker] callback 'report_progress' from call_id=13
'executedCount': 0, 'wsState': 1} eval_ms=5 ram=9.4/23.9GB (40%) swap=0.0/3.9GB (0%) cpu=39% browser_rss=0.74GB
[08:13]   [ComfyUI] [worker:ComfyUI-MotionCapture] INFO: [GVHMRInference] HMR2 chunk 4/18
[08:13]   [ComfyUI] [05/18 18:09:26][INFO] [GVHMRInference] HMR2 chunk 4/18
[08:14]   [ComfyUI] [SubprocessWorker] callback 'report_progress' from call_id=13
[08:14]   [ComfyUI] [SubprocessWorker] callback 'report_progress' from call_id=13
[08:14]   [ComfyUI] [SubprocessWorker] callback 'report_progress' from call_id=13
[08:14]   [ComfyUI] [worker:ComfyUI-MotionCapture] INFO: [GVHMRInference] HMR2 chunk 5/18
[08:14]   [ComfyUI] [05/18 18:09:27][INFO] [GVHMRInference] HMR2 chunk 5/18
[08:14]   [ComfyUI] [SubprocessWorker] callback 'report_progress' from call_id=13
[08:14]   [ComfyUI] [SubprocessWorker] callback 'report_progress' from call_id=13
[08:14]   [ComfyUI] [SubprocessWorker] callback 'report_progress' from call_id=13
[08:14]   [ComfyUI] [worker:ComfyUI-MotionCapture] INFO: [GVHMRInference] HMR2 chunk 6/18
[08:14]   [ComfyUI] [05/18 18:09:27][INFO] [GVHMRInference] HMR2 chunk 6/18
[08:14]   [ComfyUI] [SubprocessWorker] callback 'report_progress' from call_id=13
[08:15]   [ComfyUI] [SubprocessWorker] callback 'report_progress' from call_id=13
[08:15]   [ComfyUI] [SubprocessWorker] callback 'report_progress' from call_id=13
[08:15]   [ComfyUI] [worker:ComfyUI-MotionCapture] INFO: [GVHMRInference] HMR2 chunk 7/18
[08:15]   [ComfyUI] [05/18 18:09:28][INFO] [GVHMRInference] HMR2 chunk 7/18
[08:15]   [ComfyUI] [SubprocessWorker] callback 'report_progress' from call_id=13
[08:15]   [ComfyUI] [SubprocessWorker] callback 'report_progress' from call_id=13
[08:15]   [ComfyUI] [SubprocessWorker] callback 'report_progress' from call_id=13
[08:15]   [ComfyUI] [worker:ComfyUI-MotionCapture] INFO: [GVHMRInference] HMR2 chunk 8/18
[08:15]   [ComfyUI] [05/18 18:09:28][INFO] [GVHMRInference] HMR2 chunk 8/18
[08:15]   Frame 14 saved (frame_013.jpg, t=54.5s)
[08:15]   [capture-periodic] freeze=3ms shot=97ms unfreeze=5ms saved=True
[08:15]   [ComfyUI] [SubprocessWorker] callback 'report_progress' from call_id=13
[08:15]   [ComfyUI] [SubprocessWorker] callback 'report_progress' from call_id=13
[08:15]   [ComfyUI] [SubprocessWorker] callback 'report_progress' from call_id=13
[08:16]   [ComfyUI] [worker:ComfyUI-MotionCapture] INFO: [GVHMRInference] HMR2 chunk 9/18
[08:16]   [ComfyUI] [05/18 18:09:29][INFO] [GVHMRInference] HMR2 chunk 9/18
[08:16]   [ComfyUI] [SubprocessWorker] callback 'report_progress' from call_id=13
[08:16]   [ComfyUI] [SubprocessWorker] callback 'report_progress' from call_id=13
[08:16]   [ComfyUI] [SubprocessWorker] callback 'report_progress' from call_id=13
[08:16]   [ComfyUI] [worker:ComfyUI-MotionCapture] INFO: [GVHMRInference] HMR2 chunk 10/18
[08:16]   [ComfyUI] [05/18 18:09:29][INFO] [GVHMRInference] HMR2 chunk 10/18
[08:16]   [ComfyUI] [SubprocessWorker] callback 'report_progress' from call_id=13
[08:16]   [ComfyUI] [SubprocessWorker] callback 'report_progress' from call_id=13
[08:16]   [ComfyUI] [SubprocessWorker] callback 'report_progress' from call_id=13
[08:16]   [ComfyUI] [worker:ComfyUI-MotionCapture] INFO: [GVHMRInference] HMR2 chunk 11/18
[08:16]   [ComfyUI] [05/18 18:09:29][INFO] [GVHMRInference] HMR2 chunk 11/18
[08:16]   [ComfyUI] [SubprocessWorker] callback 'report_progress' from call_id=13
[08:17]   [ComfyUI] [SubprocessWorker] callback 'report_progress' from call_id=13
[08:17]   [ComfyUI] [SubprocessWorker] callback 'report_progress' from call_id=13
[08:17]   [ComfyUI] [worker:ComfyUI-MotionCapture] INFO: [GVHMRInference] HMR2 chunk 12/18
[08:17]   [ComfyUI] [05/18 18:09:30][INFO] [GVHMRInference] HMR2 chunk 12/18
[08:17]   [ComfyUI] [SubprocessWorker] callback 'report_progress' from call_id=13
[08:17]   [ComfyUI] [SubprocessWorker] callback 'report_progress' from call_id=13
[08:17]   [ComfyUI] [SubprocessWorker] callback 'report_progress' from call_id=13
[08:17]   [ComfyUI] [worker:ComfyUI-MotionCapture] INFO: [GVHMRInference] HMR2 chunk 13/18
[08:17]   [ComfyUI] [05/18 18:09:30][INFO] [GVHMRInference] HMR2 chunk 13/18
[08:17]   [ComfyUI] [SubprocessWorker] callback 'report_progress' from call_id=13
[08:17]   [ComfyUI] [SubprocessWorker] callback 'report_progress' from call_id=13
[08:18]   [ComfyUI] [SubprocessWorker] callback 'report_progress' from call_id=13
[08:18]   [ComfyUI] [worker:ComfyUI-MotionCapture] INFO: [GVHMRInference] HMR2 chunk 14/18
[08:18]   [ComfyUI] [05/18 18:09:31][INFO] [GVHMRInference] HMR2 chunk 14/18
[08:18]   [ComfyUI] [SubprocessWorker] callback 'report_progress' from call_id=13
[08:18]   [ComfyUI] [SubprocessWorker] callback 'report_progress' from call_id=13
[08:18]   [ComfyUI] [SubprocessWorker] callback 'report_progress' from call_id=13
[08:18]   [ComfyUI] [worker:ComfyUI-MotionCapture] INFO: [GVHMRInference] HMR2 chunk 15/18
[08:18]   [ComfyUI] [05/18 18:09:31][INFO] [GVHMRInference] HMR2 chunk 15/18
[08:18]   [ComfyUI] [SubprocessWorker] callback 'report_progress' from call_id=13
[08:18]   [ComfyUI] [SubprocessWorker] callback 'report_progress' from call_id=13
[08:18]   [ComfyUI] [SubprocessWorker] callback 'report_progress' from call_id=13
[08:19]   [ComfyUI] [worker:ComfyUI-MotionCapture] INFO: [GVHMRInference] HMR2 chunk 16/18
[08:19]   [ComfyUI] [05/18 18:09:32][INFO] [GVHMRInference] HMR2 chunk 16/18
[08:19]   [ComfyUI] [SubprocessWorker] callback 'report_progress' from call_id=13
[08:19]   [ComfyUI] [SubprocessWorker] callback 'report_progress' from call_id=13
[08:19]   [ComfyUI] [SubprocessWorker] callback 'report_progress' from call_id=13
[08:19]   [ComfyUI] [worker:ComfyUI-MotionCapture] INFO: [GVHMRInference] HMR2 chunk 17/18
[08:19]   [ComfyUI] [05/18 18:09:32][INFO] [GVHMRInference] HMR2 chunk 17/18
[08:19]   [ComfyUI] [SubprocessWorker] callback 'report_progress' from call_id=13
[08:19]   [capture-loop] iter=500 t=58.6s state={'complete': False, 'error': None, 'executedCount': 0, 'wsState': 1} eval_ms=8 ram=9.4/23.9GB (40%) swap=0.0/3.9GB (0%) cpu=56% browser_rss=0.75GB
[08:19]   [ComfyUI] [SubprocessWorker] callback 'report_progress' from call_id=13
[08:19]   [ComfyUI] [SubprocessWorker] callback 'report_progress' from call_id=13
[08:19]   [ComfyUI] [worker:ComfyUI-MotionCapture] INFO: [GVHMRInference] HMR2 chunk 18/18
[08:19]   [ComfyUI] [05/18 18:09:32][INFO] [GVHMRInference] HMR2 chunk 18/18
[08:20]   [ComfyUI] [SubprocessWorker] callback 'report_progress' from call_id=13
[08:20]   [ComfyUI] [worker:ComfyUI-MotionCapture] INFO: [Memory] After HMR2 pass: (unable to read /proc/self/status)
[08:20]   [ComfyUI] [05/18 18:09:33][INFO] [Memory] After HMR2 pass: (unable to read /proc/self/status)
[08:20]   [ComfyUI] [worker:ComfyUI-MotionCapture] INFO: [GVHMRInference] ViTPose complete: kp2d=torch.Size([551, 17, 3]) dtype=torch.float32
[08:20]   [ComfyUI] [05/18 18:09:33][INFO] [GVHMRInference] ViTPose complete: kp2d=torch.Size([551, 17, 3]) dtype=torch.float32
[08:20]   [ComfyUI] [worker:ComfyUI-MotionCapture] INFO: [GVHMRInference] HMR2 complete: f_imgseq=torch.Size([551, 1024]) dtype=torch.bfloat16
[08:20]   [ComfyUI] [05/18 18:09:33][INFO] [GVHMRInference] HMR2 complete: f_imgseq=torch.Size([551, 1024]) dtype=torch.bfloat16
[08:20]   [ComfyUI] [worker:ComfyUI-MotionCapture] INFO: [Memory] After all chunks processed: (unable to read /proc/self/status)
[08:20]   [ComfyUI] [05/18 18:09:33][INFO] [Memory] After all chunks processed: (unable to read /proc/self/status)
[08:21]   [ComfyUI] [worker:ComfyUI-MotionCapture] INFO: [GVHMRInference] Features offloaded to disk: C:\Users\ContainerUser\AppData\Local\Temp\f_imgseq_4rw2xt_e.safetensors
[08:21]   [ComfyUI] [05/18 18:09:34][INFO] [GVHMRInference] Features offloaded to disk: C:\Users\ContainerUser\AppData\Local\Temp\f_imgseq_4rw2xt_e.safetensors
[08:21]   [ComfyUI] [worker:ComfyUI-MotionCapture] INFO: [GVHMRInference] Using provided camera intrinsics, input shape: torch.Size([1, 3, 3])
[08:21]   [ComfyUI] [05/18 18:09:34][INFO] [GVHMRInference] Using provided camera intrinsics, input shape: torch.Size([1, 3, 3])
[08:21]   [ComfyUI] [worker:ComfyUI-MotionCapture] INFO: [GVHMRInference] Intrinsics fx=3278.2, fy=2455.5, cx=960.0, cy=540.0
[08:21]   [ComfyUI] [05/18 18:09:34][INFO] [GVHMRInference] Intrinsics fx=3278.2, fy=2455.5, cx=960.0, cy=540.0
[08:21]   [ComfyUI] [worker:ComfyUI-MotionCapture] INFO: [GVHMRInference] Camera mode: MOVING (vo_method=simple_vo)
[08:21]   [ComfyUI] [05/18 18:09:34][INFO] [GVHMRInference] Camera mode: MOVING (vo_method=simple_vo)
[08:21]   [ComfyUI] [worker:ComfyUI-MotionCapture] INFO: [GVHMRInference] Running SimpleVO for moving camera (scale=0.5, step=8)...
[08:21]   [ComfyUI] [05/18 18:09:34][INFO] [GVHMRInference] Running SimpleVO for moving camera (scale=0.5, step=8)...
[08:21]   [ComfyUI] [worker:ComfyUI-MotionCapture] INFO: [GVHMRInference] Using temp video: C:\Users\ContainerUser\AppData\Local\Temp\tmp74q63u6y.mp4 (551 frames)
[08:21]   [ComfyUI] [05/18 18:09:34][INFO] [GVHMRInference] Using temp video: C:\Users\ContainerUser\AppData\Local\Temp\tmp74q63u6y.mp4 (551 frames)
[08:21]   [ComfyUI] [worker:ComfyUI-MotionCapture] INFO: [GVHMRInference] SimpleVO params: f_mm=24, scale=0.5, step=8, method=sift
[08:21]   [ComfyUI] [05/18 18:09:34][INFO] [GVHMRInference] SimpleVO params: f_mm=24, scale=0.5, step=8, method=sift
[08:21]   [ComfyUI] [worker:ComfyUI-MotionCapture]
[08:21]   [ComfyUI] === WATCHDOG TICK 1 ===
[08:21]   [ComfyUI] [worker:ComfyUI-MotionCapture] Thread 0x00002264 (most recent call first):
[08:21]   [ComfyUI]   File "C:\Users\ContainerUser\AppData\Local\Programs\comfy-env\.pixi\envs\motioncapture-nodes\Lib\threading.py", line 363 in wait
[08:21]   [ComfyUI]   File "C:\Users\ContainerUser\AppData\Local\Programs\comfy-env\.pixi\envs\motioncapture-nodes\Lib\threading.py", line 660 in wait
[08:21]   [ComfyUI]   File "C:\Users\ContainerUser\AppData\Local\Programs\comfy-env\.pixi\envs\motioncapture-nodes\Lib\site-packages\tqdm\_monitor.py", line 60 in run
[08:21]   [ComfyUI]   File "C:\Users\ContainerUser\AppData\Local\Programs\comfy-env\.pixi\envs\motioncapture-nodes\Lib\threading.py", line 1044 in _bootstrap_inner
[08:21]   [ComfyUI]   File "C:\Users\ContainerUser\AppData\Local\Programs\comfy-env\.pixi\envs\motioncapture-nodes\Lib\threading.py", line 1015 in _bootstrap
[08:21]   [ComfyUI] 
[08:21]   [ComfyUI] Thread 0x000003fc (most recent call first):
[08:21]   [ComfyUI]   File "C:\Users\ContainerUser\AppData\Local\Temp\comfyui_pvenv_jggsdgx5\persistent_worker.py", line 106 in _vram_poller
[08:21]   [ComfyUI]   File "C:\Users\ContainerUser\AppData\Local\Programs\comfy-env\.pixi\envs\motioncapture-nodes\Lib\threading.py", line 995 in run
[08:21]   [ComfyUI]   File "C:\Users\ContainerUser\AppData\Local\Programs\comfy-env\.pixi\envs\motioncapture-nodes\Lib\threading.py", line 1044 in _bootstrap_inner
[08:21]   [ComfyUI]   File "C:\Users\ContainerUser\AppData\Local\Programs\comfy-env\.pixi\envs\motioncapture-nodes\Lib\threading.py", line 1015 in _bootstrap
[08:21]   [ComfyUI] 
[08:21]   [ComfyUI] Current thread 0x00002f30 (most recent call first):
[08:21]   [ComfyUI]   File "C:\Users\ContainerUser\AppData\Local\Temp\comfyui_pvenv_jggsdgx5\persistent_worker.py", line 52 in _watchdog
[08:21]   [ComfyUI]   File "C:\Users\ContainerUser\AppData\Local\Programs\comfy-env\.pixi\envs\motioncapture-nodes\Lib\threading.py", line 995 in run
[08:21]   [ComfyUI]   File "C:\Users\ContainerUser\AppData\Local\Programs\comfy-env\.pixi\envs\motioncapture-nodes\Lib\threading.py", line 1044 in _bootstrap_inner
[08:21]   [ComfyUI]   File "C:\Users\ContainerUser\AppData\Local\Programs\comfy-env\.pixi\envs\motioncapture-nodes\Lib\threading.py", line 1015 in _bootstrap
[08:21]   [ComfyUI] 
[08:21]   [ComfyUI] Thread 0x00001df8 (most recent call first):
[08:21]   [ComfyUI]   File "C:\Users\ContainerUser\AppData\Local\Programs\comfy-env\.pixi\envs\motioncapture-nodes\Lib\site-packages\imageio\plugins\pyav.py", line 1124 in _unpack_frame
[08:21]   [ComfyUI]   File "C:\Users\ContainerUser\AppData\Local\Programs\comfy-env\.pixi\envs\motioncapture-nodes\Lib\site-packages\imageio\plugins\pyav.py", line 597 in iter
[08:21]   [ComfyUI]   File "C:\Users\ContainerUser\AppData\Local\Programs\comfy-env\.pixi\envs\motioncapture-nodes\Lib\site-packages\imageio\plugins\pyav.py", line 483 in read
[08:21]   [ComfyUI]   File "C:\Users\ContainerUser\AppData\Local\Programs\comfy-env\.pixi\envs\motioncapture-nodes\Lib\site-packages\imageio\v3.py", line 54 in imread
[08:21]   [ComfyUI]   File "C:\workspaces\MotionCapture-1801\ComfyUI\custom_nodes\ComfyUI-MotionCapture\nodes\motion_utils\video_io_utils.py", line 40 in read_video_np
[08:21]   [ComfyUI]   File "C:\workspaces\MotionCapture-1801\ComfyUI\custom_nodes\ComfyUI-MotionCapture\nodes\motion_utils\simple_vo.py", line 28 in compute
[08:21]   [ComfyUI]   File "C:\workspaces\MotionCapture-1801\ComfyUI\custom_nodes\ComfyUI-MotionCapture\nodes\inference_node.py", line 667 in prepare_data_from_videos
[08:21]   [ComfyUI]   File "C:\workspaces\MotionCapture-1801\ComfyUI\custom_nodes\ComfyUI-MotionCapture\nodes\inference_node.py", line 775 in execute
[08:21]   [ComfyUI]   File "C:\workspaces\MotionCapture-1801\ComfyUI\comfy_api\latest\_io.py", line 1833 in EXECUTE_NORMALIZED
[08:21]   [ComfyUI]   File "C:\Users\ContainerUser\AppData\Local\Temp\comfyui_pvenv_jggsdgx5\persistent_worker.py", line 1762 in main
[08:21]   [ComfyUI]   File "C:\Users\ContainerUser\AppData\Local\Temp\comfyui_pvenv_jggsdgx5\persistent_worker.py", line 1807 in <module>
[08:21]   [ComfyUI] 
[08:21]   [ComfyUI] [worker:ComfyUI-MotionCapture] === END ===
[08:21]   [ComfyUI] 
[08:24]   [ComfyUI] [worker:ComfyUI-MotionCapture] INFO: Choosen frames shape: (70, 540, 960, 3)
[08:24]   [ComfyUI] [05/18 18:09:37][INFO] Choosen frames shape: (70, 540, 960, 3)
[08:24]   [ComfyUI] [SubprocessWorker] callback 'report_progress' from call_id=13
[08:24]   [ComfyUI] [SubprocessWorker] callback 'report_progress' from call_id=13
[08:25]   [ComfyUI] [SubprocessWorker] callback 'report_progress' from call_id=13
[08:25]   [ComfyUI] [SubprocessWorker] callback 'report_progress' from call_id=13
[08:25]   [ComfyUI] [worker:ComfyUI-MotionCapture] Traceback (most recent call last):
[08:25]   [ComfyUI] 
[08:25]   [ComfyUI] [worker:ComfyUI-MotionCapture]   File "C:\workspaces\MotionCapture-1801\ComfyUI\custom_nodes\ComfyUI-MotionCapture\nodes\inference_node.py", line 667, in prepare_data_from_videos
[08:25]   [ComfyUI]     T_w2c_list = vo.compute()
[08:25]   [ComfyUI] 
[08:25]   [ComfyUI] [worker:ComfyUI-MotionCapture]   File "C:\workspaces\MotionCapture-1801\ComfyUI\custom_nodes\ComfyUI-MotionCapture\nodes\motion_utils\simple_vo.py", line 44, in compute
[08:25]   [ComfyUI]     T_w2c_list = self.process_video_T_w2c_list_np(frames, matcher, solver)
[08:25]   [ComfyUI] 
[08:25]   [ComfyUI] [worker:ComfyUI-MotionCapture]   File "C:\workspaces\MotionCapture-1801\ComfyUI\custom_nodes\ComfyUI-MotionCapture\nodes\motion_utils\simple_vo.py", line 62, in process_video_T_w2c_list_np
[08:25]   [ComfyUI]     T_delta = solver.solve(pts0, pts1)  # T_delta = T_curr @ T_last^-1
[08:25]   [ComfyUI] 
[08:25]   [ComfyUI] [worker:ComfyUI-MotionCapture]   File "C:\workspaces\MotionCapture-1801\ComfyUI\custom_nodes\ComfyUI-MotionCapture\nodes\motion_utils\solver_two_view.py", line 140, in solve
[08:25]   [ComfyUI]     return self.solver.solve(pts0, pts1)
[08:25]   [ComfyUI]            ~~~~~~~~~~~~~~~~~^^^^^^^^^^^^
[08:25]   [ComfyUI] 
[08:25]   [ComfyUI] [worker:ComfyUI-MotionCapture]   File "C:\workspaces\MotionCapture-1801\ComfyUI\custom_nodes\ComfyUI-MotionCapture\nodes\motion_utils\solver_two_view.py", line 109, in solve
[08:25]   [ComfyUI]     Rt = answer.cam2_from_cam1.matrix().astype(np.float32)  # shape (3, 4)
[08:25]   [ComfyUI]          ^^^^^^^^^^^^^^^^^^^^^^^^^^^^
[08:25]   [ComfyUI] 
[08:25]   [ComfyUI] [worker:ComfyUI-MotionCapture] AttributeError: 'NoneType' object has no attribute 'matrix'
[08:25]   [ComfyUI] 
[08:25]   [ComfyUI] [worker:ComfyUI-MotionCapture] ERROR: [GVHMRInference] Visual odometry failed: 'NoneType' object has no attribute 'matrix'
[08:25]   [ComfyUI] [worker:ComfyUI-MotionCapture] Traceback (most recent call last):
[08:25]   [ComfyUI] 
[08:25]   [ComfyUI] [worker:ComfyUI-MotionCapture]   File "C:\workspaces\MotionCapture-1801\ComfyUI\custom_nodes\ComfyUI-MotionCapture\nodes\inference_node.py", line 667, in prepare_data_from_videos
[08:25]   [ComfyUI]     T_w2c_list = vo.compute()
[08:25]   [ComfyUI] 
[08:25]   [ComfyUI] [worker:ComfyUI-MotionCapture]   File "C:\workspaces\MotionCapture-1801\ComfyUI\custom_nodes\ComfyUI-MotionCapture\nodes\motion_utils\simple_vo.py", line 44, in compute
[08:25]   [ComfyUI]     T_w2c_list = self.process_video_T_w2c_list_np(frames, matcher, solver)
[08:25]   [ComfyUI] 
[08:25]   [ComfyUI] [worker:ComfyUI-MotionCapture]   File "C:\workspaces\MotionCapture-1801\ComfyUI\custom_nodes\ComfyUI-MotionCapture\nodes\motion_utils\simple_vo.py", line 62, in process_video_T_w2c_list_np
[08:25]   [ComfyUI]     T_delta = solver.solve(pts0, pts1)  # T_delta = T_curr @ T_last^-1
[08:25]   [ComfyUI] 
[08:25]   [ComfyUI] [worker:ComfyUI-MotionCapture]   File "C:\workspaces\MotionCapture-1801\ComfyUI\custom_nodes\ComfyUI-MotionCapture\nodes\motion_utils\solver_two_view.py", line 140, in solve
[08:25]   [ComfyUI]     return self.solver.solve(pts0, pts1)
[08:25]   [ComfyUI]            ~~~~~~~~~~~~~~~~~^^^^^^^^^^^^
[08:25]   [ComfyUI] 
[08:25]   [ComfyUI] [worker:ComfyUI-MotionCapture]   File "C:\workspaces\MotionCapture-1801\ComfyUI\custom_nodes\ComfyUI-MotionCapture\nodes\motion_utils\solver_two_view.py", line 109, in solve
[08:25]   [ComfyUI]     Rt = answer.cam2_from_cam1.matrix().astype(np.float32)  # shape (3, 4)
[08:25]   [ComfyUI]          ^^^^^^^^^^^^^^^^^^^^^^^^^^^^
[08:25]   [ComfyUI] 
[08:25]   [ComfyUI] [worker:ComfyUI-MotionCapture] AttributeError: 'NoneType' object has no attribute 'matrix'
[08:25]   [ComfyUI] 
[08:25]   [ComfyUI] [05/18 18:09:38][ERROR] [GVHMRInference] Visual odometry failed: 'NoneType' object has no attribute 'matrix'
[08:25]   [ComfyUI] [worker:ComfyUI-MotionCapture] WARNING: [GVHMRInference] Falling back to static camera
[08:25]   [ComfyUI] [05/18 18:09:38][WARNING] [GVHMRInference] Falling back to static camera
[08:25]   [ComfyUI] [worker:ComfyUI-MotionCapture] INFO: [GVHMRInference] R_w2c: torch.Size([551, 3, 3]), t_w2c: None
[08:25]   [ComfyUI] [05/18 18:09:38][INFO] [GVHMRInference] R_w2c: torch.Size([551, 3, 3]), t_w2c: None
[08:25]   [ComfyUI] [worker:ComfyUI-MotionCapture] INFO: [GVHMRInference] cam_angvel: torch.Size([551, 6])
[08:25]   [ComfyUI] [05/18 18:09:38][INFO] [GVHMRInference] cam_angvel: torch.Size([551, 6])
[08:25]   [ComfyUI] [worker:ComfyUI-MotionCapture] INFO: [GVHMRInference] === Data dict summary ===
[08:25]   [ComfyUI] [05/18 18:09:38][INFO] [GVHMRInference] === Data dict summary ===
[08:25]   [ComfyUI] [worker:ComfyUI-MotionCapture] INFO: [GVHMRInference]   length: torch.Size([]) dtype=torch.int64
[08:25]   [ComfyUI] [05/18 18:09:38][INFO] [GVHMRInference]   length: torch.Size([]) dtype=torch.int64
[08:25]   [ComfyUI] [worker:ComfyUI-MotionCapture] INFO: [GVHMRInference]   bbx_xys: torch.Size([551, 3]) dtype=torch.float32
[08:25]   [ComfyUI] [05/18 18:09:38][INFO] [GVHMRInference]   bbx_xys: torch.Size([551, 3]) dtype=torch.float32
[08:25]   [ComfyUI] [worker:ComfyUI-MotionCapture] INFO: [GVHMRInference]   kp2d: torch.Size([551, 17, 3]) dtype=torch.float32
[08:25]   [ComfyUI] [05/18 18:09:38][INFO] [GVHMRInference]   kp2d: torch.Size([551, 17, 3]) dtype=torch.float32
[08:25]   [ComfyUI] [worker:ComfyUI-MotionCapture] INFO: [GVHMRInference]   K_fullimg: torch.Size([551, 3, 3]) dtype=torch.float32
[08:25]   [ComfyUI] [05/18 18:09:38][INFO] [GVHMRInference]   K_fullimg: torch.Size([551, 3, 3]) dtype=torch.float32
[08:25]   [ComfyUI] [worker:ComfyUI-MotionCapture] INFO: [GVHMRInference]   cam_angvel: torch.Size([551, 6]) dtype=torch.float32
[08:25]   [ComfyUI] [05/18 18:09:38][INFO] [GVHMRInference]   cam_angvel: torch.Size([551, 6]) dtype=torch.float32
[08:25]   [ComfyUI] [worker:ComfyUI-MotionCapture] INFO: [GVHMRInference]   f_imgseq: None
[08:25]   [ComfyUI] [05/18 18:09:38][INFO] [GVHMRInference]   f_imgseq: None
[08:25]   [ComfyUI] [worker:ComfyUI-MotionCapture] INFO: [GVHMRInference]   f_imgseq_path: str = C:\Users\ContainerUser\AppData\Local\Temp\f_imgseq_4rw2xt_e.safetensors
[08:25]   [ComfyUI] [05/18 18:09:38][INFO] [GVHMRInference]   f_imgseq_path: str = C:\Users\ContainerUser\AppData\Local\Temp\f_imgseq_4rw2xt_e.safetensors
[08:25]   [ComfyUI] [worker:ComfyUI-MotionCapture] INFO: [Memory] End of prepare_data_from_videos: (unable to read /proc/self/status)
[08:25]   [ComfyUI] [05/18 18:09:38][INFO] [Memory] End of prepare_data_from_videos: (unable to read /proc/self/status)
[08:25]   [ComfyUI] [worker:ComfyUI-MotionCapture] INFO: [GVHMRInference] Reloading features from disk...
[08:25]   [ComfyUI] [05/18 18:09:38][INFO] [GVHMRInference] Reloading features from disk...
[08:25]   [ComfyUI] [worker:ComfyUI-MotionCapture] INFO: [GVHMRInference] Features reloaded from disk
[08:25]   [ComfyUI] [05/18 18:09:38][INFO] [GVHMRInference] Features reloaded from disk
[08:25]   [ComfyUI] [SubprocessWorker] callback 'request_vram_budget' from call_id=13
[08:25]   [ComfyUI] [comfy-env] VRAM request: 0.08GB, free before eviction: 7.36GB
[08:25]   [ComfyUI] [comfy-env] VRAM after eviction: 7.36GB
[08:25]   [ComfyUI] [worker:ComfyUI-MotionCapture] INFO: Requested to load DemoPL
[08:25]   [ComfyUI] [05/18 18:09:38][INFO] Requested to load DemoPL
[08:25]   [ComfyUI] [worker:ComfyUI-MotionCapture] INFO: loaded completely; 3053.49 MB usable, 77.90 MB loaded, full load: True
[08:25]   [ComfyUI] [05/18 18:09:38][INFO] loaded completely; 3053.49 MB usable, 77.90 MB loaded, full load: True
[08:25]   [ComfyUI] [worker:ComfyUI-MotionCapture] INFO: [Memory] Before GVHMR predict: (unable to read /proc/self/status)
[08:25]   [ComfyUI] [05/18 18:09:38][INFO] [Memory] Before GVHMR predict: (unable to read /proc/self/status)
[08:25]   [ComfyUI] [worker:ComfyUI-MotionCapture] INFO: [GVHMRInference] Running GVHMR model (static_cam=False)...
[08:25]   [ComfyUI] [05/18 18:09:38][INFO] [GVHMRInference] Running GVHMR model (static_cam=False)...
[08:25]   [ComfyUI] [worker:ComfyUI-MotionCapture] INFO: [GVHMRInference] === Pre-predict data shapes ===
[08:25]   [ComfyUI] [05/18 18:09:38][INFO] [GVHMRInference] === Pre-predict data shapes ===
[08:25]   [ComfyUI] [worker:ComfyUI-MotionCapture] INFO: [GVHMRInference]   data[length]: torch.Size([]) dtype=torch.int64 device=cpu
[08:25]   [ComfyUI] [05/18 18:09:38][INFO] [GVHMRInference]   data[length]: torch.Size([]) dtype=torch.int64 device=cpu
[08:25]   [ComfyUI] [worker:ComfyUI-MotionCapture] INFO: [GVHMRInference]   data[bbx_xys]: torch.Size([551, 3]) dtype=torch.float32 device=cpu
[08:25]   [ComfyUI] [05/18 18:09:38][INFO] [GVHMRInference]   data[bbx_xys]: torch.Size([551, 3]) dtype=torch.float32 device=cpu
[08:25]   [ComfyUI] [worker:ComfyUI-MotionCapture] INFO: [GVHMRInference]   data[kp2d]: torch.Size([551, 17, 3]) dtype=torch.float32 device=cpu
[08:25]   [ComfyUI] [05/18 18:09:38][INFO] [GVHMRInference]   data[kp2d]: torch.Size([551, 17, 3]) dtype=torch.float32 device=cpu
[08:25]   [ComfyUI] [worker:ComfyUI-MotionCapture] INFO: [GVHMRInference]   data[K_fullimg]: torch.Size([551, 3, 3]) dtype=torch.float32 device=cpu
[08:25]   [ComfyUI] [05/18 18:09:38][INFO] [GVHMRInference]   data[K_fullimg]: torch.Size([551, 3, 3]) dtype=torch.float32 device=cpu
[08:25]   [ComfyUI] [worker:ComfyUI-MotionCapture] INFO: [GVHMRInference]   data[cam_angvel]: torch.Size([551, 6]) dtype=torch.float32 device=cpu
[08:25]   [ComfyUI] [05/18 18:09:38][INFO] [GVHMRInference]   data[cam_angvel]: torch.Size([551, 6]) dtype=torch.float32 device=cpu
[08:25]   [capture-loop] iter=550 t=64.5s state={'complete': False, 'error': None, 'executedCount': 0, 'wsState': 1} eval_ms=6 ram=8.9/23.9GB (37%) swap=0.0/3.9GB (0%) cpu=27% browser_rss=0.74GB
[08:25]   [ComfyUI] [worker:ComfyUI-MotionCapture] INFO: [GVHMRInference]   data[f_imgseq]: torch.Size([551, 1024]) dtype=torch.bfloat16 device=cpu
[08:25]   [ComfyUI] [05/18 18:09:38][INFO] [GVHMRInference]   data[f_imgseq]: torch.Size([551, 1024]) dtype=torch.bfloat16 device=cpu
[08:26]   Frame 15 saved (frame_014.jpg, t=65.5s)
[08:26]   [capture-periodic] freeze=3ms shot=89ms unfreeze=6ms saved=True
[08:27]   [ComfyUI] [worker:ComfyUI-MotionCapture] INFO: [Memory] After GVHMR predict: (unable to read /proc/self/status)
[08:27]   [ComfyUI] [05/18 18:09:40][INFO] [Memory] After GVHMR predict: (unable to read /proc/self/status)
[08:27]   [ComfyUI] [worker:ComfyUI-MotionCapture] INFO: [GVHMRInference] Saved SMPL params to: C:\workspaces\MotionCapture-1801\ComfyUI\output\smpl_params_0002.npz
[08:27]   [ComfyUI] [05/18 18:09:40][INFO] [GVHMRInference] Saved SMPL params to: C:\workspaces\MotionCapture-1801\ComfyUI\output\smpl_params_0002.npz
[08:27]   [ComfyUI] [worker:ComfyUI-MotionCapture] INFO: [GVHMRInference] Inference complete!
[08:27]   [ComfyUI] [05/18 18:09:40][INFO] [GVHMRInference] Inference complete!
[08:27]   [ComfyUI] [worker:ComfyUI-MotionCapture] INFO: [Memory] Final (before return): (unable to read /proc/self/status)
[08:27]   [ComfyUI] [05/18 18:09:40][INFO] [Memory] Final (before return): (unable to read /proc/self/status)
[08:27]   [ComfyUI] [SubprocessWorker] got response: ok
[08:27]   [ComfyUI] [comfy-env] Created 3 model patchers: ['VitPoseModel_1', 'HMR2_2', 'DemoPL_3']
[08:27]   [ComfyUI] [comfy-env] GVHMRInference done (61.79s): result: NodeOutput
[08:27]   [ComfyUI] [VRAM] After GVHMRInference: 1130 / 8150 MB
[08:27]   [ComfyUI] [VRAM] Loaded: SubprocessModel (89 MB), SubprocessModel (1278 MB), SubprocessModel (1215 MB)
[08:27]   [ComfyUI] [comfy-env] Running SMPLViewer: npz_path: 'C:\\workspaces\\MotionCapture-1801\\ComfyUI\\output\\smp..., frame_skip: 1, mesh_color: '#4a9eff'
[08:27]   [ComfyUI] [VRAM] Before SMPLViewer: 1130 / 8150 MB
[08:27]   [ComfyUI] [VRAM] Loaded: SubprocessModel (89 MB), SubprocessModel (1278 MB), SubprocessModel (1215 MB)
[08:27]   [ComfyUI] [SubprocessWorker] call_method: nodes.viewer_node.SMPLViewer.EXECUTE_NORMALIZED
[08:27]   [ComfyUI] [SubprocessWorker] acquired lock, ensuring started...
[08:27]   [ComfyUI] [ComfyUI-MotionCapture] Health check: ping (timeout=5.0s)...
[08:27]   [ComfyUI] [ComfyUI-MotionCapture] Health check: ok
[08:27]   [ComfyUI] [SubprocessWorker] worker started/confirmed
[08:27]   [ComfyUI] [SubprocessWorker] serializing kwargs to shm...
[08:27]   [ComfyUI] [SubprocessWorker] created 0 shm blocks
[08:27]   [ComfyUI] [SubprocessWorker] sending request via socket...
[08:27]   [ComfyUI] [SubprocessWorker] call_id=14 sending call_method
[08:27]   [ComfyUI] [worker:ComfyUI-MotionCapture] INFO: [SMPLViewer] Generating 3D mesh data for visualization...
[08:27]   [ComfyUI] [05/18 18:09:40][INFO] [SMPLViewer] Generating 3D mesh data for visualization...
[08:27]   [ComfyUI] [worker:ComfyUI-MotionCapture] INFO: [SMPLViewer] Loading SMPL parameters from: C:\workspaces\MotionCapture-1801\ComfyUI\output\smpl_params_0002.npz
[08:27]   [ComfyUI] [05/18 18:09:40][INFO] [SMPLViewer] Loading SMPL parameters from: C:\workspaces\MotionCapture-1801\ComfyUI\output\smpl_params_0002.npz
[08:27]   [ComfyUI] [worker:ComfyUI-MotionCapture] INFO: [SMPLViewer] Processing 551 frames (skip=1)
[08:27]   [ComfyUI] [05/18 18:09:40][INFO] [SMPLViewer] Processing 551 frames (skip=1)
[08:28]   Frame 16 saved (frame_015.jpg, t=67.7s)
[08:28]   [capture-periodic] freeze=3ms shot=91ms unfreeze=5ms saved=True
[08:31]   [capture-loop] iter=600 t=70.3s state={'complete': False, 'error': None, 'executedCount': 0, 'wsState': 1} eval_ms=3 ram=9.8/23.9GB (41%) swap=0.0/3.9GB (0%) cpu=19% browser_rss=0.75GB
[08:32]   [ComfyUI] [worker:ComfyUI-MotionCapture] INFO: [SMPLViewer] Generated mesh: 551 frames, 6890 vertices, 13776 faces
[08:32]   [ComfyUI] [05/18 18:09:45][INFO] [SMPLViewer] Generated mesh: 551 frames, 6890 vertices, 13776 faces
[08:32]   [ComfyUI] [worker:ComfyUI-MotionCapture] INFO: [SMPLViewer] Wrote smpl_mesh_0002.bin (43.6 MB)
[08:32]   [ComfyUI] [05/18 18:09:45][INFO] [SMPLViewer] Wrote smpl_mesh_0002.bin (43.6 MB)
[08:33]   [ComfyUI] [SubprocessWorker] got response: ok
[08:33]   [ComfyUI] [comfy-env] Created 1 model patchers: ['SMPLX_4']
[08:33]   [ComfyUI] [comfy-env] SMPLViewer done (5.12s): result: NodeOutput
[08:33]   [ComfyUI] [VRAM] After SMPLViewer: 1130 / 8150 MB
[08:33]   [ComfyUI] [VRAM] Loaded: SubprocessModel (65 MB), SubprocessModel (89 MB), SubprocessModel (1278 MB), SubprocessModel (1215 MB)
[08:33]   [ComfyUI] Prompt executed in 71.87 seconds
[08:33]   [ComfyUI] [comfy-env] [VRAM] Before offload 'SMPLX_4' (65 MB) -> cpu: 1130 / 8150 MB
[08:33]   [ComfyUI] [ComfyUI-MotionCapture] Health check: ping (timeout=5.0s)...
[08:33]   [ComfyUI] [ComfyUI-MotionCapture] Health check: ok
[08:33]   [ComfyUI] [SubprocessWorker] call_id=15 sending model_to_device
[08:33]   [ComfyUI] [comfy-env] [VRAM] After offload 'SMPLX_4' (65 MB): 1130 / 8150 MB
[08:33]   Node executed (1 total), capturing...
[08:33]   [ComfyUI] [comfy-env] [VRAM] Before offload 'DemoPL_3' (89 MB) -> cpu: 1130 / 8150 MB
[08:33]   [ComfyUI] [ComfyUI-MotionCapture] Health check: ping (timeout=5.0s)...
[08:33]   [ComfyUI] [ComfyUI-MotionCapture] Health check: ok
[08:33]   [ComfyUI] [SubprocessWorker] call_id=16 sending model_to_device
[08:33]   [ComfyUI] [comfy-env] [VRAM] After offload 'DemoPL_3' (89 MB): 1130 / 8150 MB
[08:33]   [ComfyUI] [comfy-env] [VRAM] Before offload 'VitPoseModel_1' (1215 MB) -> cpu: 1130 / 8150 MB
[08:33]   [ComfyUI] [ComfyUI-MotionCapture] Health check: ping (timeout=5.0s)...
[08:33]   [ComfyUI] [ComfyUI-MotionCapture] Health check: ok
[08:33]   [ComfyUI] [SubprocessWorker] call_id=17 sending model_to_device
[08:33]   [ComfyUI] [worker:ComfyUI-MotionCapture] [VRAM] -478MB (now 2026MB) reserved=2528MB peak=2662MB
[08:33]   [ComfyUI] [comfy-env] [VRAM] After offload 'VitPoseModel_1' (1215 MB): 1130 / 8150 MB
[08:33]   [ComfyUI] [comfy-env] [VRAM] Before offload 'HMR2_2' (1278 MB) -> cpu: 1130 / 8150 MB
[08:33]   [ComfyUI] [ComfyUI-MotionCapture] Health check: ping (timeout=5.0s)...
[08:33]   [ComfyUI] [ComfyUI-MotionCapture] Health check: ok
[08:33]   [ComfyUI] [SubprocessWorker] call_id=18 sending model_to_device
[08:33]   Frame 17 saved (frame_016.jpg, t=72.2s)
[08:33]   [capture-node] freeze=317ms shot=119ms unfreeze=0ms saved=True
[08:33]   Execution complete (t=72.2s)
[08:33]   Captured 17 unique frames over 72.65s
[08:33]   [debug] iframes: 0
[08:33]   [timing] trigger_3d_previews: 0.0s
[08:33]   [ComfyUI] [comfy-env] [VRAM] After offload 'HMR2_2' (1278 MB): 1130 / 8150 MB
[08:35]   Saved high-quality screenshot: GVHMR_cameramotion_executed.png
[08:35]   [timing] final_screenshot: 0.2s
[08:36]   [4/5] SKIPPED (not in gpu list) load_camera_traj.json
[08:36]   [5/5] SKIPPED (not in gpu list) smpl_to_bvh_pipeline.json
[08:36] Results saved to C:\logs\MotionCapture-1801\dev\windows-gpu\results.json
[08:36] Model report: 18 files, 5.6 GB -> C:\logs\MotionCapture-1801\dev\windows-gpu\models.json
[08:36] Saved: C:\logs\MotionCapture-1801\dev\windows-gpu\index.html
[08:36] [EXECUTION] PASSED
[08:36] 
windows: PASSED
[08:36] Stopping ComfyUI server...
